2,11
157
2,7,17
3,5,5,5
3,3,3,17
3,3,61
3,3,3,23
7,107
2,3,137
2,2,241
2,13,41
19,61
5,7,37
2,2,7,7,7
2,2,2,2,2,2,23
1583
2,2,2,2,2,2,5,5
17,101
11,13,13
3,11,59
2,1049
2,5,211
3,3,13,19
17,139
13,191
2,2,3,211
3,29,31
2,2,2,3,5,23
2,17,83
2,2,739
2,2,3,251
3,17,61
3253
2,1657
2,5,347
2,11,163
3,3,401
2,5,7,53
2,2,971
2,3,3,7,31
3,3,5,7,13
3,11,127
2,2131
4363
2,2,19,59
19,241
2,2,2,2,293
2,2,3,3,131
3,1621
7,701
3,7,241
3,1721
2,2621
7,761
5,5,7,31
5,5,13,17
2,5,5,113
2,3,3,11,29
2,3,3,3,109
2,13,227
5,5,241
2,2,2,13,59
2,2,2,3,7,37
2,2,2,7,113
6491
3,37,59
7,953
2,5,673
3,3,3,3,5,17
2,2,3,5,5,23
3,5,11,43
2,37,97
19,383
2,2,2,11,83
2,3,17,73
2,2,7,269
2,3821
7,1109
2,3923
2,5,17,47
3,2671
2,2,2,2,7,73
3,41,67
2,2,2,2,2,3,3,29
2,3,5,281
11,11,71
8681
3,3,971
2,2,2,11,101
2,2,3,3,3,83
2,7,647
5,5,367
2,2,2,3,3,3,43
2,2,3,19,41
2,2,17,139
73,131
9629
2,5,971
9887
2,4951
2,29,173
2,3,1697
2,3,5,11,31
2,2,2,1289
53,197
10589
59,181
2,3,3,3,199
3,19,191
2,2,2,2,5,137
2,2,2,5,277
71,157
17,661
2,5657
7,1637
2,2,11,263
29,401
2,2,5,587
2,2,2,2,2,2,5,37
2,53,113
5,2411
2,2,11,277
12253
3,4133
5,5,499
2,2,2,5,313
3,3,17,83
7,23,79
2,2,2,3,3,179
3,13,331
2,2,2,1627
2,29,227
2,2,2,5,331
2,2,5,23,29
3,7,641
83,163
2,7,977
2,2,2,2,2,3,11,13
2,2,2,2,3,17,17
7,11,181
2,3,2339
7,43,47
61,233
3,19,251
14479
14551
2,7,7,149
3,7,701
3,3,13,127
5,11,271
31,487
2,3,5,5,101
2,2,2,1901
2,2,2,17,113
2,3,3,3,7,41
2,5,5,311
2,7823
5,23,137
15889
3,7,761
83,193
2,8059
3,5413
3,7,19,41
2,8233
3,3,5,367
5,47,71
2,2,5,839
16889
16963
43,397
2,3,3,953
2,3,3,31,31
3,3,41,47
2,7,11,113
2,2,2,13,13,13
2,2,3,3,3,163
2,2,2,5,443
2,2,3,3,3,3,5,11
3,5987
2,2,4507
5,3623
7,7,373
2,5,11,167
2,3,3079
2,3,5,617
5,3739
3,7,19,47
2,9403
5,5,757
19087
3,5,1279
5,17,227
2,2,11,439
11,29,61
3,23,283
2,9817
47,421
3,3,3,3,5,7,7
2,3,3,11,101
2,11,11,83
2,2,2,2,2,631
2,11,919
3,7,967
3,3,2273
2,2,2,2,5,257
47,439
5,7,593
2,2,13,401
13,1613
29,727
61,347
7,3037
2,2,73,73
2,3,3,3,397
5,5,863
21611
2,2,2,2719
2,17,643
7,3137
3,3,11,223
22111
2,2,5557
2,3,3,11,113
3,3,47,53
22549
22699
2,2,3,7,271
13,1759
2,5,2297
3,3,3,3,3,5,19
5,11,421
2,2,7,829
2,2,5839
2,11731
2,3,3919
2,7,19,89
23767
23,1039
3,3,2659
2,5,29,83
2,3,5,5,7,23
2,2,2,3,1009
109,223
2,5,2447
24551
2,3,3,1367
3,3,3,3,5,61
23,23,47
5,7,23,31
2,2,6269
2,2,3,2099
2,2,2,2,3,17,31
2,2,2,3,7,151
2,2,3,13,163
17,19,79
2,2,43,149
107,241
2,3,11,17,23
3,7,1237
3,3,11,263
2,3,4357
2,7,1873
29,907
2,2,5,1321
7,3797
3,7,7,181
2,3,3,3,3,3,5,11
13,2069
11,31,79
2,7,1931
2,3,5,5,181
2,13,1049
151,181
2,5,2741
2,5,31,89
2,2,2,3461
3,47,197
2,2,2,59,59
23,1217
11,2549
28183
28229
2,2,2,3541
2,2,3,3,3,263
2,2,7127
28627
2,3,3,1597
83,347
2,2,2,2,13,139
47,619
3,3,7,463
2,2,2,5,17,43
7,59,71
2,5,7,421
3,7,1409
47,631
29761
5,5,1193
17,41,43
2,15031
109,277
2,2,3,2521
5,11,19,29
2,23,661
2,2,2,2,2,2,3,3,53
3,101,101
2,15359
30829
5,6197
3,11,941
2,3,5,1039
2,15601
2,2,47,167
2,2,2,3931
31567
79,401
2,2,2,3967
2,3,5,1061
2,2,3,2659
11,2917
2,16063
2,2,8053
139,233
2,2,8123
2,2,3,3,3,7,43
3,3,3,3,13,31
32749
5,5,5,263
2,3,17,17,19
3,101,109
7,7,677
3,11087
2,2,2,3,13,107
2,2,2,4177
2,2,2,3,11,127
33619
3,7,1609
5,7,967
3,5,31,73
3,7,1621
2,2,2,4273
34259
2,3,11,521
5,7,983
2,17291
2,17,1019
23,1511
2,3,5807
3,7,1663
2,2,2,3,3,487
2,2,2,23,191
2,3,3,3,653
2,19,929
2,3,23,257
2,2,13,683
179,199
103,347
7,47,109
5,7193
2,2,2,2,2,2,563
2,3,3,7,7,41
2,3,6037
3,7,1733
3,12143
11,3323
61,601
2,3,6131
7,11,479
36929
5,5,1481
2,7,11,241
2,2,3,13,239
37337
2,2,2,2,2,7,167
2,18793
2,2,2,2,2,11,107
2,2,2,3,1571
7,11,491
3,3,3,5,281
2,7,11,13,19
2,17,1123
5,13,19,31
3,12791
3,12823
2,2,2,3,3,5,107
38609
13,13,229
7,5557
5,11,709
2,19543
39199
3,3,4357
2,2,3,7,7,67
2,3,3,3,17,43
37,1069
2,2,2,2,3,827
3,3,5,883
3,13,1021
2,2,2,4993
2,5,4001
2,17,1181
167,241
40361
5,59,137
2,2,7,1447
2,2,11,13,71
7,5821
2,13,1571
2,2,3,5,683
19,2161
3,5,2741
61,677
2,2,23,449
3,3,43,107
2,2,2,5189
2,2,7,1489
2,2,2,2,7,373
41887
41903
2,21011
3,7,7,7,41
2,2,2,3,3,587
2,2,71,149
5,5,1697
2,3,3,5,11,43
5,8539
42719
5,11,19,41
2,47,457
41,1051
103,419
3,3,3,1601
2,3,3,29,83
2,5,4349
2,11,1979
2,2,2,2,2731
2,3,5,1459
43,1019
2,2,2,2,2749
7,7,29,31
2,2,2,3,3,613
2,5,19,233
73,607
3,13,17,67
2,3,7417
3,14879
3,5,19,157
2,2,3,37,101
2,43,523
5,9013
3,3,5021
5,5,1811
7,6473
45491
71,641
103,443
2,5,19,241
2,2,2,11,521
2,22961
2,2,2,7,823
13,53,67
2,2,31,373
3,43,359
3,113,137
2,23269
2,2,2,5,5,233
19,2459
2,2,2,2,2927
2,3,41,191
3,15679
3,79,199
2,2,7,7,241
2,23669
3,15809
2,3,5,5,317
2,2,2,3,5,397
47791
2,2,2,2,2,2,3,3,83
2,2,67,179
3,13,1231
2,7,7,491
109,443
2,3,83,97
2,2,12107
2,17,1429
48677
17,19,151
2,2,3,7,7,83
2,5,5,11,89
49019
2,67,367
7,79,89
13,3793
2,11,13,173
7,11,643
2,19,1307
49711
7,7121
49919
19,2633
50129
3,11,1523
50377
3,16831
2,2,5,7,19,19
11,11,419
2,2,3,4229
2,2,12703
127,401
2,3,3,3,3,3,3,5,7
2,2,11,1163
2,11,17,137
5,19,541
2,2,2,3,3,5,11,13
2,2,3,5,859
2,5,13,397
2,3,89,97
2,2,3,3,1439
2,13,1997
2,2,2,2,2,1627
2,2,2,2,2,2,5,163
2,3,3,3,967
3,107,163
3,17467
2,2,2,2,3,3,5,73
2,26347
2,2,3,3,5,293
2,29,911
191,277
2,2,3,7,631
2,26557
3,17747
2,5,19,281
2,2,2,3,5,5,89
17,47,67
7,11,17,41
3,17909
2,11,31,79
3,41,439
2,2,11,1229
3,18049
2,2,2,2,3389
2,101,269
2,2,2,2,41,83
3,31,587
2,23,29,41
23,2381
54877
11,4999
3,18341
3,18371
167,331
7,7,1129
2,7,37,107
2,37,751
2,17,1637
47,1187
2,27941
2,2,17,823
2,28027
56123
2,19,1481
2,2,3,3,5,313
2,3,97,97
2,3,9421
2,7,13,311
3,3,6301
56857
7,79,103
2,2,3,3,5,317
2,7,4079
7,11,743
2,7,17,241
11,17,307
13,43,103
2,28843
57709
3,3,59,109
3,13,1487
5,13,19,47
58189
2,11,2647
58379
2,2,47,311
58537
2,109,269
5,31,379
58897
2,2,2,3,5,491
2,2,11,17,79
2,2,2,7393
2,2,2,11,673
5,11867
7,13,653
2,2,5,13,229
59663
3,3,7,13,73
3,19937
2,5,5,11,109
2,2,2,2,3,3,3,139
59,1019
60293
60397
60443
3,3,5,5,269
7,7,1237
2,30389
2,2,2,7,1087
2,2,2,5,1523
3,5,4073
5,5,2447
3,31,659
2,3,11,929
2,3,29,353
2,2,2,43,179
2,2,2,3,7,367
2,2,2,2,2,2,5,193
2,2,31,499
2,7,19,233
2,7,43,103
2,2,2,17,457
2,2,2,2,17,229
62303
2,2,2,2,2,2,2,2,2,2,61
62539
29,2161
2,3,10457
2,3,3,7,499
2,2,2,7873
59,1069
3,37,569
2,7,4519
63311
2,2,3,3,41,43
2,2,3,7,757
63647
13,4903
3,5,4259
3,3,5,7,7,29
2,2,2,8011
5,12821
2,2,2,2,3,13,103
2,23,1399
3,21487
64579
2,7,31,149
3,21577
2,163,199
2,19,1709
2,32531
2,2,2,2,13,313
13,29,173
3,3,53,137
2,2,2,2,2,5,409
2,3,3,3,1213
17,3863
2,3,5,7,313
13,37,137
2,32987
2,2,2,23,359
2,3,41,269
2,2,2,7,7,13,13
2,33161
5,13297
3,3,3,3,821
2,3,3,3,5,13,19
2,3,3,3709
2,33409
2,2,16747
5,5,2683
2,3,5,2237
19,3541
2,2,2,2,2,2,2,2,263
5,7,41,47
3,101,223
2,2,3,3,1879
2,2,16937
2,3,3,3767
41,1657
2,5,11,619
5,13627
68209
2,47,727
2,23,1487
17,29,139
2,3,3,3,31,41
97,709
5,5,2753
2,5,61,113
69067
3,3,5,29,53
2,3,5,2309
11,6301
2,2,2,19,457
2,2,17377
257,271
5,5,2789
13,41,131
3,41,569
2,3,11,1061
5,14033
5,13,23,47
2,2,17599
2,2,11,1601
2,29,1217
23,37,83
2,2,23,769
11,17,379
2,3,5,5,11,43
2,11,3229
2,35573
3,3,5,1583
71339
7,59,173
233,307
2,59,607
71707
19,3779
2,2,2,17,23,23
89,809
2,107,337
2,71,509
269,269
2,3,11,1097
3,24181
2,3,5,2423
2,2,2,2,4549
2,2,3,3,7,17,17
2,36467
3,17,1433
7,10457
2,7,5231
3,5,67,73
73459
73523
47,1567
37,1993
13,13,19,23
17,19,229
2,7,11,13,37
2,2,2,2,3,3,5,103
3,29,853
19,3911
2,5,7,1063
5,5,11,271
5,43,347
2,2,2,9343
67,1117
3,7,43,83
2,37507
2,7,41,131
5,5,3011
3,25111
2,2,2,9433
2,2,3,7,29,31
2,7,5407
3,25243
2,29,1307
2,2,2,9497
29,2621
3,17,1493
3,47,541
97,787
2,3,3,3,5,283
3,3,67,127
7,10949
76753
2,3,5,13,197
2,3,3,3,3,5,5,19
2,2,2,2,2,29,83
2,3,12853
5,7,2207
3,3,11,11,71
2,2,2,3,7,461
3,25841
2,38839
3,3,53,163
3,3,41,211
2,3,5,23,113
2,3,3,3,5,17,17
5,17,919
7,11173
103,761
7,7,1601
2,2,7,7,401
3,7,19,197
7,11243
2,2,2,2,13,379
5,5,7,11,41
3,5,23,229
239,331
3,3,23,383
2,3,7,1889
2,3,13249
7,37,307
2,3,13267
2,2,2,2,3,11,151
79843
2,2,19993
2,2,37,541
2,2,3,6679
2,2,2,37,271
2,40189
2,2,20123
2,3,3,3,3,7,71
2,13,29,107
2,2,2,10091
23,3517
5,5,41,79
11,53,139
2,7,11,17,31
2,2,11,1847
2,2,3,3,3,3,251
2,3,13567
7,19,613
2,2,2,2,3,3,3,3,3,3,7
2,2,31,659
2,2,2,5,5,409
2,2,2,37,277
2,41017
2,2,2,3,11,311
2,3,3,3,1523
2,3,11,29,43
3,37,743
11,7507
2,41333
191,433
13,6373
2,7,5923
2,47,883
71,1171
2,3,3,5,5,5,37
5,79,211
83459
83597
83621
5,13,1289
83843
83987
2,7,17,353
29,2903
2,2,5,4211
7,12049
13,67,97
3,11,13,197
3,3,9403
2,13,3259
2,5,13,653
3,3,7,19,71
3,3,13,727
3,3,7,7,193
2,42649
59,1447
5,17093
2,2,3,7127
2,2,2,2,2,5,5,107
2,5,23,373
3,3,3,11,17,17
2,2,5,4297
3,3,19,503
2,2,2,11,11,89
86209
7,12329
7,12343
2,2,3,3,5,13,37
2,3,14447
59,1471
2,3,7,2069
5,17393
3,13,23,97
5,7,47,53
11,7933
5,19,919
47,1861
3,3,3,3,23,47
3,3,3,17,191
2,2,5,41,107
2,2,7,43,73
3,3,5,5,17,23
11,8009
2,7,6299
88211
2,2,71,311
2,44221
2,2,7,29,109
5,7,17,149
5,11,1613
7,12697
19,31,151
3,3,5,1979
2,2,3,17,19,23
3,3,3,3307
3,3,5,5,397
2,101,443
3,73,409
89653
2,2,3,7481
89,1009
139,647
5,47,383
97,929
90247
2,45161
3,5,37,163
2,3,31,487
2,2,3,5,1511
2,2,2,2,3,31,61
2,2,3,67,113
3,3,11,919
91099
91159
2,3,3,11,461
3,5,6091
7,13063
2,3,101,151
2,2,2,7,1637
2,5,67,137
7,13,1009
3,30637
2,46021
92173
13,31,229
3,3,10259
97,953
2,3,7,2203
13,7127
113,821
7,23,577
113,823
2,2,2,7,11,151
5,18637
2,2,2,2,3,29,67
2,5,7,31,43
2,5,9349
5,53,353
7,17,787
2,5,7,13,103
101,929
2,2,13,13,139
5,31,607
17,29,191
5,7,2693
3,71,443
2,2,2,2,5903
2,2,2,3,3,13,101
2,19,47,53
61,1553
2,3,3,3,7,251
2,3,11,1439
95089
95191
2,2,29,821
2,2,5,19,251
2,3,15913
5,7,2731
95621
2,5,5,5,383
2,2,2,2,2,2,2,7,107
2,2,2,3,3,31,43
139,691
7,13729
3,3,13,823
96337
67,1439
5,19319
2,2,3,8053
151,641
2,97,499
7,109,127
5,19403
5,19421
89,1093
2,41,1187
5,7,11,11,23
97523
2,2,2,2,2,2,5,5,61
13,73,103
3,32609
19,5153
11,37,241
31,3167
98269
5,71,277
5,19697
2,2,5,5,5,197
2,2,17,1451
3,3,5,5,439
3,83,397
98993
3,3,11003
7,31,457
2,49613
3,7,4733
99469
2,49757
99643
2,2,2,2,3,3,3,3,7,11
5,41,487
13,7687
100069
3,3,3,3709
2,50147
2,2,31,809
7,31,463
2,137,367
3,3,3,3,11,113
2,17,2963
3,33613
2,3,3,71,79
37,2731
13,43,181
2,223,227
2,3,61,277
2,2,7,3623
3,33863
13,7823
3,3,43,263
13,17,461
97,1051
3,37,919
2,2,7,7,521
2,3,3,13,19,23
2,2,25579
2,2,2,3,3,1423
2,51257
102679
2,31,1657
31,3319
2,23,2237
3,34361
2,5,5,2063
2,5,10321
2,2,3,3,3,3,11,29
2,31,1669
2,2,2,3,5,863
2,17,3049
157,661
3,34613
11,13,727
5,20809
2,2,2,2,2,2,1627
2,2,2,2,7,7,7,19
3,11,29,109
5,17,1229
2,167,313
3,23,37,41
7,14969
11,9533
2,5,10499
2,2,2,2,2,2,2,821
13,8087
3,35099
2,7,7523
2,2,43,613
2,2,2,2,6599
2,11,4801
2,2,2,13219
113,937
131,809
5,7,7,433
2,2,2,2,3,3,11,67
2,3,17713
2,2,2,3,3,7,211
2,2,2,2,2,3,1109
7,15217
2,11,13,373
2,2,2,11,1213
2,2,3,29,307
2,2,2,2,41,163
107089
2,2,2,2,37,181
3,3,3,11,19,19
3,3,11927
2,2,7,11,349
3,35851
3,3,7,1709
2,2,3,13,691
2,2,3,3,5,599
107941
108007
13,53,157
7,31,499
2,11,13,379
2,54217
2,2,2,3,4523
108677
2,109,499
11,19,521
2,2,2,3,19,239
2,54517
2,2,5,53,103
2,11,4967
3,7,41,127
2,3,3,3,2027
109541
109663
2,5,10973
3,36629
2,5,10993
5,5,7,17,37
5,19,19,61
5,5,11,401
2,3,53,347
61,1811
110557
17,23,283
2,2,5,7,7,113
7,7,31,73
2,2,2,2,2,2,1733
7,59,269
3,37039
3,11,3371
111317
2,2,2,3,4643
2,2,23,1213
2,3,23,809
3,3,12421
2,55921
2,107,523
2,2,2,14011
2,56093
2,2,2,5,7,401
3,37463
2,2,2,13,23,47
2,7,8039
2,3,7,2683
2,2,2,5,2819
2,2,28201
3,3,7,11,163
17,61,109
2,56599
5,139,163
5,22679
101,1123
2,2,11,29,89
2,2,2,11,1291
2,2,2,3,11,431
113899
2,2,2,5,7,11,37
7,7,13,179
7,47,347
37,3089
7,7,2333
2,3,19079
3,3,3,4243
2,2,2,2,2,2,3,3,199
114757
2,57413
2,13,4423
2,5,7,31,53
5,23027
2,2,2,3,4801
167,691
11,10499
2,29,1993
115603
3,173,223
2,53,1093
2,3,139,139
2,17,3413
2,2,2,5,2903
2,2,2,2,2,3,7,173
2,58199
3,38803
23,37,137
2,2,31,941
2,3,53,367
5,23371
2,7,61,137
2,2,3,11,887
181,647
2,31,31,61
2,2,2,3,67,73
7,19,883
89,1321
11,13,823
2,3,19,1033
2,58921
2,19,29,107
2,3,3,79,83
13,61,149
118297
2,5,11839
2,2,5,5923
7,16937
2,31,1913
103,1153
2,59407
43,2767
119083
2,5,17,701
2,3,59,337
11,10853
5,23887
3,3,37,359
3,3,3,11,13,31
2,2,3,3,3,1109
2,59921
5,103,233
43,2791
2,2,59,509
2,3,5,4007
2,2,3,7,1433
2,2,31,971
2,2,5,6029
7,19,907
5,5,4831
19,6361
73,1657
2,2,5,6053
3,3,5,2693
2,3,11,11,167
5,11,2207
2,2,2,2,7591
7,11,1579
7,17383
5,5,4871
2,60913
13,9377
122039
2,61057
2,2,2,2,7639
7,7,11,227
2,2,2,15307
3,40847
2,2,2,2,11,17,41
2,61379
2,17,3613
2,7,8779
2,3,13,19,83
2,2,2,3,3,29,59
2,43,1433
2,7,23,383
2,3,3,3,2287
3,5,8237
5,24733
2,43,1439
2,17,3643
3,3,23,599
167,743
2,2,3,79,131
2,2,2,53,293
2,2,7,4441
11,11317
3,41,1013
2,3,3,7,23,43
3,41579
2,7,11,811
2,2,2,2,2,5,11,71
5,5,5003
2,7,7,1277
3,109,383
2,3,20899
125441
3,17,23,107
7,17957
5,139,181
3,41947
2,157,401
2,2,2,2,7877
2,5,11,31,37
7,11,11,149
2,2,3,3,11,11,29
126421
2,2,2,2,2,2,2,23,43
2,2,2,2,3,7,13,29
2,2,5,6337
5,23,1103
2,63487
19,6689
79,1609
2,3,3,3,2357
2,2,2,2,3,7,379
103,1237
2,63799
23,31,179
2,29,2203
7,18269
3,3,14221
2,2,2,2,2,2,2,2,2,2,5,5,5
2,2,73,439
5,113,227
2,2,2,2,2,2,2,17,59
2,2,2,7,2293
191,673
13,19,521
2,2,5,47,137
2,2,2,16111
128939
2,251,257
5,5,5167
2,2,2,2,2,2,2,2,5,101
2,2,2,19,23,37
127,1019
129533
3,3,14411
2,3,13,1663
2,2,2,5,17,191
2,2,2,2,2,31,131
2,2,2,71,229
179,727
2,3,5,43,101
3,43457
5,19,1373
3,7,6217
2,2,3,3,19,191
3,43577
41,3191
7,18713
5,5,7,7,107
2,3,13,41,41
2,29,31,73
7,29,647
23,5717
2,5,7,1879
2,2,2,3,3,31,59
103,1279
61,2161
3,3,107,137
2,13,5077
2,3,22031
132257
41,3229
2,5,13,1019
2,66271
132661
132757
5,5,5,1063
2,2,3,5,5,443
13,29,353
3,3,14797
2,103,647
2,3,11,43,47
3,17,2617
133543
2,2,2,2,8353
3,7,6367
137,977
133963
2,2,5,6703
2,2,2,3,3,3,3,3,3,23
134227
2,67189
3,5,8963
2,2,2,3,5,19,59
311,433
2,2,59,571
163,827
13,97,107
7,23,839
3,3,15017
2,3,5,4507
135319
2,2,2,2,2,2,2,2,23,23
2,2,2,2,2,19,223
2,19,43,83
2,5,37,367
2,3,3,7547
2,2,17,1999
2,5,11,1237
17,8009
136217
5,11,37,67
3,3,59,257
2,68261
19,7193
136739
2,2,2,2,2,3,3,5,5,19
2,5,7,19,103
2,2,2,5,23,149
2,179,383
2,2,34319
2,2,3,11447
2,7,9817
19,7237
11,12511
137713
137831
2,11,6271
17,23,353
11,17,739
3,11,59,71
138337
3,101,457
2,2,19,1823
138617
2,2,5,7,991
2,2,2,2,2,4339
2,2,2,2,2,3,1447
2,2,34757
31,67,67
73,1907
3,46441
2,3,3,61,127
11,12689
5,17,31,53
2,2,2,2,3,41,71
5,27961
2,2,2,17489
13,10771
3,5,9343
2,7,43,233
3,5,7,7,191
7,20063
2,2,2,17573
2,2,5,13,541
140773
3,73,643
29,4861
2,3,3,5,1567
107,1319
2,70639
2,2,35339
2,2,2,23,769
2,2,2,2,3,3,983
3,47207
2,2,5,19,373
2,3,47,503
2,3,23663
2,2,2,17761
3,3,7,37,61
7,7,2903
2,3,7,3389
2,3,3,41,193
142573
2,2,2,17827
47,3037
2,71429
2,2,2,61,293
3,3,3,7,757
2,3,5,13,367
2,3,3,3,7,379
2,97,739
3,137,349
139,1033
3,3,3,3,3,3,197
3,3,3,3,5,5,71
7,20551
43,3347
5,83,347
2,5,7,29,71
3,3,5,5,641
3,5,5,5,5,7,11
2,257,281
5,5,5783
7,11,1879
2,3,59,409
2,113,641
2,23,23,137
145031
3,3,127,127
2,3,3,8069
3,48449
2,2,2,2,9091
145513
145601
2,72883
5,11,11,241
53,2753
2,2,11,3319
5,7,4177
2,2,2,3,3,3,677
3,48787
71,2063
2,2,2,73,251
146683
181,811
2,5,53,277
2,3,11,17,131
2,3,107,229
5,5,7,29,29
2,73637
2,2,13,2833
2,2,3,3,17,241
2,3,67,367
2,2,3,5,23,107
2,13,13,19,23
2,107,691
2,29,2551
2,2,2,83,223
2,2,3,12347
2,3,3,8237
5,29669
2,74201
3,23,2153
19,7823
3,17,2917
2,74441
148927
3,3,29,571
41,3637
5,73,409
2,2,2,3,7,7,127
149417
2,2,2,2,2,2,3,19,41
3,3,3,3,1847
2,7,13,823
5,5,13,461
61,2459
2,107,701
2,2,2,2,2,13,19,19
2,3,25037
19,41,193
2,2,17,2213
23,6547
13,67,173
13,11593
2,5,79,191
2,17,4441
3,71,709
151121
7,21613
2,2,2,2,2,3,19,83
13,43,271
2,75793
2,2,2,2,19,499
2,2,2,61,311
29,5237
83,1831
3,50671
3,50723
11,101,137
2,2,2,2,9521
257,593
2,2,2,2,3,11,17,17
2,2,31,1231
2,2,2,3,5,19,67
2,2,2,29,659
3,3,16993
2,5,5,3061
2,3,17,19,79
5,5,6131
3,29,41,43
153437
2,2,2,2,2,4799
2,7,10973
2,2,3,12809
3,3,17093
2,2,5,7699
5,30809
5,5,7,881
17,43,211
29,5323
2,2,5,7,1103
2,2,2,139,139
3,19,2713
2,2,38677
2,2,38713
154933
3,3,3,5743
2,77551
139,1117
2,5,41,379
131,1187
2,2,2,2,2,4861
5,31121
2,3,7,3709
3,3,3,29,199
61,2557
113,1381
2,3,17,1531
2,83,941
3,3,3,5791
3,23,2267
2,3,5,17,307
2,2,2,3,61,107
13,31,389
2,2,113,347
2,2,2,5,3923
2,2,2,3,3,3,727
167,941
13,12097
61,2579
3,137,383
157523
2,3,3,8761
2,5,5,5,631
2,3,5,5261
3,5,10529
2,79039
317,499
11,14389
5,31667
3,3,29,607
3,5,97,109
3,3,17,17,61
3,3,5,3527
158843
2,29,2741
53,3001
2,3,5,5,1061
2,79613
3,5,13,19,43
3,17,53,59
2,3,26591
2,2,3,7,1901
2,5,13,1229
2,41,1949
159931
2,2,5,53,151
3,3,5,3559
2,5,5,5,641
2,71,1129
2,80239
2,2,5,7,31,37
2,80309
2,3,3,8929
2,80447
7,13,29,61
2,2,2,3,3,2237
2,2,3,13,1033
2,3,3,3,29,103
2,80657
2,3,3,8969
2,2,2,3,6733
2,229,353
2,2,3,13,17,61
2,7,31,373
2,2,40487
2,2,101,401
7,23159
3,3,13,19,73
2,2,2,3,3,5,11,41
2,113,719
101,1609
3,193,281
3,7,23,337
3,3,3,37,163
3,3,3,5,17,71
47,3469
163129
23,47,151
7,23333
2,2,2,2,17,601
2,3,3,3,13,233
5,23,1423
2,17,4817
2,81931
2,2,2,31,661
359,457
5,32839
2,23,3571
31,5303
2,2,3,3,4567
31,5309
2,82307
257,641
2,2,2,2,2,3,17,101
5,32993
2,3,3,53,173
3,5,101,109
13,71,179
2,5,61,271
337,491
2,13,6367
2,5,5,3313
2,2,11,3767
3,5,11057
2,5,5,3319
7,23719
2,2,2,19,1093
2,2,2,11,1889
13,67,191
167,997
2,7,73,163
3,5,41,271
2,263,317
2,2,7,59,101
2,2,2,2,2,3,37,47
3,3,67,277
2,2,41,1019
2,83609
2,7,17,19,37
3,3,5,61,61
2,2,41893
2,2,2,19,1103
17,71,139
2,2,7,13,461
3,13,59,73
2,2,42013
5,33637
3,3,5,3739
2,2,3,3,3,1559
2,2,2,3,7019
2,31,2719
2,84349
3,3,18749
3,56299
2,2,3,14083
2,3,3,41,229
169177
2,3,28211
169319
169427
2,17,4987
2,2,3,3,3,1571
2,29,2927
5,11,3089
19,23,389
2,2,2,2,2,3,7,11,23
2,5,5,41,83
2,2,2,21283
83,2053
17,37,271
2,2,3,3,3,1579
3,23,2473
2,2,2,21347
170899
7,13,1879
3,3,31,613
3,7,29,281
2,85601
2,5,17137
2,3,7,7,11,53
2,2,2,11,1949
2,85837
2,2,2,3,17,421
13,13219
397,433
2,2,2,2,10753
2,2,7,11,13,43
2,2,43067
172331
3,3,7,7,17,23
5,7,4931
2,173,499
2,3,11,2617
2,3,5,7,823
2,2,83,521
2,2,2,5,5,5,173
173141
2,3,3,3,3209
229,757
2,277,313
173549
5,34721
2,2,2,2,10861
2,3,28979
173909
3,7,8287
2,3,29017
163,1069
2,2,2,19,31,37
3,58153
17,10267
2,3,29101
174737
2,2,3,7,2081
2,2,2,2,2,2,2,1367
2,11,73,109
2,7,12511
2,11,31,257
2,11,13,613
175453
3,43,1361
2,2,11,13,307
2,5,17573
5,17,2069
2,3,29327
176047
2,2,44027
359,491
176329
2,2,2,2,2,5,1103
2,2,11,4013
3,3,19,1033
5,5,7069
176857
2,2,7,71,89
2,2,3,5,13,227
2,2,5,5,7,11,23
5,11,11,293
2,2,3,14783
2,2,2,2,13,853
5,13,2731
3,59209
3,19,3119
83,2143
3,31,1913
2,2,211,211
5,5,7127
11,17,953
173,1031
2,2,2,2,2,5,5,223
271,659
2,2,2,2,2,2,2,2,2,349
178757
2,2,2,7,31,103
2,137,653
2,89501
3,3,43,463
2,47,1907
2,37,2423
2,3,5,31,193
2,89779
2,2,5,13,691
2,2,2,5,4493
3,17,3527
2,2,17,2647
2,17,5297
2,3,3,10007
2,97,929
3,60101
2,90227
2,2,45139
3,3,3,6689
2,90379
13,13913
3,3,3,6701
5,36209
7,113,229
2,2,2,2,3,5,5,151
5,36277
421,431
2,2,45389
2,90803
2,2,5,61,149
2,3,30307
2,2,45481
3,7,8669
2,3,127,239
5,11,3313
7,7,61,61
3,41,1483
2,5,18257
2,11,19,19,23
2,91373
2,2,2,5,7,653
2,2,2,2,2,2,3,953
2,2,2,22877
2,91583
2,2,3,15269
2,2,2,2,73,157
183497
2,2,2,2,2,2,2,2,3,239
2,2,29,1583
11,16703
13,14143
2,2,2,2,2,7,821
3,5,7,1753
2,2,2,2,17,677
184231
263,701
2,3,3,10247
2,2,2,3,7691
7,7,3769
257,719
3,3,3,5,37,37
2,2,46229
7,13,19,107
3,23,2683
2,37,2503
2,92657
185491
3,3,5,7,19,31
2,2,7,7,947
2,2,46447
2,7,11,17,71
185947
2,7,13291
2,2,19,31,79
2,157,593
2,13,67,107
251,743
2,2,7,6661
3,3,89,233
3,67,929
2,2,13,3593
2,2,2,23371
2,2,46757
2,93563
7,7,3821
2,2,2,11,2129
2,93719
3,62507
2,2,5,11,853
2,5,89,211
31,73,83
2,3,31327
3,19,3299
2,109,863
11,109,157
7,26903
5,37691
5,7,5387
3,7,13,691
2,3,7,4493
2,2,2,2,2,2,2,5,5,59
188983
19,9949
2,2,2,2,2,2,3,5,197
2,2,3,13,1213
5,11,11,313
189437
79,2399
2,94837
3,17,61,61
2,11,8629
2,2,3,11,1439
11,23,751
2,2,47527
3,229,277
2,2,2,2,11897
2,95219
2,2,5,7,1361
2,2,3,3,5297
190717
2,2,2,2,11927
79,2417
2,2,7,6823
2,95569
11,17389
2,2,2,5,4783
2,3,19,23,73
2,5,7,7,17,23
2,2,173,277
3,3,3,3,3,3,263
3,3,21317
3,3,83,257
2,2,41,1171
3,5,23,557
17,11311
2,2,2,3,5,7,229
2,2,3,7,29,79
2,5,19259
2,2,2,24077
7,27541
7,27551
2,96497
193031
2,2,3,16097
11,17569
193381
5,11,3517
11,17599
193603
2,2,2,61,397
3,3,3,43,167
2,2,11,4409
2,2,2,79,307
2,5,7,47,59
2,2,7,7,991
2,97187
2,7,17,19,43
3,5,12973
194647
2,67,1453
23,43,197
3,181,359
3,3,13,1667
2,5,29,673
5,39041
2,2,5,9769
2,3,31,1051
2,13,7523
2,2,2,7,7,499
2,2,2,2,2,2,2,11,139
2,2,173,283
195907
2,7,11,19,67
3,23,2843
2,98123
2,149,659
2,19,5171
2,2,2,2,71,173
2,2,2,2,2,2,2,2,2,2,2,2,2,2,2,2,3
2,131,751
3,3,19,1151
2,2,7,13,541
2,2,2,24631
2,2,2,2,3,3,37,37
2,31,3181
3,3,3,7309
3,3,21943
197599
5,13,3041
3,29,2273
197831
197957
2,3,13,2539
2,3,33029
3,3,3,7,1049
2,5,5,3967
23,8629
2,7,13,1091
2,19,5227
269,739
2,7,14207
2,271,367
2,2,2,2,3,11,13,29
2,13,47,163
5,5,13,613
47,4241
3,66499
2,2,2,2,3,4157
2,3,7,7,7,97
2,2,2,2,3,3,19,73
2,3,33311
179,1117
3,13,23,223
2,2,2,2,3,11,379
17,11779
5,5,5,7,229
2,2,50111
7,28657
5,53,757
41,59,83
2,2,2,2,7,11,163
2,2,109,461
2,100537
2,2,50287
17,11839
2,100669
3,7,53,181
2,2,3,107,157
3,67219
5,157,257
3,3,3,5,5,13,23
2,2,19,2657
3,67339
2,2,2,2,3,4211
2,2,7,31,233
3,5,103,131
2,2,223,227
2,199,509
2,2,2,2,2,3,2111
2,2,2,25349
139,1459
2,101477
2,83,1223
5,40639
203207
5,5,5,1627
2,2,2,2,3,3,3,3,157
2,2,2,2,7,23,79
269,757
203761
2,2,2,3,3,19,149
59,3457
2,3,71,479
2,3,3,11,1031
2,2,223,229
2,3,3,11353
2,2,51109
2,7,7,2087
5,40933
2,2,2,2,3,5,853
2,2,3,13,13,101
2,17,6029
2,2,2,31,827
2,3,17,2011
2,2,17,3019
205399
2,2,2,2,37,347
2,2,103,499
2,229,449
7,7,13,17,19
205817
2,2,3,17159
3,68687
41,47,107
206291
11,18757
7,7,11,383
3,37,1861
2,5,5,4133
11,18797
2,2,2,2,7,1847
5,41389
2,3,34501
2,7,14797
2,2,2,2,2,3,17,127
207329
2,2,2,3,5,7,13,19
2,67,1549
3,67,1033
7,29683
2,2,2,13,1999
3,3,13,1777
11,18913
3,5,13879
3,41,1693
3,37,1877
208493
2,127,821
2,2,2,19,1373
2,104383
3,3,23201
2,2,2,3,5,1741
2,104527
2,104551
2,2,3,107,163
5,149,281
209449
11,43,443
2,163,643
3,3,7,3329
2,104947
2,2,2,19,1381
11,13,13,113
2,2,11,17,281
2,3,37,947
2,3,5,7013
23,9151
2,2,2,2,2,2,2,5,7,47
2,2,3,3,5851
2,5,107,197
2,3,35141
2,2,2,2,13183
2,5,21101
2,2,2,2,2,6599
2,3,7,47,107
2,157,673
7,30211
89,2377
3,3,5,4703
2,105863
211817
2,2,2,5,7,757
212029
2,2,3,11,1607
2,2,3,7,7,19,19
212353
3,13,13,419
3,70849
3,131,541
2,7,15199
139,1531
2,7,67,227
2,2,2,3,3,11,269
2,2,3,5,11,17,19
213281
2,107,997
17,12553
2,3,35597
2,3,3,11867
3,3,11,17,127
2,31,3449
3,113,631
97,2207
2,3,3,3,5,13,61
2,2,19,2819
71,3019
149,1439
103,2083
2,2,2,3,3,11,271
53,4051
2,53,2027
2,13,8269
2,13,8273
2,2,2,26891
3,157,457
2,7,15383
215447
3,13,5527
5,29,1487
2,107873
215857
23,9391
5,7,6173
216157
2,2,3,67,269
3,5,14423
2,241,449
3,3,5,4813
2,108301
43,71,71
2,108421
2,83,1307
2,3,3,31,389
2,2,2,2,3,4523
109,1993
7,13,2389
217489
3,127,571
283,769
2,3,3,3,37,109
2,108917
11,11,1801
2,3,3,5,2423
2,3,3,3,7,577
2,2,197,277
3,72797
17,71,181
2,2,54629
3,31,2351
3,3,3,8101
2,2,2,2,2,2,13,263
218971
2,2,3,18253
2,2,2,7,7,13,43
2,2,2,3,9137
3,113,647
2,3,3,73,167
3,3,29,29,29
2,3,3,12203
2,2,2,83,331
5,43973
3,3,3,8147
2,7,11,1429
7,13,41,59
2,83,1327
220373
2,3,3,3,3,1361
2,2,3,17,23,47
3,3,3,8171
7,41,769
220873
3,211,349
2,2,2,5,5527
2,2,13,4253
2,3,36877
3,113,653
79,2803
2,2,31,1787
2,2,55411
2,2,2,2,13859
2,2,2,7,17,233
11,17,1187
222059
5,7,11,577
3,43,1723
2,89,1249
5,5,11,809
2,2,11,13,389
5,5,5,13,137
3,5,31,479
2,2,55711
2,2,3,5,5,743
2,3,37171
3,31,2399
223277
2,2,2,103,271
2,2,2,11,2539
223549
5,7,6389
3,74587
3,7,7,1523
23,9739
2,3,5,7,11,97
224129
3,3,24917
2,112199
2,2,2,2,2,5,23,61
5,5,7,1283
5,5,11,19,43
3,5,14983
2,11,11,929
3,31,41,59
3,7,7,1531
23,9787
2,2,56311
225349
2,2,2,5,5,7,7,23
2,2,2,5,5639
2,2,2,2,59,239
13,97,179
2,179,631
225919
2,113021
7,32309
2,5,11,11,11,17
2,3,3,5,5,503
2,2,2,3,3,5,17,37
2,2,56629
2,3,3,12589
13,107,163
2,2,2,5,53,107
2,2,2,19,1493
2,2,2,2,2,2,3547
2,2,56779
59,3851
2,2,56827
227419
7,32503
11,20693
2,3,3,3,4217
2,3,19,1999
5,45599
2,17,19,353
5,103,443
7,32609
5,5,9133
2,7,19,859
2,3,3,12697
2,3,7,5443
2,3,3,71,179
2,2,2,2,3,3,7,227
2,3,5,13,587
13,79,223
19,31,389
71,3229
5,45869
2,2,83,691
2,3,38261
2,5,22963
3,3,3,3,2837
2,5,5,4597
2,2,3,7,7,17,23
2,7,7,2347
3,17,4513
2,5,7,11,13,23
3,3,25589
2,2,11,5237
2,2,57641
2,2,2,3,3,3203
5,31,1489
443,521
2,2,7,73,113
2,2,3,3,3,3,23,31
7,7,53,89
2,2,2,2,97,149
2,3,3,3,5,857
2,7,16529
3,229,337
3,3,7,3677
2,2,2,2,2,2,3,17,71
3,77291
11,21089
5,7,7,947
3,77383
17,19,719
2,116191
83,2801
2,2,58147
2,2,58171
2,3,11,3527
2,2,3,3,6469
3,5,53,293
2,2,2,3,7,19,73
2,116593
3,13,5981
2,116663
149,1567
3,277,281
233687
2,116867
3,7,7,37,43
2,19,47,131
2,2,2,3,3,3251
234191
3,163,479
3,23,43,79
23,10193
2,149,787
7,13,2579
5,5,9391
2,257,457
2,2,2,2,19,773
235057
2,2,2,7,13,17,19
2,2,2,7,4201
2,2,2,2,2,2,3677
2,2,37,37,43
2,2,5,11779
2,117809
2,5,11,2143
2,117917
19,12421
236053
2,263,449
2,118127
3,37,2129
2,2,13,4547
2,2,2,2,3,3,31,53
2,2,5,11833
3,23,47,73
236891
29,8171
2,163,727
2,5,23,1031
2,5,5,5,13,73
2,3,39551
2,3,39569
2,2,59387
2,2,59417
7,29,1171
2,5,5,67,71
237959
13,18311
3,79399
7,101,337
2,2,59581
2,2,2,2,2,29,257
2,3,3,3,7,631
2,2,2,3,61,163
5,13,3673
2,2,227,263
5,71,673
3,11,7243
487,491
2,11,73,149
2,119657
2,119723
2,2,2,2,14969
2,3,39937
3,3,3,13,683
2,2,2,2,2,5,1499
13,18457
409,587
3,23,59,59
3,3,26699
7,11,3121
3,5,17,23,41
3,80167
7,31,1109
240733
2,11,10949
5,157,307
5,19,43,59
2,2,2,43,701
2,120607
3,3,13,2063
2,3,40237
3,80527
2,7,41,421
3,3,26861
2,79,1531
2,2,241,251
109,2221
2,19,6373
2,59,2053
19,12757
3,3,5,5387
43,5641
5,11,11,401
3,80917
3,3,3,17,23,23
2,3,40487
243091
243149
2,2,2,30403
3,3,19,1423
13,61,307
2,2,2,2,3,3,19,89
3,5,37,439
3,3,5,5417
5,48761
3,7,11617
2,122039
17,83,173
5,48857
244351
3,7,103,113
3,5,16301
2,3,11,11,337
7,34963
3,3,3,3,3023
3,127,643
2,122501
3,13,6287
127,1931
109,2251
3,5,16361
2,5,41,599
3,17,4817
2,2,43,1429
5,49171
2,3,7,5857
37,61,109
2,5,7,3517
7,151,233
2,7,17599
2,37,3331
5,5,7,1409
246607
2,2,2,2,17,907
2,3,23,1789
3,82307
7,11,3209
2,2,2,5,37,167
3,13,17,373
5,5,5,1979
2,2,2,5,23,269
5,23,2153
2,5,24763
247769
2,2,2,3,23,449
2,2,2,7,19,233
2,3,41341
2,11,29,389
2,2,2,41,757
2,2,2,2,2,3,13,199
248461
3,29,2857
7,35521
2,7,109,163
2,13,17,563
229,1087
2,2,3,20753
2,2,2,5,6229
2,3,41543
249397
17,17,863
3,11,7561
2,2,2,5,79,79
137,1823
3,3,3,19,487
249947
13,19237
37,6761
3,239,349
5,5,17,19,31
2,125221
2,125269
3,3,27851
61,4111
3,83621
17,14759
3,127,659
3,5,16741
2,2,2,3,3,3,1163
2,2,31,2027
3,5,5,7,479
3,83843
11,22877
2,191,659
3,3,5,29,193
2,125959
252017
2,59,2137
7,7,5147
3,3,23,23,53
2,2,11,5737
2,2,5,73,173
2,2,11,5741
13,19441
2,3,5,8429
5,50593
89,2843
3,3,11,2557
2,2,2,5,13,487
2,5,73,347
2,5,25343
71,3571
2,126827
5,193,263
2,2,63463
7,13,2791
2,71,1789
157,1619
251,1013
2,101,1259
2,2,2,2,3,3,3,19,31
2,7,18181
2,2,2,2,2,73,109
179,1423
2,2,2,5,23,277
2,3,3,5,2833
3,85027
3,85049
2,2,2,17,1877
2,7,13,23,61
97,2633
255589
3,85223
37,6911
2,2,2,2,15991
2,2,137,467
2,19,23,293
2,2,2,2,3,3,3,593
2,13,9857
137,1871
2,2,2,7,19,241
2,2,2,2,7,29,79
2,5,25667
2,2,2,32089
2,2,2,2,3,5351
256903
3,85691
3,5,7,31,79
3,3,101,283
3,7,12253
3,11,29,269
3,3,13,31,71
3,3,28631
257717
17,29,523
2,43,2999
2,2,2,2,2,11,733
3,97,887
41,6299
2,2,2,2,2,2,11,367
2,3,5,5,1723
2,2,3,3,43,167
2,3,19,2269
2,2,2,2,19,23,37
3,5,17257
127,2039
2,2,7,19,487
17,79,193
5,47,1103
2,103,1259
2,23,5641
2,2,5,12979
23,11287
7,11,3373
7,7,5303
61,4261
3,3,5,5779
2,3,103,421
17,61,251
3,86783
2,130241
2,2,2,2,2,7,1163
11,19,29,43
3,3,3,3,3,29,37
2,2,2,2,2,3,11,13,19
260951
2,2,65269
2,3,5,5,1741
3,3,29027
261323
2,2,2,2,59,277
2,3,5,23,379
2,2,65423
2,5,26177
2,3,3,5,2909
2,5,5,13,13,31
3,5,17467
2,53,2473
3,71,1231
262349
3,3,5,19,307
262553
3,5,7,41,61
2,2,13,31,163
3,87613
29,9067
233,1129
263129
2,2,3,3,71,103
2,2,3,47,467
11,43,557
2,3,3,14639
17,15511
2,2,2,2,3,5,7,157
7,11,23,149
17,53,293
2,2,2,13,2539
3,83,1061
2,5,26423
2,2,2,19,37,47
2,73,1811
2,7,7,2699
3,19,4643
101,2621
17,37,421
264949
3,53,1667
2,2,191,347
2,5,11,2411
2,132697
3,88499
2,2,2,2,2,2,3,3,461
2,11,13,929
265747
2,2,2,149,223
2,2,2,2,2,2,3,5,277
3,7,53,239
2,5,5,5323
2,211,631
2,2,13,47,109
3,88801
3,3,7,4231
13,20509
11,24251
2,3,19,2341
2,13,10267
3,13,41,167
2,133583
7,59,647
2,133657
2,3,3,83,179
2,2,211,317
5,199,269
11,11,2213
2,2,5,59,227
3,3,11,2707
2,311,431
3,3,29789
2,11,73,167
101,2657
2,2,2,2,97,173
2,7,19181
268643
7,19,43,47
67,4013
2,13,10343
2,13,79,131
3,3,11,2719
3,3,5,31,193
3,3,173,173
2,2,2,5,6737
269573
269683
3,11,11,743
401,673
17,15877
2,2,3,3,13,577
157,1721
270239
5,41,1319
2,2,3,31,727
2,2,5,5,5,541
2,2,67651
2,3,3,13,13,89
3,3,30091
3,181,499
2,2,2,2,13,1303
271169
2,3,3,7,2153
2,3,3,15077
2,97,1399
5,7,7759
2,139,977
2,135893
11,13,1901
271927
3,29,53,59
5,7,7,11,101
11,53,467
2,3,3,15131
2,2,2,2,17027
2,2,2,2,17033
272651
223,1223
2,2,2,3,11369
2,2,11,6203
2,136519
2,136559
5,11,4969
2,3,3,15187
5,149,367
2,2,5,13679
3,3,30403
2,136897
2,2,2,2,2,2,11,389
273971
7,39157
2,2,5,13709
274237
2,3,19,29,83
2,5,5,11,499
7,7,13,431
274697
2,2,3,3,13,587
274811
2,2,2,3,3,3,19,67
3,3,30559
7,39301
19,14489
2,3,5,67,137
7,23,29,59
3,91841
61,4519
2,2,2,2,3,3,5,383
275897
2,2,3,109,211
11,25097
2,7,19727
2,2,2,5,6907
2,2,3,3,5,5,307
2,2,43,1607
2,2,2,3,41,281
2,2,2,71,487
2,2,3,23059
5,55373
3,3,11,2797
2,3,61,757
3,5,17,1087
277273
2,3,113,409
2,59,2351
359,773
5,55529
2,7,83,239
3,7,101,131
2,283,491
101,2753
278143
278219
13,79,271
2,13,10709
278543
3,92867
2,2,5,7,11,181
2,3,3,15493
2,2,2,43,811
2,2,3,3,23,337
23,61,199
2,2,2,3,3,3,3,431
3,3,37,839
2,5,27947
5,55903
17,16451
53,5279
3,3,3,3,5,691
2,2,3,23327
2,5,7,4001
29,9661
3,93427
2,3,3,5,5,7,89
3,93493
2,53,2647
2,2,3,3,3,23,113
37,7589
2,2,3,5,31,151
2,13,101,107
127,2213
3,3,157,199
7,23,1747
2,2,2,2,3,5861
3,3,3,7,1489
3,47,1997
2,3,7,19,353
2,3,29,1619
5,7,8053
37,7621
282059
282157
3,3,3,10453
3,94111
2,19,7433
2,141277
2,11,29,443
2,2,2,2,41,431
7,11,3673
2,2,2,3,13,907
2,137,1033
2,2,70783
3,3,31477
2,141653
2,7,20249
7,17,2383
53,5351
2,2,2,2,3,23,257
23,12343
2,2,2,2,17747
2,11,37,349
2,142097
2,13,17,643
2,2,2,5,7109
3,94819
5,7,47,173
284623
2,23,41,151
3,3,5,6329
13,23,953
2,2,2,3,5,5,5,5,19
17,31,541
2,2,73,977
2,331,431
2,3,47581
2,2,71399
3,3,3,71,149
13,21977
2,241,593
5,7,8171
2,2,2,2,2,2,2,3,5,149
2,29,4933
2,2,2,2,2,5,1789
2,2,13,5507
3,3,3,103,103
2,2,2,7,7,17,43
3,19,47,107
2,3,5,11,11,79
2,3,3,15937
7,179,229
2,2,7,10253
5,11,23,227
2,2,3,5,4787
2,2,2,2,2,7,1283
2,2,2,19,31,61
7,41081
3,3,3,3,53,67
2,7,20551
2,2,2,2,17989
2,2,2,3,13,13,71
2,3,3,3,5,11,97
2,13,11083
2,11,13103
2,2,17,4241
3,3,32051
288571
2,144311
5,5,11549
3,96293
2,3,5,9631
23,12569
2,2,2,2,2,2,2,3,3,251
289249
2,144667
2,3,3,3,3,1787
23,12589
289607
5,167,347
2,11,13177
11,41,643
3,96667
2,2,2,2,2,2,3,1511
3,3,5,6449
2,2,72577
2,3,48409
2,131,1109
3,5,5,5,5,5,31
2,5,5,5,1163
3,3,32321
7,197,211
3,97007
73,3989
7,41609
3,137,709
3,3,3,43,251
2,31,4703
2,11,13259
167,1747
71,4111
7,179,233
3,11,8849
2,146063
2,2,2,2,2,2,4567
2,2,67,1091
3,3,53,613
3,7,13931
5,58537
37,41,193
2,146423
2,5,11,2663
2,2,2,2,2,2,19,241
2,3,48859
29,10111
3,3,37,881
2,2,2,2,3,6113
2,2,3,61,401
479,613
167,1759
29,10133
2,2,13,5653
5,23,2557
5,89,661
2,2,5,47,313
3,3,7,4673
2,2,11,6691
3,3,23,1423
2,2,2,3,3,4093
2,2,73693
11,17,19,83
5,58991
2,3,5,5,7,281
2,2,5,14759
2,17,19,457
5,5,11813
41,7207
5,7,8443
2,5,7,41,103
5,149,397
2,3,13,3793
2,2,167,443
7,42293
5,61,971
296249
2,148157
3,11,13,691
479,619
2,7,21191
2,148381
11,137,197
3,19,5209
297067
5,5,5,2377
3,7,14153
3,5,5,5,13,61
297403
19,15661
2,7,7,3037
2,3,49627
2,2,74471
2,5,31,31,31
2,2,2,19,37,53
2,5,29819
2,7,11,13,149
7,17,23,109
3,37,2689
3,3,17,1951
2,59,2531
167,1789
2,53,2819
37,8081
2,2,2,29,1289
2,149561
3,3,33247
2,2,2,2,2,2,3,1559
3,3,7,7,7,97
11,73,373
5,11,5449
2,2,2,2,2,2,3,7,223
2,3,5,5,1999
2,2,5,5,2999
13,41,563
2,150091
2,2,2,2,7,7,383
2,5,7,7,613
300499
300589
2,3,89,563
2,2,139,541
300857
2,2,67,1123
13,19,23,53
2,2,2,2,7,2689
19,101,157
59,5107
5,23,2621
5,11,5483
3,3,5,6703
2,2,2,2,3,6287
2,7,21559
11,27449
7,11,3923
2,3,5,7,1439
2,2,3,89,283
3,100769
23,13151
3,3,33617
67,4517
302747
43,7043
2,2,3,25247
2,2,2,2,3,59,107
107,2833
3,3,3,47,239
2,2,5,7,11,197
2,2,2,17,23,97
7,17,2551
303689
3,67,1511
5,7,8681
5,89,683
2,2,76003
2,2,139,547
3,101419
3,241,421
11,13,2129
2,2,19,4007
2,2,2,5,5,1523
3,3,7,7,691
3,17,43,139
2,2,2,38119
29,67,157
3,7,11,1321
7,59,739
31,9851
2,2,76369
7,19,2297
2,152837
305717
2,2,2,2,5,3823
3,5,20399
463,661
107,2861
139,2203
2,3,51059
2,7,7,53,59
281,1091
3,102229
2,2,2,3,12781
3,23,4447
2,2,5,103,149
2,2,2,2,3,6397
2,2,2,2,2,29,331
307243
2,37,4153
3,3,34157
3,23,4457
307639
2,2,2,3,12823
3,102607
19,19,853
2,154001
3,3,5,41,167
2,2,3,23,1117
3,7,53,277
167,1847
3,102859
2,154333
2,3,3,17,1009
308849
2,3,23,2239
2,2,2,7,5519
309121
2,2,2,38651
3,3,3,7,1637
2,2,11,13,541
2,3,5,17,607
2,2,2,2,3,6451
73,4243
2,2,29,2671
2,11,73,193
3,181,571
2,2,23,3371
2,2,11,11,641
2,3,17,17,179
2,2,2,197,197
5,62119
3,3,3,37,311
2,2,7,11,1009
310861
2,2,2,2,5,13,13,23
61,5099
2,2,2,2,5,3889
2,23,67,101
3,103787
29,10739
2,2,3,3,3,5,577
2,2,29,2687
7,44533
2,41,3803
2,389,401
7,109,409
312199
3,3,34693
29,10771
2,2,2,2,19531
312509
7,11,31,131
167,1873
2,19,8233
5,62591
2,2,3,3,5,37,47
2,89,1759
59,5309
2,2,2,3,5,7,373
37,43,197
2,3,5,10453
2,2,2,5,7841
13,24137
2,2,3,5,5231
53,5923
2,2,3,137,191
17,18481
2,2,3,3,7,29,43
3,3,53,659
383,821
41,7673
2,131,1201
2,2,3,37,709
2,157411
3,104971
2,3,3,11,37,43
61,5167
2,2,2,157,251
5,63067
2,2,3,61,431
2,2,2,2,3,3,7,313
2,3,31,1697
5,5,17,743
3,5,5,4211
2,2,3,3,3,3,3,5,5,13
2,2,2,39509
3,7,15053
316259
7,43,1051
31,59,173
316571
2,31,5107
2,2,7,11311
3,105619
2,2,17,59,79
2,2,31,2557
2,3,52859
2,2,2,17,2333
2,37,4289
3,5,7,3023
2,2,7,11,1031
2,158803
61,5209
2,3,31,1709
5,7,31,293
3,71,1493
2,159059
2,2,2,2,3,19,349
5,7,11,827
3,3,11,3217
3,106181
19,31,541
2,37,59,73
2,2,2,2,2,5,1993
2,2,2,2,2,9967
2,3,3,5,5,709
2,159589
319237
319339
319453
2,159773
43,7433
19,16831
2,2,2,5,11,727
3,5,7,11,277
320011
2,3,5,13,821
7,45757
43,7451
2,2,2,2,3,11,607
2,2,227,353
23,73,191
2,2,3,26731
3,3,3,5,2377
3,23,4651
41,41,191
5,64223
113,2843
3,5,5,5,857
5,239,269
2,7,103,223
2,2,3,3,5,1787
2,2,2,3,3,41,109
7,31,1483
11,29269
322097
3,11,13,751
7,19,2423
5,23,2803
2,3,223,241
322583
2,3,53777
2,2,3,13,2069
2,5,83,389
109,2963
5,64601
2,2,2,31,1303
3,197,547
2,107,1511
2,3,5,10781
2,2,2,37,1093
2,13,59,211
3,3,3,3,7,571
2,2,2,7,5783
2,5,5,11,19,31
324089
73,4441
2,2,2,5,11,11,67
13,13,19,101
17,19087
2,3,3,11,11,149
3,108217
2,3,3,18043
2,2,3,27067
2,2,3,3,5,5,19,19
41,7927
2,19,43,199
3,29,3739
3,3,37,977
5,65089
2,2,2,3,5,2713
2,162847
3,7,15511
167,1951
2,3,29,1873
2,2,2,2,2,2,5,1019
2,2,2,2,2,3,43,79
2,3,54371
2,19,31,277
2,2,3,11,2473
2,2,3,27211
19,17191
2,2,7,11,1061
326881
2,2,13,6287
327023
2,2,3,27259
2,2,3,3,61,149
7,19,23,107
2,31,5281
7,71,659
327661
5,5,7,1873
3,3,5,5,31,47
17,19289
7,46861
2,2,2,41023
2,29,5659
7,43,1091
2,2,2,2,3,3,2281
101,3253
43,7643
2,2,82183
2,3,3,18269
2,2,82237
3,43,2551
2,164599
2,5,13,17,149
3,5,7,3137
2,3,54907
3,109849
2,2,2,3,3,19,241
13,25367
227,1453
5,19,23,151
7,47143
2,7,17,19,73
2,165133
3,7,15731
3,7,15737
2,2,17,4861
3,193,571
11,107,281
2,2,2,2,2,2,2,5,11,47
173,1913
2,2,83,997
331171
2,2,11,7529
2,2,3,53,521
5,151,439
2,3,5,7,1579
2,3,7,53,149
19,19,919
2,2,2,3,5,5,7,79
331997
2,166031
2,166099
2,2,2,2,2,3,3461
2,166189
2,2,2,2,79,263
19,23,761
13,25589
3,5,7,3169
7,17,2797
11,30271
17,19,1031
333103
2,166609
3,111119
7,47639
2,7,23827
2,2,2,2,2,10427
2,3,3,3,7,883
5,23,2903
2,2,2,2,41,509
2,3,55667
2,2,2,3,3,3,7,13,17
2,2,13,6427
3,59,1889
59,5669
2,2,233,359
3,13,8581
2,2,2,2,20921
13,25759
2,2,11,23,331
3,3,59,631
2,5,5,6703
2,2,3,5,37,151
19,19,929
2,2,7,11981
3,11,10169
5,19,3533
13,23,1123
5,13,5167
2,2,137,613
2,2,2,2,2,10501
2,2,5,7,7,7,7,7
336247
3,191,587
2,2,2,2,21031
336533
336653
7,103,467
2,2,2,2,2,2,2,2,2,2,7,47
336911
2,168533
2,2,2,42139
2,3,3,41,457
3,5,113,199
2,3,5,7,1607
31,10889
5,5,5,37,73
2,2,84431
7,13,47,79
331,1021
47,7193
7,48313
5,29,2333
2,2,5,5,17,199
3,13,8677
7,11,4397
3,17,29,229
3,112913
3,3,3,7,11,163
2,2,84731
11,29,1063
3,11,43,239
3,7,29,557
5,5,7,7,277
3,113147
73,4651
3,3,13,2903
3,3,5,7549
71,4787
5,67987
2,7,107,227
340103
3,5,5,13,349
2,3,56731
2,2,5,29,587
7,48649
101,3373
3,113591
2,3,79,719
340999
2,2,2,2,2,2,73,73
7,48731
2,170609
3,3,5,5,37,41
3,31,3671
2,3,56921
5,11,6211
2,29,71,83
2,2,2,3,5,7,11,37
3,3,3,3,3,3,7,67
2,2,5,7,7,349
2,3,23,37,67
2,5,5,5,37,37
2,2,2,2,2,13,823
2,47,3643
2,2,3,3,5,11,173
3,19,6011
7,11,4451
3,3,3,12697
342989
2,337,509
343177
343261
3,13,8803
13,26417
2,2,7,7,1753
2,2,85909
139,2473
343801
2,13,13229
3,73,1571
11,67,467
344291
5,13,5297
2,2,3,3,7,1367
5,5,13781
344639
2,172399
2,3,3,3,3,2129
2,2,86243
2,2,2,7,61,101
13,139,191
2,3,3,19183
2,2,2,5,89,97
2,172709
3,229,503
2,2,3,3,9601
3,5,19,1213
2,2,2,2,2,101,107
2,2,3,5,5,1153
2,2,86509
2,61,2837
2,13,19,701
2,173177
2,3,7,73,113
3,19,6079
2,2,2,3,11,13,101
2,2,5,5,3467
2,11,15767
346903
2,3,5,43,269
347183
3,11,17,619
2,11,15787
2,2,86851
347519
3,115879
5,17,4091
347873
2,7,24851
131,2657
2,174091
3,3,5,71,109
3,3,13,13,229
2,2,11,7919
167,2087
11,31699
5,5,7,1993
348811
2,2,3,127,229
3,116351
2,2,2,5,7,29,43
2,174631
349379
7,49921
2,174773
2,2,2,2,21851
2,2,2,5,7,1249
2,2,3,3,3,41,79
2,2,5,5,3499
2,7,23,1087
2,3,3,3,5,1297
350249
3,116789
5,7,17,19,31
2,3,3,3,6491
2,3,5,13,29,31
37,9479
3,7,7,7,11,31
2,2,47,1867
2,349,503
2,89,1973
2,2,2,2,2,3,3659
2,7,25097
457,769
2,2,3,29297
23,15289
3,3,3,7,1861
2,2,2,2,2,2,2,2749
523,673
2,176021
5,70429
2,13,17,797
23,15319
352493
2,2,31,2843
2,2,2,5,5,41,43
2,2,5,31,569
2,2,2,2,3,7351
7,50417
19,18583
2,3,5,79,149
2,2,47,1879
2,5,5,37,191
2,2,2,3,3,4909
2,2,5,5,5,7,101
2,3,3,3,3,37,59
577,613
2,7,127,199
353921
2,2,2,3,14753
3,118037
2,2,2,3,14759
3,3,39371
2,2,41,2161
2,3,59093
5,5,5,2837
2,17,10433
2,41,4327
11,41,787
2,7,13,1951
2,2,2,2,2,3,3,3,3,137
3,3,29,1361
2,2,2,2,53,419
5,5,59,241
2,3,3,19753
2,7,7,19,191
2,11,19,23,37
2,5,19,1873
31,11483
7,50867
2,11,16187
2,5,11,41,79
593,601
2,2,2,2,2,3,47,79
79,4513
2,178327
11,32429
2,2,2,31,1439
2,2,2,2,22307
3,61,1951
2,5,23,1553
2,3,3,23,863
43,8311
2,5,103,347
7,7,7297
3,3,3,3,5,883
2,2,11,47,173
2,2,7,12781
3,3,7,13,19,23
2,2,2,11,13,313
13,59,467
337,1063
2,2,2,3,109,137
358429
3,17,79,89
2,2,2,2,5,4483
3,119569
383,937
31,11579
2,2,5,29,619
11,32647
2,2,3,79,379
3,119773
2,2,2,2,2,2,2,2,2,2,3,3,3,13
359509
2,13,13831
5,71941
2,2,2,5,5,7,257
359987
47,47,163
3,120049
3,3,3,11,1213
2,2,2,19,2371
2,2,2,2,5,5,17,53
5,72101
3,71,1693
2,2,2,2,3,3,3,5,167
360827
2,3,3,11,1823
2,5,79,457
11,32833
5,11,6569
361327
2,2,90359
2,2,3,47,641
2,180847
361799
2,2,2,2,2,2,2,11,257
2,2,13,6961
362081
362107
2,3,60373
2,2,2,2,11,29,71
2,2,2,89,509
362599
5,17,17,251
5,72559
2,3,3,19,1061
5,181,401
2,2,43,2111
2,11,17,971
2,193,941
3,5,53,457
2,23,7901
5,7,13,17,47
2,2,2,2,2,11,1033
363799
3,3,40427
363947
13,28001
3,3,23,1759
11,33113
5,7,7,1487
3,7,17,1021
43,61,139
2,2,17,31,173
3,61,1993
109,3347
2,2,5,5,41,89
2,2,2,2,7,3259
3,3,13,3121
2,2,2,2,2,101,113
7,19,41,67
2,2,2,17,2687
37,41,241
2,7,26119
2,3,47,1297
3,121937
3,3,3,5,2711
2,2,2,2,22877
13,28163
3,5,5,19,257
3,29,4211
43,8521
366517
2,183343
2,2,2,3,17,29,31
7,7,7487
2,2,2,3,15289
5,11,6673
367127
311,1181
43,8543
2,17,101,107
7,52511
2,2,91921
7,107,491
11,29,1153
101,3643
7,52583
2,184073
2,2,3,30689
368323
149,2473
2,5,36857
11,11,11,277
2,2,5,103,179
2,184409
2,2,149,619
3,17,7237
13,73,389
3,5,7,3517
29,47,271
13,43,661
599,617
2,3,61603
2,2,2,2,11,11,191
71,5209
3,7,79,223
3,5,24671
7,11,11,19,23
7,227,233
370399
61,6073
2,11,11,1531
7,11,4813
37,43,233
5,17,4363
2,2,2,3,13,29,41
2,7,26501
13,28549
371227
2,17,67,163
137,2711
31,11987
2,83,2239
2,185869
2,89,2089
3,7,89,199
601,619
7,17,53,59
2,2,2,2,2,2,3,7,277
2,3,5,12413
3,43,2887
2,3,3,7,2957
5,131,569
2,5,11,3389
2,2,83,1123
3,5,5,4973
2,421,443
2,2,7,13327
29,61,211
3,7,29,613
3,11,11317
2,2,2,2,3,43,181
2,23,8123
2,2,13,7187
2,11,13,1307
2,2,2,2,23371
3,59,2113
2,2,11,11,773
11,13,2617
2,2,173,541
2,187223
19,23,857
5,74923
2,187387
2,2,93703
2,7,61,439
157,2389
2,2,2,2,3,3,5,521
375257
31,12107
2,29,6473
2,2,2,2,2,11,11,97
3,5,5,5009
3,251,499
2,2,2,109,431
375979
3,125339
2,3,3,3,5,7,199
376231
2,188171
5,7,31,347
11,34231
2,2,3,5,6277
2,3,5,19,661
3,3,5,5,5,5,67
376927
2,131,1439
2,2,5,18859
2,2,94307
2,2,94327
2,2,2,13,19,191
377513
5,75521
7,53959
2,3,62981
2,2,2,2,13,23,79
2,2,2,3,3,59,89
31,12197
2,2,2,2,2,53,223
7,191,283
227,1667
2,2,2,5,9463
3,3,3,37,379
19,31,643
3,126271
2,3,83,761
2,7,27077
17,29,769
2,2,53,1789
2,2,2,2,131,181
11,34499
5,75913
3,5,17,1489
3,3,3,5,29,97
3,13,9739
3,5,73,347
2,2,2,47501
2,190063
2,2,2,2,2,2,2,2971
5,5,5,17,179
5,76099
107,3557
5,163,467
2,2,3,3,3,3,5,5,47
3,37,47,73
53,7187
381061
2,7,19,1433
2,2,2,2,23831
2,2,2,2,2,17,701
2,2,3,7,19,239
5,41,1861
381659
381713
3,127291
381911
2,5,13,2939
139,2749
13,29401
2,7,11,13,191
11,11,29,109
23,16633
2,13,14717
7,54673
3,5,25523
2,2,2,2,2,2,2,2,2,2,2,11,17
3,127679
2,2,2,2,5,4789
7,53,1033
23,79,211
2,191747
3,5,7,13,281
2,5,17,37,61
2,3,3,21319
2,2,2,47,1021
2,2,7,13711
3,3,3,3,11,431
5,76831
2,2,2,11,11,397
3,3,3,3,5,13,73
2,11,17477
2,5,38459
2,2,2,2,24043
2,5,79,487
2,192431
2,7,19,1447
7,67,821
3,5,25679
2,2,3,97,331
2,2,13,7411
2,5,38543
3,79,1627
5,5,5,5,617
385709
2,2,3,5,59,109
3,3,19,37,61
2,3,229,281
2,2,83,1163
2,17,37,307
2,2,96587
386471
2,2,241,401
2,7,71,389
461,839
3,3,3,14327
2,2,2,2,3,3,2687
3,3,43003
11,61,577
2,193649
3,13,9931
2,5,38747
11,11,3203
2,2,2,5,11,881
2,2,96931
2,2,3,32321
2,31,6257
11,35281
388109
2,194113
257,1511
2,2,7,13873
2,2,23,41,103
2,2,97171
139,2797
2,2,2,2,2,2,2,2,7,7,31
2,2,2,2,7,23,151
2,2,19,5119
3,7,7,2647
3,5,7,11,337
3,3,3,14419
2,7,43,647
2,2,97379
2,194813
3,129901
3,3,43321
2,2,107,911
29,13451
7,139,401
13,13,2309
2,195197
2,2,97607
2,2,3,7,4649
13,41,733
2,3,3,17,1277
2,2,2,2,2,2,31,197
2,3,11,5923
163,2399
2,2,3,37,881
391273
2,2,2,2,37,661
2,2,2,2,17,1439
391579
3,3,7,6217
2,2,2,23,2129
3,130633
3,3,5,31,281
37,10597
2,5,113,347
2,7,7,4003
3,3,3,11,1321
2,196247
3,130843
37,10613
107,3671
2,2,7,14029
2,11,17863
7,233,241
3,5,26209
2,421,467
2,3,65563
5,5,15739
2,2,3,32797
2,41,4801
2,13,19,797
5,79,997
2,2,2,2,24623
2,2,23,4283
7,56311
2,197101
3,5,61,431
2,2,5,11,11,163
241,1637
3,131561
2,2,229,431
394879
2,11,13,1381
2,2,17,37,157
3,107,1231
7,13,43,101
2,2,37,2671
3,13,10139
13,30427
3,7,83,227
2,2,2,3,3,23,239
13,30449
3,271,487
2,3,149,443
2,198091
396203
2,3,3,19,19,61
396449
2,3,157,421
5,23,3449
3,132257
2,2,2,2,2,12401
2,3,3,5,11,401
5,13,41,149
7,23,2467
2,139,1429
2,2,2,2,2,2,7,887
3,3,44159
397517
2,5,39769
3,5,5,5303
2,198937
2,3,3,22111
2,3,43,1543
2,227,877
2,199103
2,3,3,22129
398491
2,199267
2,3,3,3,3,23,107
2,2,5,19937
3,132953
3,5,67,397
2,2,2,2,3,3,17,163
399197
2,2,2,2,2,5,5,499
7,89,641
399499
399557
2,2,99907
2,3,3,7,19,167
3,5,19,23,61
3,3,7,7,907
229,1747
3,5,7,37,103
2,200117
2,200159
2,2,2,50051
2,2,11,9103
2,2,37,2707
400759
2,2,2,2,13,41,47
2,2,2,23,2179
2,239,839
37,37,293
2,439,457
2,200689
401417
3,133843
2,2,3,3,3,3719
2,2,11,23,397
23,17471
2,3,5,13399
402023
2,2,2,7,43,167
53,7589
2,2,2,3,5,7,479
3,53,2531
3,134171
457,881
2,271,743
13,17,1823
3,3,44773
7,13,43,103
2,201557
3,5,5,19,283
2,201653
2,2,19,5309
2,201781
2,2,7,13,1109
2,2,29,59,59
2,11,11,1669
2,2,3,41,821
13,31081
2,61,3313
3,67,2011
3,3,3,5,5,599
404449
17,53,449
401,1009
2,2,2,2,2,2,2,2,3,17,31
7,57829
2,3,67499
2,7,28933
11,13,2833
405211
2,3,3,3,7507
2,2,3,5,29,233
2,2,2,2,2,2,2,2,2,2,2,2,3,3,11
233,1741
2,2,2,2,25357
2,3,3,3,3,3,5,167
2,202999
2,89,2281
2,2,101531
3,135403
2,203183
59,83,83
2,2,5,29,701
3,135559
37,10993
139,2927
2,2,2,3,31,547
2,2,2,3,7,2423
59,67,103
19,21433
43,9473
19,41,523
109,3739
3,135899
2,2,3,3,3,5,5,151
5,81563
2,3,67993
3,5,11,2473
3,136057
3,136067
2,11,19,977
2,204233
2,3,68087
2,204319
7,7,19,439
47,8699
2,2,2,2,2,2,2,3,3,5,71
2,5,7,5843
2,204599
5,81853
179,2287
3,7,17,31,37
11,59,631
5,17,61,79
3,3,3,3,5059
2,101,2029
11,13,47,61
2,3,3,11,19,109
13,139,227
2,205129
2,7,7,53,79
2,3,3,5,4561
3,3,3,5,3041
2,2,3,19,1801
2,205399
2,2,102701
7,58711
2,205507
2,2,2,2,3,3,5,571
2,205607
5,82261
3,3,3,7,7,311
41,10039
557,739
2,2,2,2,2,2,7,919
2,43,4789
2,3,11,79,79
412037
5,13,17,373
2,2,59,1747
3,5,27487
3,17,8087
5,179,461
2,2,3,7,17,17,17
7,109,541
2,2,2,3,103,167
2,2,7,7,7,7,43
3,37,61,61
2,2,2,2,2,12911
3,347,397
2,206699
5,13,6361
3,7,7,29,97
5,17,31,157
71,5827
3,29,67,71
2,5,41399
2,2,2,2,113,229
2,2,2,2,3,8629
2,71,2917
2,207191
2,2,2,51803
2,17,89,137
2,2,103651
2,5,67,619
2,2,2,2,2,3,29,149
414977
2,2,17,17,359
23,18049
2,2,3,3,3,5,769
3,138461
71,5851
5,7,31,383
2,2,3,11,47,67
5,137,607
2,2,103951
2,2,103993
2,208037
71,5861
2,2,67,1553
2,2,2,5,7,1487
3,13,59,181
2,2,2,2,2,2,2,2,1627
2,2,3,3,71,163
2,3,3,3,7717
416881
3,23,6043
5,239,349
31,13457
5,83443
2,2,2,2,19,1373
2,2,2,2,2,2,11,593
5,47,1777
2,59,3539
2,2,2,2,3,3,3,967
2,2,2,2,2,2,6529
2,2,2,2,26119
2,2,3,5,6967
11,38011
2,2,3,3,11617
2,209173
418447
3,61,2287
418637
2,2,2,2,7,3739
5,211,397
418939
2,2,2,5,5,5,419
2,209563
2,2,281,373
2,2,2,2,26209
2,2,3,13,2689
2,2,2,5,17,617
2,209809
2,29,7237
599,701
2,2,113,929
5,5,53,317
31,13553
2,2,2,5,7,19,79
3,3,3,3,5189
2,2,61,1723
420521
2,29,7253
2,2,2,3,47,373
2,13,16187
3,173,811
421033
13,179,181
223,1889
3,3,3,5,3121
3,140477
13,32429
421609
17,24809
2,2,2,3,3,3,3,3,7,31
2,2,3,35159
2,3,3,23447
422183
3,140761
3,140773
5,11,7681
422567
2,2,105673
2,2,2,3,3,3,19,103
422803
3,5,5,5639
2,43,4919
3,23,6133
3,3,31,37,41
5,7,12097
2,3,70573
2,2,2,2,2,5,2647
2,3,17,4153
2,2,2,2,2,2,3,2207
7,7,41,211
5,5,31,547
2,2,2,53003
29,14627
3,7,20201
73,5813
2,2,2,3,3,3,3,5,131
424559
2,2,2,53077
2,2,2,5,7,37,41
424811
3,5,13,2179
2,223,953
5,85027
3,5,28351
2,7,17,1787
5,5,7,11,13,17
425549
2,212801
43,9901
2,2,17,6263
17,25057
2,163,1307
426103
2,53,4021
5,53,1609
2,3,17,37,113
3,3,83,571
2,2,23,4637
426773
3,3,3,15809
2,2,2,5,13,821
2,2,2,2,26693
3,3,5,11,863
47,9091
2,2,3,149,239
2,13,41,401
3,23,6197
191,2239
3,3,5,5,1901
2,2,2,53479
19,101,223
2,2,2,3,17837
2,13,43,383
2,197,1087
2,17,43,293
3,251,569
2,2,2,3,7,2551
428671
2,2,2,2,127,211
2,3,7,10211
2,3,11,67,97
2,2,2,3,19,941
83,5171
2,5,42923
3,3,3,15901
2,5,23,1867
7,7,11,797
2,3,101,709
2,3,3,3,3,7,379
2,2,2,5,11,977
2,214987
2,23,9349
11,39107
430259
13,79,419
3,43,47,71
557,773
269,1601
7,7,59,149
3,31,41,113
2,7,30781
23,18743
2,7,19,1621
61,7069
2,2,107827
5,86297
2,2,5,21577
2,2,3,3,19,631
2,215863
2,2,107951
7,13,47,101
2,19,11369
3,5,28813
3,19,7583
2,5,17,2543
3,13,13,853
2,23,9403
2,137,1579
2,2,7,13,29,41
2,2,2,11,4919
432907
2,2,3,151,239
3,144383
7,199,311
2,2,2,54163
3,7,20639
2,2,3,23,1571
3,5,28909
2,3,5,19,761
2,3,3,3,5,1607
7,47,1319
2,2,108503
2,3,72353
434201
3,29,4993
11,39499
19,89,257
3,3,5,13,743
5,5,17389
3,3,211,229
251,1733
2,2,5,21751
2,2,181,601
435283
131,3323
2,217717
2,41,47,113
19,101,227
2,19,11467
17,25639
233,1871
2,2,19,5737
2,3,139,523
3,3,48473
3,145459
2,47,4643
2,2,2,2,2,7,1949
2,2,11,9923
2,2,2,3,31,587
2,2,3,7,7,743
13,19,29,61
3,3,5,11,883
2,241,907
2,5,23,1901
277,1579
437471
3,3,61,797
3,199,733
11,13,3061
2,2,2,3,3,3,2027
5,87589
2,3,7,10429
5,5,17,1031
438211
7,11,5693
337,1301
5,239,367
3,73,2003
3,3,3,16249
2,2,3,3,73,167
13,19,1777
79,5557
3,5,5,5,1171
257,1709
2,2,109847
2,219721
2,5,5,59,149
2,3,3,5,5,977
2,3,3,11,2221
2,7,13,2417
5,87991
5,5,29,607
3,23,6379
440261
2,3,23,3191
13,31,1093
2,2,2,7,7867
2,2,41,2687
2,2,3,23,1597
2,2,2,7,7873
2,2,2,2,2,3,3,1531
2,2,71,1553
2,2,5,7,23,137
2,3,3,5,4903
3,3,3,5,7,467
2,3,3,137,179
441547
441607
2,2,3,3,7,1753
2,2,2,2,2,2,2,2,2,863
2,2,313,353
2,2,7,15787
2,2,7,15791
3,147419
2,67,3301
2,2,2,2,27653
2,2,5,22129
3,147547
2,2,7,97,163
107,4139
7,11,11,523
2,13,17041
11,40283
2,2,3,3,7,1759
2,2,7,71,223
443467
7,7,11,823
443687
2,19,11677
2,5,44381
2,2,29,43,89
29,61,251
2,5,43,1033
2,17,73,179
2,3,103,719
5,5,29,613
3,7,61,347
2,2,3,7,67,79
107,4157
3,79,1877
2,2,2,2,27809
3,5,29669
2,222553
7,63611
419,1063
2,7,31817
445597
2,2,2,2,2,2,2,2,1741
2,2,111439
2,2,2,2,11,17,149
2,2,111491
2,5,31,1439
2,3,74353
446231
29,15391
3,31,4801
446597
446647
2,5,5,5,1787
2,3,3,3,5,5,331
3,148997
5,7,53,241
2,2,111779
2,7,17,1879
59,7583
447451
2,2,41,2729
11,40699
3,5,29851
3,173,863
3,31,4817
2,2,2,3,3,7,7,127
2,31,7229
11,40751
5,7,12809
43,10429
3,11,13591
2,2,13,8627
163,2753
2,224401
17,26407
2,2,7,7,29,79
2,2,2,2,2,5,7,401
449249
2,2,2,2,2,19,739
3,11,53,257
449557
43,10457
3,13,13,887
3,11,13633
11,19,2153
2,2,59,1907
3,59,2543
3,150097
5,113,797
2,2,13,8663
2,2,2,2,29,971
3,19,7907
2,2,281,401
2,2,2,2,19,1483
2,2,79,1427
5,7,7,7,263
2,2,2,5,11279
2,2,3,19,1979
2,5,11,11,373
2,2,7,23,701
5,5,18061
2,5,19,2377
7,47,1373
41,103,107
2,2,2,5,11299
3,31,4861
2,2,2,31,1823
2,2,2,2,3,9421
2,3,3,13,1933
2,226231
3,3,3,3,37,151
3,150883
3,150901
11,13,3167
2,23,43,229
11,41183
2,5,45319
3,3,3,16787
2,2,2,2,43,659
2,2,3,3,5,11,229
5,5,18143
3,89,1699
453757
73,6217
2,2,37,3067
2,2,223,509
5,90833
454297
3,5,31,977
2,2,17,41,163
2,2,2,2,28411
3,3,50513
2,3,75787
2,227431
3,151637
2,2,2,3,18959
3,173,877
2,5,7,7,929
3,5,7,4337
2,227743
455513
5,91121
2,2,7,41,397
2,29,29,271
2,2,11,43,241
167,2731
2,228097
2,228139
456329
2,11,20749
5,7,13043
2,2,5,17,17,79
456769
2,29,7877
2,83,2753
191,2393
3,3,5,10159
3,3,23,47,47
2,3,7,10889
2,2,3,3,97,131
3,3,50839
2,2,7,59,277
3,3,3,3,5651
3,13,59,199
2,2,7,11,1487
2,2,2,7,8179
2,229081
2,229127
2,3,3,5,11,463
2,2,61,1879
2,2,2,3,3,3,11,193
2,2,2,57331
97,4729
2,383,599
2,229469
2,2,3,29,1319
359,1279
101,4547
2,5,71,647
13,59,599
7,65657
5,5,5,3677
3,13,11789
2,229939
2,2,2,3,5,3833
460063
3,3,51133
181,2543
67,6871
11,19,2203
2,3,76753
2,230309
431,1069
3,3,41,1249
37,12457
3,31,4957
2,307,751
2,230611
2,389,593
3,7,7,43,73
2,3,3,25639
2,2,3,17,31,73
3,3,3,7,7,349
3,153941
2,3,13,5923
73,6329
2,3,77029
2,2,5,11,11,191
5,5,18493
2,2,3,3,5,7,367
2,41,5641
2,3,3,25703
2,3,233,331
462887
2,2,2,7,7,1181
5,7,13229
463103
3,307,503
2,2,3,38609
2,19,12197
2,47,4931
2,231841
2,3,77291
2,2,7,16567
3,211,733
3,3,47,1097
3,131,1181
2,3,5,5,5,619
43,10799
3,3,5,10321
7,31,2141
2,2,2,29,2003
2,17,13669
5,5,18593
2,2,2,2,3,3,3229
3,19,41,199
2,2,3,7,7,7,113
2,11,21149
5,11,8461
2,2,116371
7,227,293
465679
2,5,47,991
7,61,1091
2,2,11,10589
2,2,116507
2,2,19,6133
5,93253
2,2,116593
17,23,1193
2,2,2,2,13,2243
2,2,2,17,47,73
3,155581
2,5,5,9337
5,47,1987
5,29,3221
467197
97,4817
2,53,4409
3,7,22259
43,83,131
467669
2,3,11,19,373
3,5,31189
2,2,2,3,17,31,37
2,2,5,7,3343
2,2,3,3,3,3,5,17,17
2,2,2,2,2,14633
2,2,2,2,2,3,7,17,41
2,5,31,1511
5,93701
2,31,7559
127,3691
3,31,71,71
2,234499
17,41,673
2,2,2,2,7,59,71
469229
2,3,3,5,5,7,149
2,234733
2,2,2,2,3,3,3,1087
2,3,3,7,3727
13,36137
2,2,3,5,41,191
2,234979
2,5,29,1621
2,2,5,11,2137
3,11,14249
2,3,3,7,3733
2,2,5,43,547
2,5,47057
2,2,2,2,23,1279
5,5,19,991
3,3,113,463
2,5,13,3623
5,94219
2,2,3,3,23,569
17,19,1459
503,937
11,42859
3,5,5,6287
109,4327
471769
2,235919
3,5,73,431
2,193,1223
2,137,1723
2,2,2,2,2,2,47,157
2,3,3,19,1381
2,2,83,1423
2,191,1237
2,236323
2,236381
472817
313,1511
2,2,5,7,31,109
473141
5,103,919
2,3,257,307
473453
7,67651
473647
89,5323
3,59,2677
2,2,2,3,7,7,13,31
3,3,3,3,3,1951
251,1889
474211
2,2,2,211,281
3,167,947
474569
2,2,2,3,3,19,347
2,237373
2,7,13,2609
2,439,541
2,29,8191
2,2,2,59399
7,67891
2,237683
2,2,3,39619
2,237763
2,3,79283
2,2,118931
7,101,673
2,2,3,17,2333
3,23,6899
2,5,17,2801
2,3,79367
7,68053
476429
3,7,22691
11,17,2549
491,971
107,4457
2,238481
3,109,1459
5,37,2579
2,2,2,2,23,1297
2,2,2,2,2,2,2,3,11,113
13,19,1933
2,3,7,83,137
2,3,5,15923
2,7,34127
477811
3,159319
3,3,3,5,3541
2,2,5,23909
2,2,2,2,3,3,3,3,3,3,41
478339
2,251,953
2,271,883
3,159563
3,5,59,541
2,2,2,2,2,13,1151
2,5,83,577
73,6563
5,61,1571
37,12953
2,5,47939
3,159833
2,2,2,7,8563
13,79,467
2,2,2,2,3,5,1999
17,28229
31,113,137
7,68581
3,5,32009
3,3,3,3,7,7,11,11
2,240173
11,31,1409
2,19,12647
23,20897
2,37,73,89
13,71,521
480941
2,3,3,26723
2,3,3,26729
2,5,17,19,149
2,2,7,17191
3,3,149,359
481513
2,17,31,457
7,68819
13,19,1951
481997
2,2,5,24103
5,11,11,797
3,3,5,7,1531
2,241177
2,11,21929
2,31,43,181
2,3,80449
2,2,3,5,5,1609
113,4273
2,2,23,29,181
43,47,239
17,43,661
2,2,2,2,2,2,3,3,839
2,3,7,17,677
137,3529
5,97,997
2,3,149,541
2,2,2,2,5,6047
2,2,19,6367
2,3,80657
2,3,80681
2,2,2,2,30259
3,5,19,1699
13,19,37,53
2,2,2,2,2,2,3,3,29,29
2,5,47,1031
2,2,121169
5,7,11,1259
167,2903
3,41,3943
2,59,4111
2,2,3,40427
485263
3,3,53927
3,5,32363
2,11,29,761
3,3,7,13,593
2,2,2,2,2,43,353
7,13,19,281
2,2,3,5,7,13,89
2,2,2,2,2,3,61,83
2,2,2,2,23,1321
43,43,263
2,2,2,3,23,881
3,3,54049
3,7,23167
3,3,23,2351
2,2,2,3,17,1193
79,6163
486947
13,89,421
2,2,2,2,3,3,17,199
2,29,31,271
487349
2,2,2,5,5,2437
3,162527
487603
3,3,3,3,3,3,3,223
2,83,2939
397,1229
2,244043
2,2,5,7,11,317
2,3,3,3,9041
3,7,13,1789
2,244243
5,5,19543
2,2,2,2,2,15269
397,1231
139,3517
5,97787
2,5,79,619
2,244553
2,2,2,2,30577
13,37643
83,5897
11,44501
3,227,719
2,11,113,197
3,67,2437
2,2,2,2,3,59,173
2,2,2,2,2,3,5,1021
2,245087
7,59,1187
2,2,3,7,13,449
2,2,2,2,2,2,2,2,2,2,479
2,3,11,7433
2,7,101,347
359,1367
2,2,2,61357
490993
397,1237
2,43,5711
3,3,54581
5,11,8933
5,98299
2,2,2,2,31,991
13,59,641
2,29,61,139
17,28933
139,3539
7,70297
2,5,7,79,89
2,17,31,467
2,2,3,89,461
2,2,2,2,3,10259
13,37889
2,3,7,37,317
2,2,3,3,13687
401,1229
5,311,317
2,2,2,3,5,7,587
493127
5,5,109,181
3,3,3,11,11,151
2,2,123373
3,179,919
19,25981
3,7,7,3359
29,17029
2,5,7,7057
2,2,3,7,5881
2,3,3,3,9151
494281
494387
2,2,123601
5,98911
3,181,911
17,29101
2,2,2,7,8837
463,1069
2,2,3,7,71,83
53,9343
23,61,353
2,247651
5,41,2417
3,3,55061
2,2,123911
495791
5,17,19,307
3,23,7187
2,2,2,2,29,1069
3,165367
3,53,3121
3,3,131,421
2,401,619
5,19,5227
2,5,49667
3,3,97,569
5,99367
496963
5,99409
2,2,3,3,7,1973
3,7,23677
37,13441
2,248701
2,2,5,5,5,5,199
2,2,2,2,2,103,151
2,3,3,5,5531
2,89,2797
2,2,2,2,2,2,31,251
7,71153
2,83,3001
2,3,11,7549
2,249187
2,11,139,163
5,179,557
2,3,83101
7,191,373
2,2,2,23,2711
2,2,37,3371
2,7,43,829
11,45377
2,2,2,139,449
2,3,3,3,7,1321
2,17,37,397
43,11617
499637
3,5,11,13,233
2,2,2,2,7,4463
2,249989
2,3,5,7,2381
5,29,3449
13,109,353
41,12203
13,137,281
2,3,5,5,47,71
3,166867
2,2,2,3,31,673
2,2,2,3,7,11,271
3,3,55661
2,2,3,3,3,4639
2,5,50111
2,3,139,601
2,2,2,2,2,15667
2,5,11,47,97
3,349,479
2,2,125407
2,31,8093
501863
2,2,179,701
2,2,11,11411
502181
7,11,11,593
2,2,17,83,89
2,2,2,2,2,7,2243
2,2,73,1721
3,3,7,79,101
3,167597
2,2,11,11,1039
2,251467
53,9491
3,3,7,7,7,163
11,45751
7,13,5531
3,41,4093
3,229,733
2,251833
2,2,2,3,139,151
19,23,1153
2,2,3,41999
504017
2,2,193,653
2,2,2,13,13,373
504389
2,2,3,17,2473
504593
2,2,2,3,17,1237
3,311,541
2,7,107,337
504989
2,3,41,2053
2,7,109,331
2,2,2,2,2,3,19,277
13,38873
2,2,2,2,3,10531
2,2,2,2,5,71,89
2,2,2,5,12641
5,101149
241,2099
505919
131,3863
506119
181,2797
7,151,479
5,199,509
2,2,126641
3,5,5,5,7,193
2,2,2,2,2,5,3167
2,19,13337
7,72421
3,7,7,3449
2,2,97,1307
2,3,5,11,29,53
2,3,3,3,5,1879
2,89,2851
13,39043
2,2,126913
37,13723
2,2,2,63487
2,3,31,2731
2,2,7,18143
3,113,1499
2,2,2,2,2,2,2,11,19,19
2,2,7,67,271
2,2,3,7,6053
2,2,2,11,5779
5,5,20347
3,169567
2,13,19571
29,17551
3,3,23,2459
2,2,2,31,2053
19,26801
2,2,2,2,2,2,2,23,173
2,2,3,42451
2,2,2,2,2,2,2,3,1327
2,13,19603
2,3,5,16993
2,2,5,13,37,53
5,7,17,857
3,170029
2,2,3,5,11,773
5,7,61,239
510331
3,229,743
510589
2,3,3,19,1493
7,7,7,1489
2,2,2,67,953
2,2,2,2,2,7,2281
5,43,2377
17,107,281
5,5,11,11,13,13
41,12473
2,2,2,2,2,2,61,131
2,2,19,53,127
2,2,127913
17,30103
2,19,19,709
11,11,4231
3,3,56891
41,12491
3,170761
2,2,3,3,43,331
3,139,1229
2,7,31,1181
2,2,128159
7,17,31,139
2,3,85469
2,256499
3,7,11,2221
2,5,7,7331
3,7,24439
2,197,1303
37,13877
2,211,1217
2,3,11,43,181
2,2,128449
5,102763
3,7,24473
13,19,2081
2,2,2,2,7,4591
2,2,2,17,19,199
31,47,353
499,1031
514519
2,2,128659
2,2,7,31,593
2,2,17,67,113
2,257473
2,2,128767
2,2,2,19,3389
13,13,3049
3,37,4643
3,171827
197,2617
5,13,7933
2,2,2,23,2803
7,73693
283,1823
2,2,2,3,3,3,2389
2,5,51613
3,172069
13,39719
3,3,3,31,617
5,11,9391
7,7,13,811
179,2887
2,7,36919
2,11,23497
2,3,3,23,1249
11,53,887
2,2,31,43,97
2,17,15217
517459
2,2,3,17,43,59
2,3,19,19,239
2,3,86287
2,3,3,13,2213
17,30467
2,2,2,2,32381
191,2713
41,12641
2,5,5,7,1481
2,2,2,229,283
3,5,181,191
5,227,457
2,259387
2,31,8369
13,13,37,83
3,5,7,4943
7,74167
7,74177
191,2719
3,13,19,701
519581
2,2,2,2,2,3,5413
2,5,51973
17,30577
7,17,17,257
2,2,13,73,137
7,74311
29,17939
2,2,5,26017
263,1979
2,3,53,1637
2,2,3,5,8677
3,11,31,509
7,37,2011
520921
3,13,31,431
5,5,5,11,379
7,113,659
2,2,130337
2,3,3,59,491
307,1699
5,104327
521707
2,2,130457
521903
2,2,130517
2,261077
5,5,13,1607
2,2,130579
2,2,11,31,383
2,13,101,199
5,107,977
2,2,3,7,7,7,127
2,261439
2,2,2,3,7,11,283
5,73,1433
97,5393
5,5,20929
523387
2,261707
2,2,2,2,2,2,2,2,5,409
37,14153
29,18061
2,2,2,3,13,23,73
7,29,29,89
7,13,13,443
2,7,37441
3,174737
2,29,9041
3,3,19,3067
17,59,523
2,3,3,3,5,29,67
5,104959
157,3343
5,277,379
5,11,9547
2,2,2,2,2,16411
2,3,5,17509
2,5,131,401
5,11,41,233
2,5,52553
5,11,19,503
3,3,3,3,6491
3,175267
5,107,983
2,3,3,11,2657
2,2,2,2,3,97,113
2,107,2459
19,27701
526441
239,2203
2,5,31,1699
131,4021
2,2,3,11,13,307
2,7,61,617
2,5,52709
2,2,5,26357
3,175757
3,175781
2,23,11467
3,5,17,2069
3,71,2477
527729
3,251,701
5,23,4591
528043
3,3,7,83,101
2,11,11,37,59
3,13,19,23,31
2,3,3,31,947
53,9973
2,2,2,3,3,7,1049
528779
3,5,35257
2,3,23,3833
5,105817
2,3,5,31,569
3,3,23,2557
487,1087
2,2,3,44123
2,2,3,44129
3,7,11,2293
2,2,132439
3,347,509
2,2,3,44159
2,5,53003
2,7,37871
2,23,11527
530353
2,163,1627
193,2749
3,7,37,683
2,7,167,227
5,5,17,1249
2,2,2,2,2,47,353
2,2,2,2,33191
2,3,88523
2,2,7,18973
2,2,71,1871
3,17,17,613
7,75937
3,177209
2,5,53171
7,75983
2,3,5,7,17,149
2,2,19,7001
2,2,2,3,22171
17,131,239
532373
532447
2,2,67,1987
2,2,3,7,17,373
3,5,11,3229
3,3,73,811
2,266479
5,11,11,881
3,7,53,479
37,14411
2,2,3,44449
533453
7,199,383
533671
3,3,127,467
29,79,233
3,31,5741
3,67,2657
3,19,9371
2,311,859
2,2,31,31,139
197,2713
2,3,3,17,1747
3,13,13709
2,2,2,2,2,2,3,5,557
5,41,2609
2,267479
2,13,13,1583
2,2,2,2,3,11149
53,10099
535333
2,267749
5,5,31,691
535669
41,73,179
13,41221
2,263,1019
2,5,53609
2,2,134047
5,107243
2,2,3,3,47,317
7,11,6967
2,2,2,2,3,7,1597
2,19,29,487
2,127,2113
11,37,1319
3,5,5,7159
2,3,5,17903
7,76733
2,3,3,3,9949
3,179111
3,179161
2,2,5,5,5,5,5,43
7,76801
537749
2,2,3,44819
2,47,59,97
2,2,2,3,3,3,47,53
3,179381
2,2,2,19,3541
2,2,134581
2,2,3,11,4079
538529
2,2,134669
2,13,17,23,53
5,107777
157,3433
11,19,2579
2,257,1049
2,2,31,4349
2,3,89897
2,3,47,1913
2,2,11,12263
2,3,3,29983
3,3,5,5,2399
193,2797
31,17419
2,29,9311
2,3,3,37,811
2,2,2,2,2,16883
2,2,2,31,2179
2,3,3,3,10009
2,11,79,311
3,3,3,3,3,5,5,89
2,5,41,1319
5,108161
113,4787
2,2,2,2,2,11,29,53
2,2,5,27059
2,2,11,12301
11,49211
2,3,3,3,37,271
3,3,60167
2,7,7,5527
2,2,17,31,257
5,7,113,137
2,2,5,5,5419
3,11,16427
3,3,3,43,467
3,7,7,7,17,31
2,3,3,30133
2,2,2,67801
151,3593
2,2,2,29,2339
3,17,29,367
2,2,2,2,5,5,23,59
2,2,135727
2,37,41,179
13,41777
2,61,61,73
2,2,3,3,3,3,3,13,43
2,2,2,2,5,6793
2,2,135887
3,181213
11,49433
3,5,13,2789
3,179,1013
2,2,2,2,2,3,3,1889
2,3,5,7,2591
719,757
2,23,11833
461,1181
23,23677
2,2,173,787
89,6121
2,272449
2,269,1013
2,3,3,11,2753
3,181729
2,13,67,313
2,2,5,11,37,67
2,2,2,29,2351
2,5,54559
5,7,7,17,131
3,3,60637
673,811
3,3,5,11,1103
546097
2,2,2,13,59,89
2,273127
2,3,3,3,67,151
2,7,23,1697
2,273283
2,2,2,3,5,5,911
3,182261
546859
546943
2,7,23,1699
2,7,11,11,17,19
2,2,41,47,71
3,3,5,12163
3,182473
2,2,3,45631
7,78241
3,157,1163
2,13,19,1109
3,19,9613
3,3,3,20297
5,37,2963
2,7,39161
5,17,6451
2,2,2,7,7,1399
3,67,2729
2,23,11927
13,42209
2,2,3,45737
13,42227
2,2,137251
3,13,14081
3,7,26153
2,3,13,7043
2,2,2,68683
17,32327
3,183203
2,274889
2,7,7,31,181
2,7,11,3571
3,7,11,2381
3,5,36677
2,2,2,3,3,7643
2,2,2,3,17,19,71
2,2,2,83,829
2,3,3,3,5,2039
2,3,3,3,3,3,11,103
11,50069
2,3,3,5,6121
2,2,139,991
3,83,2213
2,2,2,68897
2,3,79,1163
2,3,3,3,10211
3,11,17,983
551569
2,2,2,2,5,5,7,197
2,2,2,2,3,5,11,11,19
11,11,4561
2,2,137993
2,2,138007
2,2,2,2,34511
5,19,5813
5,7,43,367
2,2,2,5,7,1973
2,276251
2,2,2,37,1867
521,1061
2,2,2,69109
5,110587
3,184337
5,11,89,113
2,2,2,2,151,229
2,3,5,5,7,17,31
553481
5,53,2089
2,2,2,2,7,4943
101,5483
2,163,1699
73,7589
2,277003
547,1013
2,2,3,11,13,17,19
2,3,3,19,1621
2,3,3,5,61,101
554569
7,79231
2,2,2,2,34673
2,277427
2,2,2,173,401
2,3,79,1171
2,277577
2,227,1223
2,3,92557
3,3,3,7,2939
555589
2,367,757
3,3,5,53,233
59,9421
3,3,223,277
556027
2,2,5,5,67,83
2,278147
2,2,5,27817
2,2,2,69557
269,2069
2,11,25301
5,111347
3,17,61,179
2,3,92821
11,79,641
2,2,31,4493
23,24229
2,229,1217
7,79633
557519
2,2,11,19,23,29
3,5,37181
3,3,61979
2,2,2,3,3,3,3,3,7,41
2,7,23,1733
2,279073
5,111659
2,2,3,3,15511
558499
558599
2,279329
558793
7,79841
2,5,11,5081
2,2,139759
47,11897
559213
43,13009
17,32909
2,2,2,113,619
5,7,15991
559739
2,3,3,3,7,1481
2,83,3373
5,112019
5,181,619
7,163,491
5,112067
2,71,3947
2,3,3,31139
2,3,3,5,6229
2,7,41,977
3,3,3,20773
17,32999
3,3,3,3,3,2309
3,3,3,7,2969
2,2,2,17,4127
5,7,43,373
3,187141
2,280769
2,17,16519
2,2,29,29,167
2,3,3,7,7,7,7,13
2,2,3,3,67,233
3,187361
2,7,13,3089
5,112459
2,317,887
17,33083
2,3,3,3,11,947
2,3,191,491
11,11,4651
5,112577
2,2,3,43,1091
2,7,131,307
3,5,7,31,173
59,9547
2,7,40237
2,3,93911
2,281777
733,769
73,7723
2,3,3,3,53,197
563947
2,2,13,10847
2,3,5,5,3761
107,5273
3,23,8179
5,5,107,211
2,3,94099
3,11,71,241
2,2,3,47059
2,2,141209
564997
2,2,141269
2,2,229,617
2,41,61,113
2,2,3,3,3,3,5,349
2,2,2,2,3,3,3,7,11,17
5,113111
2,2,13,73,149
2,3,5,18859
2,41,67,103
2,61,4639
2,3,5,18869
5,113233
2,2,67,2113
2,5,5,47,241
2,2,141601
2,17,19,877
2,2,2,2,2,3,5903
3,3,62969
566857
79,7177
2,3,11,11,11,71
2,2,2,5,11,1289
2,7,31,1307
2,2,2,2,35461
2,2,5,17,1669
2,3,3,3,23,457
3,11,17203
2,2,2,2,2,113,157
5,7,16223
567961
2,2,3,47339
2,284083
17,33427
568391
5,41,47,59
2,2,311,457
2,2,3,47389
2,2,2,71089
2,2,2,3,137,173
5,5,11,2069
3,7,7,7,7,79
7,11,19,389
3,3,19,3329
3,189799
2,11,11,13,181
3,3,11,11,523
3,181,1049
3,23,23,359
2,3,73,1301
2,2,19,7499
2,3,7,7,7,277
29,19661
5,5,22811
3,190129
2,11,25931
3,3,3,11,17,113
570697
37,15427
283,2017
3,11,11,11,11,13
2,2,11,12979
2,3,23,4139
37,15439
571339
3,11,17317
2,2,3,19,23,109
2,5,11,5197
11,51977
2,5,13,53,83
2,3,3,3,7,17,89
439,1303
572177
2,7,41,997
2,2,7,20441
3,3,3,3,37,191
37,15473
5,7,16361
269,2129
572807
17,67,503
2,2,3,17,53,53
2,2,2,3,11,13,167
5,7,11,1489
2,286687
573487
2,2,13,41,269
2,2,3,47807
67,8563
2,2,2,2,2,2,3,7,7,61
2,2,2,2,2,2,2,2,2,19,59
574061
2,2,2,43,1669
2,2,143569
2,13,22091
574429
2,2,239,601
2,2,5,59,487
3,3,19,3361
2,5,57487
2,2,2,7,10267
2,287501
2,2,2,71899
2,2,2,7,10273
2,2,2,2,2,3,13,461
29,19843
575591
2,2,143909
2,2,2,2,2,19,947
2,2,11,23,569
2,2,2,3,3,19,421
7,17,47,103
576151
2,17,17,997
576319
2,2,2,2,3,3,4003
2,2,47,3067
2,2,144161
576769
181,3187
2,2,2,3,3,3,2671
3,7,27479
3,3,3,21377
379,1523
2,5,13,4441
2,3,3,7,4583
2,288773
7,7,11789
5,7,17,971
61,9473
2,2,3,3,3,5351
2,31,9323
2,2,144541
3,3,47,1367
2,2,3,48193
2,2,2,72307
2,2,5,5,5,13,89
2,3,7,23,599
2,5,11,5261
5,115777
2,5,57899
579023
2,3,83,1163
2,2,3,3,3,31,173
2,2,2,2,7,7,739
19,30497
3,193189
2,2,313,463
2,289871
5,11,13,811
2,2,2,2,3,43,281
619,937
2,3,5,83,233
580219
349,1663
3,17,19,599
2,3,5,37,523
7,7,17,17,41
2,3,3,7,11,419
580891
2,3,11,8803
2,2,2,2,2,2,7,1297
2,2,3,79,613
2,2,331,439
2,11,26423
2,23,12641
581599
2,290827
3,3,109,593
2,2,17,43,199
2,2,7,7,2969
2,3,5,19403
2,2,145549
2,3,3,5,6469
59,9871
5,5,23297
2,5,17,23,149
2,2,113,1289
582719
2,3,5,19427
3,3,3,3,3,2399
3,263,739
5,223,523
11,13,4079
583339
2,2,2,2,2,2,3,3,1013
2,2,2,11,19,349
2,2,5,7,11,379
3,194569
211,2767
3,5,7,67,83
2,2,5,29201
2,292081
3,5,17,29,79
443,1319
584473
11,11,4831
3,3,17,3821
2,2,146191
23,47,541
5,79,1481
2,2,2,2,36563
5,5,5,31,151
2,5,5,5,2341
585341
149,3929
2,3,17,5741
163,3593
2,3,3,3,10847
37,71,223
5,233,503
2,2,7,20929
2,2,2,2,5,17,431
2,2,3,3,5,3257
2,3,3,32573
5,53,2213
3,3,3,5,5,11,79
23,23,1109
3,195593
2,3,3,32603
586981
2,3,227,431
3,19,10301
2,2,2,2,3,5,2447
23,25537
347,1693
587533
2,61,4817
3,3,65309
2,3,13,7537
101,5821
3,3,5,73,179
3,3,3,3,53,137
2,2,307,479
2,37,7951
5,5,23539
2,17,19,911
2,3,13,7547
2,2,3,3,5,3271
13,45293
2,2,2,2,2,2,2,43,107
2,294523
2,2,2,2,2,2,5,7,263
3,196429
2,2,147341
5,117883
181,3257
2,31,9511
3,196579
2,2,3,13,19,199
2,5,58997
2,31,31,307
3,13,15131
61,9677
397,1487
2,3,3,32803
3,41,4801
3,5,13,13,233
7,37,2281
3,3,5,19,691
5,19,6221
2,5,7,8443
11,17,29,109
2,2,2,3,71,347
5,118273
2,113,2617
103,5743
2,2,2,2,3,3,7,587
2,3,17,5801
3,197293
2,2,3,49331
2,2,3,3,16447
592199
3,5,5,53,149
2,2,3,49363
2,2,2,3,3,3,13,211
2,2,3,19,23,113
592609
2,3,3,3,3,3659
592861
13,17,2683
7,7,7,7,13,19
5,97,1223
593213
2,296683
257,2309
2,3,19,41,127
593647
593783
163,3643
5,7,71,239
2,2,2,2,107,347
2,7,42437
2,2,3,13,13,293
17,34961
293,2029
594569
587,1013
2,2,7,11,1931
5,118973
3,3,3,3,5,13,113
5,59,2017
2,3,99191
3,23,8627
7,7,12149
3,3,3,3,7351
101,5897
5,109,1093
2,2,2,113,659
3,3,73,907
13,23,1993
5,199,599
5,43,47,59
3,3,3,5,7,631
2,2,2,2,2,5,3727
103,5791
596537
2,3,3,33149
2,2,3,3,3,5,5,13,17
2,11,13,2087
2,2,2,3,3,8291
3,29,6863
3,5,41,971
31,19267
2,2,149333
2,2,233,641
2,2,3,3,3,11,503
3,167,1193
2,7,42697
11,13,37,113
2,13,13,29,61
2,3,99667
2,2,149533
101,5923
5,5,7,13,263
598439
5,11,10883
163,3673
19,31511
2,2,3,3,3,5,1109
5,103,1163
2,7,42787
37,16193
599231
2,299671
3,3,43,1549
47,12757
2,2,2,23,3259
17,35281
7,43,1993
3,13,15383
2,2,3,5,73,137
2,2,3,3,3,5557
2,5,193,311
7,7,12253
2,113,2657
600577
461,1303
2,2,2,7,17,631
11,193,283
3,3,23,2903
3,200363
3,151,1327
3,200401
2,13,101,229
3,307,653
2,7,97,443
2,2,2,2,31,1213
2,3,5,31,647
3,313,641
2,300997
2,2,2,3,25087
2,3,5,20071
31,19427
29,20771
2,3,5,7,19,151
2,2,5,47,641
17,35449
11,37,1481
2,2,23,6553
2,301493
603013
257,2347
2,2,47,3209
2,2,2,3,23,1093
2,3,163,617
2,2,2,3,25147
43,101,139
2,2,2,2,2,2,2,53,89
373,1619
7,19,19,239
3,3,41,1637
2,2,2,5,11,1373
31,101,193
3,13,15497
2,2,2,2,5,5,1511
2,2,3,5,5,5,13,31
101,5987
3,19,103,103
604861
2,11,107,257
7,13,61,109
3,201701
2,2,71,2131
2,2,2,3,3,7,1201
3,5,181,223
7,86509
3,201881
19,31883
3,5,31,1303
3,7,11,43,61
2,19,41,389
7,86599
2,3,3,13,2591
2,2,2,2,2,7,2707
3,5,40433
2,2,5,13,2333
17,17,2099
2,2,5,23,1319
2,2,2,2,5,5,37,41
17,19,1879
2,3,101183
2,107,2837
2,2,2,2,3,3,4217
2,2,149,1019
3,7,28927
2,179,1697
41,14821
19,29,1103
13,46757
3,41,4943
2,47,6469
5,7,17377
2,3,7,7,2069
608357
2,11,17,1627
2,5,7,8693
3,23,8821
2,53,5743
23,103,257
643,947
2,304523
3,19,10687
23,26489
609337
2,2,2,2,2,2,89,107
5,121909
2,2,2,2,3,13,977
7,11,7919
2,304903
3,7,31,937
2,23,89,149
610157
2,2,5,13,2347
3,203449
2,7,59,739
3,43,4733
2,5,173,353
5,122149
2,3,7,14543
7,7,37,337
3,19,71,151
17,35951
2,2,2,2,3,3,3,5,283
3,3,67931
611453
2,305771
2,2,2,3,7,11,331
2,2,2,47,1627
3,7,29137
2,2,59,2593
5,17,19,379
2,2,2,3,23,1109
2,11,17,1637
2,11,13,2141
2,7,11,41,97
13,47119
2,2,3,5,10211
631,971
2,2,2,3,5,5107
7,67,1307
2,306511
2,2,153287
2,37,8287
613363
3,17,23,523
2,5,61357
2,2,3,11,4649
5,5,24551
7,87697
2,89,3449
614063
5,122833
13,37,1277
23,26713
5,7,97,181
2,2,2,2,193,199
2,2,13,11821
2,2,17,9041
2,2,2,2,38431
31,83,239
7,103,853
2,2,3,5,10253
2,3,41,41,61
2,5,7,59,149
2,3,109,941
61,10091
2,83,3709
2,3,89,1153
3,3,3,22811
3,205307
2,3,102667
5,5,7,7,503
5,13,19,499
3,205441
2,3,127,809
2,2,5,29,1063
283,2179
13,47441
2,3,3,3,11423
5,5,24677
2,2,3,3,61,281
3,3,3,3,19,401
2,2,2,5,13,1187
2,2,2,2,2,3,59,109
2,2,2,2,2,2,11,877
2,2,61,2531
2,3,13,7919
3,3,5,7,37,53
43,14369
7,13,6791
618029
2,7,67,659
7,7,11,31,37
11,67,839
7,53,1667
439,1409
2,2,211,733
7,157,563
31,19963
2,17,109,167
3,5,41269
2,2,2,7,11057
619279
2,309671
13,47653
2,2,5,30977
13,73,653
19,32621
2,3,3,5,71,97
2,2,3,51659
3,31,59,113
5,7,13,29,47
13,47711
620303
5,5,13,23,83
31,37,541
13,47743
3,5,41381
2,310439
2,2,2,7,13,853
2,7,7,6337
37,16787
3,207073
2,5,62137
2,5,29,2143
2,2,155387
3,47,4409
2,3,7,113,131
2,5,11,5653
2,2,3,51827
7,88867
2,2,2,2,37,1051
5,124447
2,2,3,7,31,239
73,8527
2,3,13,23,347
5,7,17789
2,2,2,2,2,2,37,263
5,124567
2,2,2,2,2,3,3,3,7,103
2,2,2,3,13,1997
383,1627
2,2,5,11,2833
3,5,5,8311
5,41,3041
2,7,11,4049
2,3,23,4519
3,207931
2,2,83,1879
2,2,2,5,19,821
2,5,5,7,1783
3,208057
2,2,5,23,23,59
13,48029
3,7,131,227
2,3,3,3,3,3,5,257
7,17,29,181
2,2,2,2,2,7,2789
23,101,269
5,239,523
625057
2,2,7,83,269
2,2,2,2,2,2,2,5,977
2,2,127,1231
23,71,383
67,9337
3,3,3,17,29,47
3,208591
625883
625997
2,2,2,2,11,3557
2,2,2,5,11,1423
157,3989
2,3,5,20879
2,2,3,17,37,83
7,89513
2,127,2467
2,2,2,2,2,2,7,1399
7,13,83,83
3,208997
3,3,69677
2,5,59,1063
19,33013
2,2,2,11,7129
2,3,53,1973
11,89,641
3,11,23,827
627787
7,19,4721
627911
379,1657
2,13,37,653
647,971
2,3,5,5,59,71
11,57131
2,2,3,3,19,919
2,61,5153
3,31,6761
3,11,17,19,59
2,2,157231
2,2,2,2,39313
3,3,13,19,283
5,11,17,673
2,3,53,1979
2,2,157351
3,209857
2,2,3,137,383
629701
2,3,104971
2,314983
5,5,11,29,79
3,79,2659
630229
2,5,63031
2,2,359,439
2,37,8521
2,2,2,2,2,19709
2,3,3,67,523
2,3,3,5,43,163
107,5897
2,3,105167
3,13,16183
2,2,2,2,39451
5,5,5,5051
7,90203
2,2,2,2,2,3,3,3,17,43
2,2,2,2,2,2,71,139
2,315881
3,23,9157
2,2,17,9293
2,2,2,199,397
2,2,5,73,433
632299
5,17,43,173
2,5,63241
2,3,5,5,4217
3,227,929
2,3,3,5,79,89
632839
5,277,457
2,2,158261
2,3,13,8117
2,3,13,23,353
2,2,3,52783
43,14731
2,2,41,3863
2,13,24371
633751
2,316937
2,2,353,449
2,2,2,5,11,11,131
3,3,70457
2,2,2,2,7,7,809
3,23,29,317
2,7,45317
2,5,5,7,7,7,37
2,3,3,35257
2,2,2,79349
2,2,19,8353
2,317453
2,3,7,15121
2,3,3,7,71,71
2,191,1663
3,211781
2,2,7,11,2063
3,17,17,733
2,2,2,3,5,5297
5,7,41,443
233,2729
5,89,1429
2,3,106013
197,3229
3,5,5,17,499
2,19,16747
19,19,41,43
17,37447
2,2,2,2,2,5,23,173
3,7,30323
2,2,2,2,3,13267
636997
637079
3,3,5,14159
5,197,647
2,5,63737
3,19,53,211
2,2,2,2,2,2,7,1423
2,3,106273
2,2,7,22777
2,2,2,71,1123
2,2,13,12269
13,17,2887
638123
2,2,5,7,47,97
3,212777
2,5,5,113,113
2,3,3,13,2729
17,37567
19,33619
638857
7,7,13,17,59
3,213029
2,2,2,3,3,3,11,269
2,2,2,2,5,61,131
2,293,1091
193,3313
3,29,7351
2,2,2,2,3,13327
2,5,17,53,71
2,11,127,229
2,2,2,2,23,37,47
11,58189
2,5,64019
149,4297
3,3,3,3,3,5,17,31
3,3,11,6469
233,2749
3,179,1193
67,73,131
2,2,2,2,2,7,2861
5,17,7541
641051
2,3,3,3,31,383
2,2,2,2,2,2,43,233
7,11,8329
7,43,2131
2,2,2,13,31,199
2,2,2,2,2,20051
2,2,2,2,19,2111
2,2,2,2,7,11,521
2,193,1663
7,29,3163
2,13,24697
3,11,19463
7,89,1031
2,139,2311
2,2,3,3,13,1373
2,2,2,3,26777
642739
2,3,107137
3,31,31,223
643039
5,7,17,23,47
2,321631
2,2,41,3923
2,11,11,2659
2,2,11,14627
2,2,2,2,40231
29,79,281
2,2,2,2,2,11,31,59
457,1409
17,43,881
644141
644227
281,2293
644491
644549
11,29,43,47
3,13,61,271
3,3,3,3,19,419
5,13,9923
2,3,107509
2,2,2,2,2,20161
2,2,97,1663
19,33967
11,58679
2,322769
2,2,2,11,11,23,29
645787
7,7,7,7,269
2,2,167,967
3,31,6947
53,73,167
2,2,2,2,2,2,2,3,3,3,11,17
7,92333
2,19,17011
2,2,3,7,43,179
3,3,3,3,3,3,887
3,5,43117
2,11,29401
2,5,31,2087
647039
2,2,5,32359
2,2,2,17,4759
2,2,2,2,23,1759
3,215833
2,199,1627
2,2,3,3,17989
2,31,31,337
137,4729
2,3,3,5,23,313
648041
2,3,3,36007
13,47,1061
648341
2,3,29,3727
5,11,13,907
2,3,7,15443
3,101,2141
7,7,13241
2,3,3,31,1163
2,191,1699
73,8893
19,34171
2,2,2,2,2,7,13,223
2,2,2,3,27059
461,1409
11,73,809
3,59,3671
3,3,72211
47,13829
3,3,72229
3,7,7,4423
2,13,89,281
3,3,19,3803
2,3,108413
5,5,26021
7,92951
11,67,883
251,2593
2,2,2,81373
2,2,2,2,3,3,3,11,137
2,5,13,5009
277,2351
7,19,59,83
3,5,43427
2,2,2,2,2,3,11,617
11,37,1601
2,2,47,3467
3,5,13,3343
31,21031
5,5,11,2371
3,3,233,311
5,5,7,3727
2,2,2,5,47,347
2,5,71,919
5,7,103,181
13,50207
2,2,2,7,11657
2,2,3,54401
3,217661
2,2,7,83,281
2,3,17,19,337
7,93319
101,6469
2,13,41,613
2,31,83,127
2,317,1031
2,7,17,41,67
3,5,7,13,479
2,3,5,21799
2,2,2,2,2,3,3,3,757
2,2,2,2,40883
2,2,3,54521
2,3,13,8389
2,2,2,23,3557
743,881
2,2,3,17,3209
3,41,5323
13,17,2963
2,327469
2,7,13,59,61
2,2,3,3,18199
7,93607
3,218459
5,5,157,167
655559
2,2,2,3,59,463
5,131149
13,13,3881
2,3,3,13,2803
3,17,19,677
3,23,37,257
2,2,2,5,5,17,193
2,3,3,7,5209
2,13,25247
3,89,2459
2,328303
2,2,113,1453
11,211,283
2,17,139,139
7,7,11,23,53
3,3,3,3,7,19,61
3,31,37,191
2,19,17299
2,7,7,6709
2,53,6203
479,1373
2,5,17,53,73
2,7,7,7,7,137
2,2,103,1597
2,151,2179
3,53,4139
2,329111
2,2,3,83,661
3,5,5,8779
211,3121
751,877
2,2,11,11,1361
3,3,71,1031
11,37,1619
3,5,53,829
2,2,2,7,79,149
3,3,3,3,3,2713
2,2,17,9697
2,2,2,31,2659
659513
2,2,3,7,7853
2,3,109961
2,103,3203
2,13,17,1493
2,7,47143
2,2,3,55009
660241
2,7,101,467
2,2,2,2,3,13759
2,2,2,3,13,29,73
5,5,5,5,7,151
3,3,73417
11,73,823
2,2,2,82619
661093
353,1873
2,2,165311
2,2,7,13,23,79
2,2,2,2,3,13781
2,2,2,2,2,2,10337
2,2,3,7,7877
13,109,467
5,13,17,599
47,14083
13,127,401
2,2,165527
2,2,2,5,5,7,11,43
3,3,73597
2,7,47317
2,29,11423
3,220889
5,132541
19,139,251
2,23,14411
5,132607
2,41,8087
2,3,7,15791
2,3,7,17,929
5,5,7,17,223
2,2,23,7213
3,221233
5,5,139,191
43,15439
2,2,7,131,181
3,5,44267
2,3,3,5,47,157
3,3,23,3209
2,2,5,5,7,13,73
2,5,13,19,269
2,2,3,5,5,5,443
2,2,2,2,41543
5,37,3593
2,3,110813
13,51151
431,1543
2,3,5,22171
2,2,2,2,2,2,2,5197
2,3,3,5,7393
3,221807
3,5,13,3413
5,67,1987
2,19,17519
13,181,283
293,2273
2,2,2,2,3,13877
2,2,3,43,1291
3,137,1621
2,2,2,2,41647
2,2,2,2,2,5,5,7,7,17
2,3,7,59,269
2,7,17,2801
2,2,2,3,3,3,3,3,7,7,7
2,2,47,3547
2,3,41,2711
3,222337
2,3,111187
2,2,3,17,3271
2,2,2,11,7583
29,23017
2,5,241,277
2,5,66763
667727
2,3,3,11,3373
3,67,3323
2,2,2,2,2,5,5,5,167
2,2,2,2,41759
2,7,59,809
5,133669
2,5,11,59,103
2,2,3,3,7,7,379
2,2,3,55717
5,79,1693
263,2543
2,2,2,2,3,7,11,181
2,3,111509
3,29,7691
29,47,491
2,5,66931
13,23,2239
2,31,10799
13,51511
5,97,1381
2,2,2,2,2,2,2,5233
2,2,167491
670051
3,3,19,3919
5,5,17,19,83
2,2,2,83791
2,3,11,10159
2,7,211,227
2,13,25793
2,3,11,10163
7,61,1571
3,3,3,24851
7,257,373
47,109,131
2,11,13,2347
2,3,41,2729
2,67,5011
7,37,2593
5,134327
373,1801
7,7,13711
2,2,2,7,13,13,71
3,5,11,4073
672167
73,9209
2,53,6343
103,6529
2,2,2,2,2,21017
2,3,112111
2,5,67271
2,2,5,17,1979
3,3,7,11,971
23,29,1009
7,23,37,113
2,2,2,5,16831
673397
3,5,59,761
2,3,3,23,1627
2,5,23,29,101
2,2,179,941
13,17,3049
2,2,168481
5,23,5861
13,13,3989
2,3,313,359
2,2,2,2,3,3,3,7,223
79,8537
2,3,3,11,3407
2,2,151,1117
674749
29,23269
17,29,37,37
3,3,3,11,2273
2,2,3,56263
67,10079
2,2,17,9931
2,2,131,1289
2,337751
2,131,2579
2,3,3,3,3,43,97
3,11,20479
11,43,1429
11,11,37,151
2,2,2,223,379
2,5,5,5,5,541
2,2,3,56359
3,3,11,6833
5,135319
5,131,1033
5,5,11,23,107
2,2,2,3,28201
2,3,3,11,13,263
677057
2,2,109,1553
677233
5,135479
11,11,11,509
11,31,1987
2,2,2,2,2,2,10589
5,5,27109
61,11113
2,5,11,6163
17,39883
3,3,151,499
5,5,13,2087
2,2,5,13,2609
13,23,2269
2,2,2,2,2,2,2,3,3,19,31
678611
678739
3,23,9839
678949
47,14447
2,11,30869
7,23,4219
2,2,2,7,7,1733
2,3,3,5,7549
2,2,3,56633
2,2,2,3,3,9439
2,339863
613,1109
679961
3,419,541
2,2,3,11,5153
89,7643
2,5,7,9719
680489
2,2,2,2,2,2,2,13,409
701,971
3,226901
2,2,2,2,2,5,5,23,37
2,340451
2,7,48649
751,907
2,2,2,2,2,2,2,2,3,887
31,31,709
681403
3,5,7,6491
2,2,2,3,3,9467
681781
3,5,5,9091
2,2,5,13,43,61
2,2,3,113,503
5,136421
2,2,3,5,83,137
2,3,3,167,227
2,2,2,23,3709
773,883
5,136523
682733
2,2,3,3,3,6323
682967
7,97583
3,227719
3,227743
2,11,89,349
13,52571
2,341771
2,2,2,3,3,3,3,5,211
3,113,2017
2,2,2,2,3,3,3,1583
2,2,3,3,3,3,2111
2,2,2,2,2,21377
2,2,13,59,223
2,2,7,24439
3,5,43,1061
2,3,7,43,379
2,2,11,15559
3,3,5,5,17,179
17,47,857
577,1187
2,2,3,13,4391
2,2,171263
5,137029
3,228421
2,2,2,2,3,109,131
2,11,31159
2,2,3,7,8161
17,31,1301
11,17,19,193
5,137177
685907
17,40357
13,89,593
2,3,3,3,71,179
2,29,11833
686479
686563
2,2,2,85837
3,7,53,617
5,13,10567
2,2,2,5,13,1321
3,11,47,443
2,3,53,2161
23,29881
3,229133
2,5,68743
7,98221
2,2,2,2,2,3,13,19,29
2,343891
7,98269
11,13,17,283
5,23,31,193
688133
2,3,23,4987
2,3,3,38239
2,11,13,29,83
2,2,3,181,317
19,67,541
2,7,49199
2,2,7,73,337
31,71,313
2,2,2,43,2003
2,3,114859
2,2,2,2,5,5,1723
2,2,172331
17,107,379
2,73,4723
5,137927
3,229903
2,2,2,3,3,11,13,67
2,5,5,13799
2,2,172519
2,2,3,3,19,1009
11,62753
2,2,3,57527
2,3,115079
2,17,19,1069
53,83,157
2,2,2,3,107,269
2,211,1637
3,7,13,2531
61,11329
2,2,7,24683
389,1777
2,2,2,89,971
11,239,263
3,353,653
2,3,3,7,11,499
43,16087
2,2,3,3,11,1747
2,3,115319
2,3,13,19,467
3,17,41,331
5,138451
3,5,101,457
2,19,18223
3,3,5,11,1399
3,3,3,5,7,733
2,7,7,7069
2,3,3,3,3,7,13,47
2,346453
563,1231
3,5,11,4201
3,231079
2,61,5683
2,2,11,15761
2,3,115589
2,2,37,43,109
5,5,27751
2,233,1489
3,3,5,7,2203
2,2,2,2,2,2,2,2,2711
2,2,173549
694207
694357
3,3,5,11,23,61
694597
23,30203
331,2099
2,2,19,41,223
2,3,115831
3,3,7,11,17,59
2,2,5,34757
2,347629
17,40903
131,5309
2,2,5,83,419
3,3,11,7027
3,5,46381
2,5,149,467
3,3,17,4549
2,2,2,87011
696107
2,2,2,5,5,59,59
2,3,3,3,5,2579
2,2,2,3,29017
5,139303
5,139339
2,283,1231
2,348401
2,2,2,2,2,23,947
2,2,2,79,1103
2,2,5,11,3169
2,3,29,4007
697373
2,2,5,34871
2,2,2,2,2,71,307
61,11437
2,2,2,2,2,5,7,7,89
2,5,5,17,821
2,461,757
2,5,69809
5,19,7349
47,83,179
2,5,7,11,907
5,163,857
5,5,27941
2,2,7,24953
3,283,823
2,349403
5,11,71,179
2,2,174767
2,2,47,3719
2,2,2,2,5,8741
2,2,359,487
2,2,23,7603
699521
317,2207
2,89,3931
2,2,5,7,4999
2,3,116663
2,2,19,61,151
3,13,13,1381
3,11,21221
5,140071
700471
700597
11,63691
2,2,2,2,2,3,3,3,811
2,3,3,5,13,599
2,2,29,6043
7,100153
2,2,5,11,3187
2,7,50087
7,19,5273
701447
2,350783
2,350803
3,5,11,4253
2,3,3,3,41,317
151,4649
2,23,15263
2,2,3,3,5,47,83
3,79,2963
5,19,7393
3,5,46829
2,13,61,443
709,991
2,23,15277
2,2,7,13,1931
2,2,5,7,5021
3,89,2633
5,7,20089
7,100459
2,351667
2,2,175859
97,7253
3,234539
2,2,3,3,113,173
2,2,3,3,3,7,7,7,19
2,3,23,5101
2,2,2,2,2,2,2,2,2,5,5,5,11
13,54163
2,2,2,47,1873
2,3,7,31,541
5,11,12809
704567
5,140939
2,2,176179
2,3,3,39161
2,2,2,11,8011
2,2,2,2,2,11,2003
2,2,3,5,7,23,73
13,54251
2,11,32063
2,2,176357
3,3,11,7127
2,2,2,7,12601
3,5,211,223
3,235289
2,5,73,967
7,13,7759
7,7,14411
3,5,197,239
2,2,3,5,61,193
17,29,1433
2,149,2371
2,3,13,9059
2,313,1129
3,235601
2,139,2543
11,11,5843
2,353557
2,3,3,3,7,1871
29,24391
593,1193
2,2,2,3,29483
2,2,2,2,2,5,4423
2,3,11,10723
149,4751
707929
2,2,177011
2,5,7,67,151
3,11,13,13,127
2,354169
3,139,1699
2,3,17,6947
2,7,7,7,1033
3,13,17,1069
2,2,177217
7,101273
3,3,5,7,2251
709151
7,101323
2,13,27283
5,53,2677
2,354779
7,101383
709739
2,2,2,2,11,37,109
23,30869
3,236699
41,17321
2,19,18691
13,53,1031
2,2,2,88807
2,5,71059
3,3,281,281
2,23,15451
3,211,1123
5,13,10937
2,2,2,3,13,43,53
5,142237
711287
3,67,3539
3,3,3,3,8783
2,5,11,6469
2,2,89,1999
2,2,5,19,1873
2,5,7,10169
711929
2,5,11,6473
2,2,2,2,2,5,4451
3,3,3,3,3,3,977
71,79,127
3,3,7,43,263
2,89,4003
2,2,2,2,2,22271
547,1303
17,19,2207
5,142589
2,2,2,2,2,2,13,857
2,23,37,419
7,11,59,157
2,3,5,13,31,59
7,101921
2,3,109,1091
3,3,5,15859
2,3,47,2531
2,3,5,5,4759
2,2,2,31,2879
2,5,7,101,101
2,2,2,2,3,14879
31,23039
2,2,2,3,3,3,3307
2,2,3,3,3,3,3,3,5,7,7
53,97,139
2,2,2,5,17,1051
2,17,21023
2,2,3,3,3,6619
2,149,2399
2,3,3,5,5,7,227
2,11,32507
5,53,2699
5,5,13,31,71
19,37657
3,3,5,15901
13,55049
2,13,27527
2,2,2,3,3,61,163
2,2,2,2,2,13,1721
2,2,3,3,19889
2,2,2,5,17903
2,3,31,3851
11,65119
2,7,73,701
716563
2,2,97,1847
163,4397
7,47,2179
2,2,2,5,17923
2,5,7,10243
17,42187
257,2791
2,2,2,3,71,421
2,3,119569
717581
2,5,43,1669
2,3,3,3,13291
2,3,3,3,3,3,7,211
2,2,179497
17,53,797
2,3,7,17099
2,2,179573
718331
3,5,211,227
2,3,3,3,7,1901
2,359311
17,42281
2,11,41,797
3,11,21787
3,61,3929
2,2,2,2,5,89,101
17,42307
23,31277
2,2,2,7,29,443
2,17,21163
2,2,2,3,157,191
3,239929
2,2,179953
47,15319
7,13,41,193
2,2,2,2,2,2,2,2,29,97
89,8093
2,360193
727,991
3,401,599
2,2,3,3,37,541
11,65519
2,3,3,3,7,1907
720947
2,2,2,3,13,2311
3,5,131,367
19,37963
2,2,2,90173
2,2,3,79,761
2,2,7,25771
2,2,2,2,2,2,2,2,2819
2,360863
11,211,311
37,109,179
3,101,2383
3,240733
2,2,2,17,47,113
3,3,3,5,5351
5,144497
2,2,43,4201
2,2,2,5,5,3613
3,3,3,3,8923
2,5,72287
722983
2,2,2,3,5,5,5,241
723181
2,2,2,2,17,2659
2,13,27823
37,19553
5,47,3079
2,2,239,757
3,3,97,829
29,109,229
3,241321
263,2753
2,2,2,5,43,421
13,55711
3,5,43,1123
724487
5,13,71,157
2,2,2,2,2,2,2,3,3,17,37
2,2,37,59,83
724837
13,55763
2,3,5,24169
2,2,11,16481
2,2,7,59,439
3,241783
2,2,11,16487
2,362753
2,107,3391
2,11,32987
3,3,3,5,19,283
3,241973
2,2,3,5,12101
2,283,1283
2,5,72623
3,197,1229
726413
2,3,83,1459
2,2,3,19,3187
2,2,5,7,29,179
726839
2,7,137,379
2,2,3,60589
3,19,12757
2,59,6163
3,3,5,7,2309
727471
2,2,3,3,7,2887
2,3,121283
727711
2,23,15823
2,2,181981
2,2,191,953
47,15493
3,13,71,263
2,364183
2,3,5,24281
2,563,647
3,7,13,17,157
2,2,19,43,223
2,2,2,2,2,2,7,1627
2,2,5,5,37,197
13,56081
729191
2,364643
2,2,41,4447
2,2,2,73,1249
2,37,9859
3,11,22111
2,2,3,7,7,17,73
7,17,6133
11,66361
2,2,13,101,139
2,2,5,11,3319
2,3,3,3,13523
2,2,182593
7,11,53,179
2,3,313,389
2,2,37,4937
2,3,3,40597
2,2,2,3,3,10151
730973
731057
2,2,5,36559
3,71,3433
3,3,7,13,19,47
2,229,1597
17,37,1163
3,13,73,257
3,243931
2,3,223,547
11,66541
2,2,11,127,131
13,151,373
3,244087
3,13,89,211
2,2,3,67,911
2,5,17,31,139
5,146521
17,43103
5,113,1297
2,2,183247
2,17,21559
2,41,8941
2,53,6917
2,43,8527
733489
733519
3,5,59,829
733751
2,83,4421
2,3,13,97,97
2,2,2,2,2,2,3,3823
2,2,2,7,13109
734233
13,17,3323
23,37,863
569,1291
2,11,33391
2,367391
3,5,48989
3,5,13,3769
2,2,2,139,661
2,3,3,40841
7,105031
2,2,2,17,5407
3,3,71,1151
13,29,1951
13,56591
3,245261
2,139,2647
2,29,12689
2,2,7,97,271
19,38747
3,83,2957
5,19,23,337
736441
2,2,5,7,5261
2,2,2,2,3,103,149
2,2,2,3,30697
2,2,2,3,30703
31,23773
2,2,2,13,19,373
2,5,7,10531
737293
2,2,2,92173
3,3,81943
2,37,9967
2,2,2,2,2,7,37,89
2,2,3,5,5,2459
2,2,5,79,467
17,43411
2,3,123007
23,67,479
2,2,2,11,8389
2,3,3,17,19,127
89,8297
3,3,31,2647
3,19,12959
3,5,49253
397,1861
2,2,3,3,5,5,821
2,541,683
2,369557
3,3,5,16427
5,5,29573
2,2,2,2,2,7,3301
17,41,1061
13,56893
2,17,21757
7,17,6217
2,2,3,7,23,383
2,5,13,5693
3,3,5,16447
7,17,6221
2,2,2,3,109,283
3,17,14519
2,11,41,821
2,3,3,41149
740737
181,4093
2,2,71,2609
2,2,2,3,3,3,47,73
2,3,149,829
2,2,5,37061
3,37,6679
5,5,7,19,223
5,71,2089
2,2,37,5011
3,247241
2,2,2,5,17,1091
3,247301
3,3,29,2843
2,2,2,113,821
17,43661
2,2,151,1229
3,37,6689
2,7,7,7577
2,3,13,9521
7,106103
2,37,10039
2,3,3,5,5,13,127
2,3,3,7,5897
2,3,29,4271
2,2,2,2,2,2,3,7,7,79
3,5,49559
5,17,8747
3,7,35407
5,5,151,197
5,5,71,419
2,5,74381
11,47,1439
3,3,47,1759
744179
2,372137
2,2,317,587
2,2,2,3,3,7,7,211
2,11,43,787
3,7,35461
2,2,2,3,7,11,13,31
149,4999
2,3,5,19,1307
2,2,2,3,5,7,887
2,379,983
2,372637
2,2,2,3,13,2389
11,13,13,401
2,2,2,2,5,9319
113,6599
2,3,11,11299
2,2,2,7,19,701
7,61,1747
2,2,2,2,7,6661
746117
2,3,124367
3,3,13,6379
2,2,2,23,4057
2,29,61,211
29,25747
5,11,13577
5,41,3643
2,5,5,14939
2,2,11,16979
3,3,61,1361
7,7,101,151
3,37,6733
747401
747547
2,2,2,2,3,37,421
747713
2,2,31,37,163
2,13,13,2213
11,13,5231
2,3,3,3,5,17,163
2,3,311,401
2,2,2,2,2,3,5,1559
2,2,2,17,5503
29,53,487
748633
139,5387
2,2,2,2,3,15601
73,10259
2,607,617
3,249727
11,68113
5,149861
2,7,199,269
97,7727
2,19,19727
5,11,43,317
7,107119
2,2,2,2,19,2467
5,7,29,739
2,2,187531
3,113,2213
2,17,29,761
13,57727
3,3,3,7,11,19,19
2,31,12107
13,17,43,79
2,2,5,11,3413
277,2711
2,3,125183
13,57781
37,79,257
751351
5,7,7,3067
2,11,127,269
2,3,13,23,419
3,11,11,19,109
2,3,29,29,149
2,2,2,2,2,3,3,7,373
3,3,83557
2,23,83,197
752207
3,5,5,7,1433
3,5,5,79,127
752593
3,5,50177
2,7,7,7681
5,7,7,7,439
2,2,3,131,479
753019
5,13,11587
3,7,35869
2,2,3,3,3,3,3,5,5,31
3,3,3,5,5581
23,181,181
753679
3,3,83,1009
3,251287
5,101,1493
2,7,61,883
3,3,83791
2,3,337,373
2,2,2,2,3,5,7,449
3,3,3,27943
2,2,2,2,47161
2,2,7,26953
2,377369
5,43,3511
17,89,499
2,5,75503
2,2,2,94399
829,911
3,5,37,1361
73,79,131
2,3,3,13,3229
2,2,2,2,3,7,13,173
2,7,37,1459
3,3,83983
521,1451
2,5,5,15121
2,5,75611
2,3,7,11,1637
2,5,5,7,2161
3,3,84047
5,337,449
2,2,2,3,3,3,31,113
2,2,5,5,7,23,47
2,2,2,2,47303
2,5,7,11,983
2,378523
3,5,7,7211
19,39857
7,108187
2,2,7,13,2081
2,2,3,5,5,5,5,101
2,5,7,79,137
43,67,263
2,3,3,3,5,7,401
2,11,131,263
17,17,43,61
2,2,3,63179
5,5,13,2333
2,3,3,3,3,31,151
2,13,29173
2,251,1511
2,3,31,4079
2,3,3,3,14051
2,19,19,1051
5,151799
2,2,189757
2,113,3359
2,2,2,2,5,9491
2,3,19,6661
2,379727
61,12451
7,7,37,419
149,5099
5,7,17,1277
3,11,23029
3,7,17,2129
3,3,84457
3,3,7,11,1097
3,191,1327
3,253493
2,11,181,191
3,3,223,379
31,53,463
2,157,2423
5,13,23,509
2,2,2,5,5,5,761
7,7,7,7,317
2,11,34603
2,2,190339
2,2,3,107,593
2,3,5,5,5077
73,10433
3,197,1289
5,152363
17,44819
762017
3,3,5,16937
3,3,11,7699
401,1901
2,2,2,95311
2,3,167,761
2,3,3,7,6053
3,3,3,3,3,43,73
5,29,5261
13,58687
17,44887
7,41,2659
7,109037
7,11,23,431
3,3,3,3,5,5,13,29
13,58733
2,3,7,18181
5,19,8039
763859
2,3,3,42443
2,73,5233
13,29,2027
2,2,2,95531
764399
2,2,2,95561
2,2,17,11243
2,5,76463
2,2,2,2,2,2,3,7,569
5,11,13907
2,3,59,2161
2,2,2,7,19,719
2,2,191299
765241
2,11,19,1831
13,97,607
2,13,29443
765649
2,2,5,38287
765847
2,2,11,13,13,103
107,7159
2,2,3,3,21283
2,2,2,19,71,71
5,153269
766477
2,2,2,2,23,2083
766651
766793
2,2,53,3617
13,41,1439
767089
2,2,2,2,2,2,11987
2,5,277,277
2,2,2,2,2,3,7993
2,2,191861
2,2,2,37,2593
167,4597
2,2,2,2,2,2,2,2,2999
2,2,5,38393
3,3,85331
3,256019
2,3,128033
2,2,2,5,19207
768353
47,16349
3,3,7,11,1109
5,153733
2,5,59,1303
2,2,2,17,5653
2,7,11,4993
2,5,76907
2,2,17,11311
7,13,79,107
2,3,11,11657
2,7,17,53,61
2,2,3,3,21377
3,17,15091
769799
3,7,7,5237
2,2,71,2711
23,33479
3,3,85571
2,2,2,96281
2,67,5749
5,5,30817
3,113,2273
2,385331
2,2,2,2,2,2,12043
7,13,43,197
2,269,1433
2,2,2,3,19,19,89
2,2,2,7,47,293
3,317,811
3,7,109,337
2,2,2,11,11,797
2,385783
3,19,13537
2,2,2,2,3,7,2297
771863
2,2,59,3271
772097
2,5,5,15443
2,2,2,3,7,4597
2,7,55171
19,109,373
2,3,5,7,13,283
2,3,7,18397
2,2,23,37,227
7,113,977
2,17,127,179
5,53,2917
79,9787
2,386647
3,41,6287
2,3,3,97,443
7,110503
2,2,3,3,21491
2,71,5449
2,11,17,2069
3,107,2411
2,2,2,96757
774161
2,2,3,3,3,67,107
2,7,55313
2,19,89,229
5,191,811
7,41,2699
3,5,13,29,137
2,2,2,23,4211
13,59611
3,73,3539
3,11,83,283
2,387613
7,257,431
2,2,2,96931
2,2,11,17627
3,3,5,11,1567
2,2,193939
775807
2,383,1013
2,2,3,7,9239
3,7,23,1607
2,2,11,13,23,59
2,2,2,2,2,2,2,5,1213
3,258803
2,5,7,11093
2,3,3,13,3319
7,37,2999
2,5,77687
2,388481
2,3,11,61,193
2,5,77713
5,359,433
2,3,7,83,223
821,947
2,139,2797
2,2,2,2,2,2,2,3,3,3,3,3,5,5
2,2,2,3,23,1409
2,2,3,64817
17,67,683
2,2,194507
2,389057
2,2,3,3,21617
37,109,193
2,103,3779
3,139,1867
778697
2,2,3,7,73,127
7,111271
47,16573
19,131,313
859,907
3,211,1231
2,2,2,2,2,5,4871
5,11,37,383
31,25147
779699
89,8761
2,2,2,107,911
2,7,17,29,113
19,41057
780163
2,2,107,1823
2,2,2,2,2,2,89,137
3,29,8971
3,3,43,2017
2,269,1451
2,2,5,103,379
2,390413
2,2,2,3,13,2503
2,2,3,3,5,4339
2,390553
2,3,5,26041
2,7,7,7,17,67
17,43,1069
3,337,773
17,45979
2,2,2,3,32573
2,3,5,67,389
781973
2,2,2,67,1459
782147
3,5,52147
782311
3,31,47,179
5,19,8237
5,156521
2,2,3,19,3433
782849
3,31,8419
2,2,2,2,2,2,5,2447
37,61,347
3,3,3,67,433
7,17,29,227
11,229,311
17,46093
2,2,7,13,2153
2,2,3,5,13063
3,7,163,229
2,2,37,5297
3,3,87121
2,392087
3,19,13759
2,2,7,109,257
2,2,2,3,3,5,2179
7,17,19,347
2,392347
2,2,196177
11,71347
2,2,7,17,17,97
2,2,3,65423
3,261721
2,2,196307
2,2,17,11549
2,71,5531
31,25339
2,7,17,3301
3,37,7079
3,3,3,13,2239
179,4391
3,262007
3,3,13,6719
383,2053
7,112339
3,3,5,17477
3,409,641
5,157321
3,191,1373
3,11,113,211
3,13,20177
2,2,2,2,2,2,3,4099
3,3,3,5,7,7,7,17
2,2,2,2,2,2,12301
2,3,131221
5,157483
2,3,3,67,653
3,262553
5,5,31511
3,5,53,991
2,2,2,7,14071
3,41,43,149
2,577,683
3,3,3,3,37,263
2,7,11,5119
2,3,101,1301
7,112657
2,2,197161
2,3,7,89,211
3,3,3,5,5843
2,2,5,5,7,7,7,23
2,2,2,98627
3,7,53,709
2,2,7,71,397
2,7,13,4337
2,2,2,2,2,2,5,2467
7,43,43,61
2,394813
181,4363
2,2,3,3,37,593
2,2,2,293,337
2,3,5,5,23,229
5,5,31607
790289
790331
2,2,3,65867
2,2,3,3,7,3137
2,3,313,421
2,2,7,31,911
2,2,2,2,49429
2,2,2,109,907
3,7,139,271
2,395597
7,113041
2,2,2,2,2,3,8243
2,3,13,73,139
2,5,79151
2,3,131947
2,2,197947
3,263957
3,17,53,293
7,113149
2,431,919
2,2,2,2,13,13,293
163,4861
7,113213
2,396293
2,2,2,2,3,7,7,337
2,389,1019
2,396427
2,2,3,66083
7,113287
2,3,13,10169
3,11,13,43,43
607,1307
2,2,7,17,1667
2,2,2,3,5,17,389
3,5,191,277
2,2,7,28349
2,2,3,7,13,727
11,19,29,131
794009
2,3,5,23,1151
227,3499
3,13,20369
2,163,2437
2,2,2,2,17,23,127
2,73,5443
5,13,12227
29,27409
5,158981
2,2,2,7,14197
2,2,7,73,389
3,5,53017
5,7,31,733
2,7,56821
13,19,3221
2,2,2,2,49727
2,5,13,6121
3,13,20407
2,3,3,7,6317
5,5,17,1873
3,265399
2,398119
2,2,227,877
3,3,88499
3,265513
3,37,7177
2,127,3137
2,3,59,2251
2,5,79691
11,72461
151,5279
2,2,241,827
2,2,3,5,97,137
17,61,769
2,7,11,5179
17,46919
2,2,2,5,7,7,11,37
2,2,7,28493
2,89,4483
3,266003
3,7,191,199
2,11,13,2791
2,2,2,2,5,17,587
19,42023
37,113,191
2,19,21017
5,5,43,743
5,159773
103,7757
3,266359
2,399571
2,2,199807
799343
3,79,3373
799529
2,73,5477
683,1171
3,3,88873
2,3,11,17,23,31
3,13,73,281
2,400087
3,3,3,107,277
2,2,2,100049
800407
2,3,3,11,13,311
2,17,23549
11,43,1693
5,160169
2,3,5,26699
109,7349
2,3,11,61,199
801247
17,17,47,59
37,21661
2,2,7,28627
151,5309
661,1213
2,2,3,3,22273
7,17,23,293
2,2,2,2,2,71,353
2,2,2,2,2,7,3581
2,2,2,3,3,11,1013
2,2,2,2,2,2,2,2,2,1567
2,3,5,7,3821
3,267517
2,3,3,3,89,167
2,2,2,2,2,2,3,37,113
5,307,523
5,41,3917
5,5,7,13,353
3,13,20593
3,267763
2,2,2,5,7,19,151
3,3,3,3,7,13,109
2,3,157,853
2,2,2,2,50231
5,160753
457,1759
2,3,133993
804073
5,5,19,1693
2,2,2,5,20107
804371
2,2,7,28729
563,1429
2,3,5,26821
2,2,2,2,3,5,7,479
2,23,17497
804919
2,2,2,5,5,5,5,7,23
5,283,569
5,161047
2,5,29,2777
2,2,5,17,23,103
3,3,89501
2,2,11,18311
509,1583
805843
877,919
2,2,2,2,3,7,2399
2,3,5,7,11,349
19,42433
2,29,13903
7,7,109,151
806543
769,1049
5,161341
47,17167
2,2,2,19,5309
2,2,2,79,1277
3,269039
2,3,5,71,379
2,2,2,3,33641
2,2,71,2843
41,19697
2,19,53,401
3,269257
2,2,2,100987
2,2,19,10631
41,19709
3,3,3,3,11,907
13,79,787
2,2,3,3,3,3,5,499
2,2,2,2,13,13,13,23
5,11,61,241
5,161731
2,2,2,101089
2,3,5,59,457
2,2,7,167,173
2,404539
5,13,59,211
7,115613
3,23,37,317
3,67,4027
809563
2,11,13,19,149
263,3079
37,43,509
2,2,2,29,3491
2,2,2,13,7789
2,2,3,3,3,13,577
11,19,3877
3,270121
3,151,1789
7,115793
2,2,2,19,5333
2,2,17,11923
810839
2,2,2,2,7,13,557
3,7,13,2971
3,7,19,19,107
7,115891
3,5,7,7727
2,2,2,3,33809
2,11,37,997
811649
2,3,59,2293
2,2,3,5,7,1933
3,3,5,18043
3,11,11,2237
2,11,19,29,67
2,2,2,101527
5,7,23209
2,5,5,16249
2,2,2,47,2161
557,1459
3,3,3,30103
2,406403
2,2,2,5,20323
2,2,29,43,163
2,2,2,101641
2,2,2,2,2,2,97,131
2,2,2,19,5351
11,73,1013
2,2,2,13,7823
5,109,1493
7,101,1151
3,7,11,13,271
2,2,3,29,2339
814081
2,5,17,4789
3,71,3823
814393
3,5,7,7757
19,43,997
814609
5,5,13,23,109
7,59,1973
2,2,2,23,43,103
41,103,193
367,2221
11,137,541
3,5,19,2861
815453
5,5,17,19,101
73,11173
3,3,3,3,3,3,3,373
3,5,109,499
19,67,641
2,3,3,5,9067
79,10331
2,13,31393
3,5,5,5,7,311
2,2,401,509
816593
313,2609
2,2,2,11,9281
499,1637
2,3,3,3,3,3,41,41
173,4723
2,3,3,11,4127
2,317,1289
2,31,13183
3,13,20959
2,2,3,3,13,1747
2,408817
11,17,4373
3,41,61,109
2,5,263,311
818099
2,2,2,31,3299
5,31,5279
818339
2,2,2,2,2,25577
641,1277
17,48157
3,272933
2,2,277,739
3,11,13,23,83
7,13,9001
3,7,19,2053
5,5,32771
11,211,353
5,163883
2,7,7,8363
2,409823
5,67,2447
819827
2,5,7,13,17,53
2,3,97,1409
3,3,91129
263,3119
7,117191
5,71,2311
107,7669
2,2,2,2,11,4663
2,41,10009
263,3121
5,113,1453
2,2,3,53,1291
13,83,761
11,197,379
3,3,3,29,1049
3,3,7,13,17,59
2,2,2,7,17,863
11,113,661
2,7,58693
2,2,2,3,3,3,5,761
2,11,37363
5,13,12647
2,13,103,307
2,2,2,23,41,109
2,3,3,5,9137
2,2,127,1619
2,3,11,11,11,103
3,5,173,317
2,411379
17,29,1669
137,6007
2,443,929
11,11,6803
5,229,719
2,2,7,7,4201
3,3,191,479
2,2,7,29411
37,113,197
11,74887
2,2,5,17,2423
5,5,23,1433
2,631,653
2,3,5,83,331
2,412123
2,3,3,3,5,43,71
2,5,29,2843
2,2,139,1483
3,5,13,4229
2,11,37489
2,3,11,12497
824911
7,13,9067
2,2,2,3,3,73,157
2,3,3,5,53,173
3,5,55021
3,11,25013
3,97,2837
825689
11,271,277
2,2,206467
2,13,31769
826097
2,2,2,3,29,1187
3,3,5,7,43,61
2,5,23,3593
3,3,5,5,3673
2,413293
826669
3,5,5,73,151
2,2,2,3,47,733
347,2383
2,3,3,3,3,5,1021
3,3,29,3169
199,4157
2,2,3,5,13789
2,413737
2,2,3,5,13,1061
2,3,5,7,7,563
7,118249
5,7,7,31,109
2,2,7,29569
3,3,5,18401
2,3,83,1663
229,3617
3,17,37,439
2,5,11,17,443
7,118361
2,2,2,2,7,7,7,151
2,131,3163
2,2,2,2,51803
2,414451
2,2,2,173,599
2,607,683
5,23,7211
2,5,127,653
2,2,2,103687
3,5,29,1907
5,73,2273
2,414871
2,3,19,29,251
2,2,207497
2,2,3,263,263
2,3,5,27673
3,276739
179,4639
11,11,6863
3,5,13,4259
2,2,3,7,11,29,31
59,14081
2,2,207709
3,11,13,13,149
2,7,23,29,89
3,17,43,379
5,166259
7,103,1153
2,2,2,2,157,331
17,41,1193
313,2657
2,89,4673
13,89,719
2,503,827
2,416011
2,2,2,2,3,3,5779
5,166457
2,3,7,19819
3,31,8951
23,53,683
7,47,2531
7,118967
5,166567
2,397,1049
3,11,25243
3,29,61,157
833251
5,11,109,139
5,23,7247
2,409,1019
2,13,32063
2,3,3,11,4211
5,11,15161
3,7,151,263
2,417023
7,269,443
3,487,571
17,17,2887
11,107,709
2,417283
17,29,1693
2,2,2,3,7,4969
2,2,208721
3,5,55663
835097
2,2,5,41759
2,3,17,19,431
3,3,3,3,10313
835421
2,53,7883
2,3,11,11,1151
2,2,43,43,113
835823
835957
2,379,1103
2,2,2,2,2,7,3733
2,3,139367
3,3,3,30977
2,2,2,104561
3,5,43,1297
2,3,5,167,167
2,3,139459
443,1889
3,3,113,823
5,23,29,251
3,3,3,101,307
349,2399
3,3,19,59,83
3,5,55829
3,5,55837
2,23,131,139
5,5,23,31,47
2,251,1669
11,17,4481
838043
17,47,1049
449,1867
2,2,2,2,3,5,7,499
3,101,2767
2,2,3,3,23293
2,2,2,2,2,73,359
838711
2,5,149,563
13,47,1373
197,4259
5,23,7297
2,5,23,41,89
5,167861
3,461,607
757,1109
3,239,1171
2,83,5059
3,131,2137
2,3,139987
2,420041
2,2,41,47,109
2,2,2,2,52517
840347
840451
2,2,2,3,7,5003
2,2,210157
2,2,13,19,23,37
840859
3,280303
43,19559
3,3,3,3,5,31,67
13,163,397
5,5,73,461
2,2,2,2,3,47,373
3,31,9049
2,13,32371
2,2,2,3,3,3,3,3,433
2,2,2,3,5,5,23,61
2,2,37,5689
11,37,2069
5,179,941
17,49547
2,2,3,17,4129
59,109,131
41,20549
79,10667
2,2,3,3,41,571
842879
3,5,5,11239
3,3,283,331
2,11,19,2017
2,2,3,7,10039
843397
23,36671
5,73,2311
2,3,140603
2,2,2,3,5,79,89
2,2,113,1867
2,421997
461,1831
2,2,41,5147
3,3,19,4937
5,168869
2,83,5087
2,422267
2,2,2,2,2,2,2,6599
2,2,211187
844847
3,5,56333
5,169003
2,2,2,3,23,1531
5,5,33809
5,169067
2,2,3,70451
23,36761
2,2,2,7,15101
2,2,2,2,2,13,19,107
2,577,733
2,2,2,41,2579
2,5,19,61,73
2,423053
2,423127
5,13,29,449
846457
2,311,1361
3,5,7,11,733
2,3,3,3,3,5227
2,2,5,7,23,263
2,423457
2,11,38501
2,2,3,3,23531
847271
2,2,2,3,5,23,307
2,2,11,11,17,103
11,13,5927
3,59,4789
5,5,33911
3,3,13,7247
2,2,2,2,3,5,3533
2,2,3,29,2437
848123
2,3,3,3,23,683
3,59,4793
2,2,2,3,35353
5,223,761
2,2,5,42433
848737
3,5,56591
2,3,141497
2,2,7,30323
347,2447
5,169859
17,17,2939
2,2,2,5,5,31,137
2,2,2,2,2,2,2,6637
2,2,212419
849763
2,2,2,2,53117
2,3,7,7,7,7,59
5,7,149,163
2,425059
809,1051
13,149,439
13,65419
3,3,3,3,10501
5,5,7,4861
5,170141
11,77351
2,11,47,823
2,7,89,683
851131
2,5,7,12161
851321
851401
2,37,37,311
2,2,2,2,2,5,5323
2,2,3,5,5,17,167
2,101,4217
2,193,2207
2,2,2,106501
103,8273
2,7,17,3581
3,3,53,1787
2,5,163,523
2,13,32789
2,2,3,227,313
3,284261
2,7,60919
2,2,213247
2,59,7229
3,284387
193,4421
2,2,213349
853477
2,426787
2,5,85363
3,5,7,47,173
853889
23,107,347
2,2,2,2,2,2,5,17,157
2,61,7001
2,2,31,83,83
2,5,37,2309
2,2,2,2,2,26701
3,7,40693
5,170927
2,2,3,19,23,163
3,3,5,11,11,157
3,11,13,1993
7,23,47,113
2,239,1789
2,2,5,7,41,149
3,11,25919
855461
3,3,23,4133
3,223,1279
5,31,5521
855889
3,3,3,7,7,647
2,428047
2,2,11,11,29,61
2,428147
2,428173
2,2,2,2,2,2,2,6691
23,37243
2,5,85667
856799
2,2,2,5,31,691
2,3,13,10987
2,11,163,239
2,2,2,19,5639
857287
857341
5,7,24499
2,2,214391
5,43,3989
3,71,4027
2,3,11,41,317
3,285983
47,18257
858127
3,11,31,839
2,2,13,17,971
2,429223
3,47,6089
13,257,257
858707
2,3,143137
3,7,7,5843
13,13,13,17,23
113,7603
3,286411
23,37363
2,2,2,5,21487
3,181,1583
2,229,1877
5,373,461
2,3,3,23,31,67
2,2,163,1319
2,430009
860113
2,11,39103
3,7,53,773
5,37,4651
3,5,57373
7,37,3323
3,7,17,2411
11,139,563
860927
2,2,2,2,2,71,379
861191
2,331,1301
3,7,41017
2,3,143567
3,287179
13,79,839
5,172343
2,3,239,601
5,17,10141
3,7,41051
2,2,2,107773
179,4817
2,2,37,5827
2,7,7,13,677
3,5,57503
13,66359
2,5,11,11,23,31
862879
13,41,1619
3,13,22129
3,287731
2,2,107,2017
2,7,61667
587,1471
3,53,5431
2,19,22727
2,2,2,2,2,26993
5,5,109,317
2,2,3,71999
3,7,23,1789
743,1163
2,3,3,7,19,19,19
2,2,2,103,1049
2,67,6451
2,2,3,72047
5,5,5,6917
2,2,2,2,2,61,443
2,11,19,2069
2,2,216233
2,2,2,2,2,2,7,1931
2,2,2,2,139,389
2,3,3,71,677
11,97,811
2,2,2,2,3,13,19,73
37,149,157
2,3,5,5,29,199
2,19,22783
17,31,31,53
547,1583
881,983
29,29867
137,6323
631,1373
3,288803
3,3,11,8753
2,23,83,227
2,2,11,19699
2,7,19,3259
866933
2,2,2,3,7,13,397
463,1873
867203
3,289127
2,2,2,7,7,2213
2,7,31,1999
3,11,61,431
359,2417
3,3,3,32141
2,7,47,1319
2,2,3,72341
868151
2,53,8191
2,2,37,5867
7,7,37,479
13,71,941
2,434303
2,5,109,797
2,2,5,43441
2,3,144817
2,2,3,72421
2,103,4219
853,1019
3,5,5,67,173
19,45763
2,3,37,3917
571,1523
3,3,241,401
3,11,43,613
2,434989
2,435037
2,5,7,31,401
870211
3,290113
23,37847
659,1321
13,66973
2,2,2,2,2,2,2,6803
2,71,6133
2,7,7,8887
2,435503
5,5,34847
2,2,2,3,3,12101
7,281,443
317,2749
3,449,647
2,107,4073
3,290593
2,3,13,11177
3,290657
5,23,7583
2,3,191,761
3,3,17,5701
2,17,25657
872477
2,3,23,6323
2,3,5,19,1531
2,23,18973
3,5,31,1877
167,5227
2,3,3,7,13,13,41
3,7,41579
53,16477
5,389,449
2,2,139,1571
873569
2,3,3,5,17,571
2,5,23,29,131
173,5051
2,3,3,3,3,5,13,83
3,13,73,307
2,13,33623
3,3,3,3,43,251
2,3,3,5,5,29,67
2,19,23011
2,3,71,2053
3,291547
874723
3,3,41,2371
2,2,2,2,149,367
2,7,62507
17,51479
2,2,17,61,211
2,5,87539
5,7,25013
2,2,5,5,5,17,103
2,233,1879
2,397,1103
2,2,3,7,10427
2,3,67,2179
3,5,58403
7,17,37,199
3,3,3,17,23,83
2,2,2,7,15649
3,197,1483
2,2,19,19,607
3,3,5,7,11,11,23
2,2,2,109589
2,2,223,983
2,2,2,7,7,2237
2,2,2,3,5,7309
7,125311
877237
2,19,23087
2,2,219361
2,2,3,73127
877621
2,619,709
877873
5,5,7,29,173
2,3,5,7,37,113
2,3,5,73,401
2,2,2,2,2,2,13723
5,7,25097
2,7,17,3691
2,23,71,269
2,2,7,7,4483
2,2,219689
2,3,149,983
2,2,2,2,2,11,11,227
5,31,53,107
73,12043
2,2,13,37,457
2,3,5,29311
2,2,11,11,23,79
7,11,11423
2,2,3,3,3,3,3,5,181
3,5,223,263
3,3,3,32587
11,79999
880007
13,79,857
29,127,239
880303
2,7,11,5717
2,440281
2,2,3,5,13,1129
3,11,13,2053
109,8081
880981
59,109,137
5,11,37,433
2,2,220301
2,11,40063
2,2,220369
2,367,1201
3,71,4139
2,5,5,5,3527
2,271,1627
2,440983
2,441029
2,2,2,31,3557
29,29,1049
2,2,7,31513
29,30431
2,2,2,110323
11,19,41,103
2,59,7481
2,2,7,31531
3,3,5,7,2803
5,5,11,13,13,19
2,2,2,53,2083
2,13,53,641
3,277,1063
5,17,19,547
2,29,15233
3,17,17327
3,13,17,31,43
2,2,7,31567
2,2,11,20089
884011
884131
73,12113
19,89,523
3,294829
79,11197
2,2,3,13,53,107
503,1759
2,5,19,4657
2,442457
2,3,3,3,3,3,3,607
2,442571
2,2,2,2,61,907
5,113,1567
2,3,3,7,7027
2,5,17,5209
7,29,4363
7,126541
5,177173
2,2,2,2,17,3257
2,2,2,7,15823
2,7,63299
163,5437
2,2,221587
2,3,3,17,2897
2,2,2,2,2,3,5,1847
2,193,2297
886793
2,2,221707
886909
2,2,11,20161
2,443591
2,3,3,3,3,5477
2,2,221827
2,2,3,13,5689
2,2,221891
2,2,2,7,11,11,131
2,11,40351
2,11,40357
2,2,2,2,3,13,1423
3,3,3,3,19,577
157,5657
2,2,5,89,499
2,2,2,293,379
3,47,6301
2,2,222137
2,3,37,4003
888761
3,89,3329
2,3,148157
2,3,11,19,709
19,53,883
2,2,2,29,3833
889327
11,80863
3,3,97,1019
2,3,3,11,4493
3,5,5,11863
2,3,148303
2,2,31,7177
2,2,2,2,55631
2,467,953
37,24061
3,3,3,7,7,673
2,2,2,2,2,3,5,5,7,53
2,2,5,7,6361
2,2,2,5,7,3181
2,2,2,2,2,5,19,293
83,10733
2,445463
17,23,43,53
2,3,3,3,3,5501
17,103,509
13,191,359
2,2,2,2,55717
31,28759
2,397,1123
3,3,3,33029
2,2,5,19,2347
13,19,23,157
2,2,83,2687
11,81101
2,446111
919,971
3,7,42499
3,297509
17,52511
2,3,19,41,191
31,83,347
2,2,5,44647
2,101,4421
893131
2,37,12071
3,7,19,2239
893449
2,7,83,769
2,446819
17,52571
2,2,2,2,3,3,3,2069
2,5,89393
3,298031
5,5,47,761
2,19,101,233
7,7,18253
2,447247
2,2,223637
3,3,3,3,5,47,47
2,2,2,3,3,17,17,43
5,7,37,691
101,8861
2,2,223753
439,2039
43,109,191
5,5,59,607
2,2,2,7,15991
23,23,1693
229,3911
895771
13,137,503
2,2,2,111997
2,2,2,2,2,2,3,13,359
271,3307
2,11,40739
2,5,11,29,281
2,2,2,112061
896587
2,5,89669
2,2,224177
2,53,8461
2,2,67,3347
2,448519
2,2,5,5,8971
2,2,2,2,2,2,2,2,5,701
2,3,347,431
2,2,224363
2,83,5407
7,128237
2,2,224429
2,2,2,2,2,28057
23,39043
2,2,2,3,17,31,71
3,3,99793
898231
2,5,89839
2,3,149749
3,7,42787
2,7,64187
5,179743
7,128413
2,449473
3,3,3,3,11,1009
899179
2,3,149867
2,2,7,32119
3,7,7,29,211
2,83,5419
2,2,2,2,7,29,277
2,19,23677
2,2,2,5,5,11,409
7,83,1549
2,2,7,32143
900121
2,2,73,3083
2,2,17,13241
3,3,5,11,17,107
2,23,19577
11,41,1997
2,2,67,3361
3,467,643
23,43,911
3,3,7,14303
2,2,2,2,3,18773
3,3,3,29,1151
2,2,3,75109
2,2,3,43,1747
19,23,2063
2,5,90163
901739
2,7,37,1741
901993
17,97,547
2,2,3,75181
2,3,150377
2,2,2,2,2,2,23,613
79,11423
2,2,225629
2,2,2,2,2,67,421
7,128959
2,2,2,13,8681
47,19211
283,3191
2,2,5,5,11,821
7,11,11731
2,2,3,5,5,3011
11,23,3571
61,14813
3,301219
2,2,3,3,5,5021
3,503,599
7,139,929
5,47,3847
2,3,3,191,263
2,2,2,2,2,3,9419
7,7,18457
2,452201
5,113,1601
3,3,100519
563,1607
3,109,2767
3,3,5,7,13,13,17
2,2,5,37,1223
2,3,5,11,13,211
101,8963
2,17,26627
23,39367
2,5,7,17,761
2,2,2,17,6659
19,73,653
2,2,2,2,2,2,2,3,7,337
3,3,17,31,191
2,181,2503
59,15359
17,89,599
2,13,71,491
2,2,2,2,7,8093
2,5,5,18131
211,4297
2,7,239,271
2,31,14627
67,13537
2,2,5,7,11,19,31
907141
2,29,15643
5,173,1049
2,2,2,113437
2,2,13,31,563
19,23,31,67
3,11,27509
3,13,23279
2,2,43,5279
2,2,2,223,509
2,2,2,5,73,311
2,7,29,2237
2,79,5749
5,31,5861
5,181711
2,7,47,1381
2,3,7,7,11,281
3,5,60589
2,2,2,5,31,733
2,3,127,1193
5,349,521
2,2,3,3,3,8419
17,89,601
13,43,1627
2,3,3,7,7219
2,5,5,7,23,113
163,5581
909859
2,454967
2,13,17,29,71
3,303377
3,303409
2,455177
3,19,15973
2,2,7,17,1913
910691
2,5,61,1493
2,2,2,2,56929
2,419,1087
449,2029
7,13,17,19,31
2,53,8597
2,59,7723
2,455711
5,182309
3,3,199,509
2,2,2,2,3,5,29,131
3,3,5,23,881
2,2,2,2,5,11399
3,3,5,13,1559
2,3,152027
19,41,1171
61,14957
2,2,3,3,3,7,17,71
2,13,35099
2,2,7,11,2963
2,3,11,13829
2,3,3,3,3,5,7,7,23
7,7,31,601
2,2,3,76091
2,456581
3,304417
19,53,907
7,130489
2,456791
31,29473
3,7,13,3347
43,53,401
3,5,13,43,109
3,3,101561
3,3,3,33857
5,67,2729
5,5,5,5,7,11,19
2,2,2,151,757
5,5,157,233
11,17,67,73
5,19,9629
3,23,13259
2,2,2,3,67,569
2,2,228773
3,107,2851
2,2,3,53,1439
2,3,373,409
2,2,228869
3,17,29,619
5,43,4259
5,373,491
2,3,5,30529
7,17,43,179
5,7,7,3739
2,458063
2,11,41647
3,13,23497
3,5,107,571
2,2,2,17,23,293
13,107,659
2,3,3,50929
3,13,23509
2,29,15809
2,2,229261
7,11,43,277
2,17,53,509
2,229,2003
67,13693
2,2,3,157,487
2,458849
3,3,101977
3,37,8269
2,2,2,3,23,1663
3,103,2971
2,2,2,2,57383
97,9467
2,2,3,3,3,11,773
5,5,17,2161
3,3,5,137,149
2,459341
5,5,36749
2,13,35339
3,3,7,29,503
3,306359
2,2,2,2,7,29,283
2,3,3,223,229
2,2,311,739
239,3847
2,211,2179
2,2,2,2,47,1223
3,3,3,23,1481
919883
919937
2,29,29,547
5,73,2521
2,2,379,607
41,22447
2,17,27073
5,71,2593
2,5,43,2141
2,7,13,5059
7,11,11959
2,43,10709
2,2,2,115127
3,11,103,271
5,7,26321
2,7,11,31,193
2,5,11,8377
13,70891
2,3,3,3,3,5689
13,70901
2,2,2,2,17,3389
2,460973
3,5,61471
2,3,5,59,521
109,8461
3,131,2347
2,13,17,2087
922513
7,7,19,991
443,2083
2,2,2,11,10487
3,7,43951
923047
2,2,2,2,3,3,3,2137
923203
2,2,3,76949
2,7,71,929
13,19,3739
3,3,3,34211
2,11,11,11,347
5,73,2531
2,2,2,2,3,19249
2,2,2,5,13,1777
2,2,3,11,7001
5,184843
3,61,5051
29,71,449
7,7,18869
2,2,2,41,2819
7,59,2239
11,83,1013
5,29,6379
2,631,733
925159
353,2621
5,185077
2,2,2,2,2,11,11,239
5,5,37021
2,2,2,3,38567
3,3,5,7,2939
13,67,1063
2,3,11,14029
3,197,1567
2,7,7,13,727
3,3,102913
5,5,5,7411
3,3,5,7,17,173
2,3,389,397
3,11,28081
3,3,7,47,313
2,3,241,641
2,2,37,6263
2,11,42139
2,3,41,3769
2,2,11,13,1621
2,19,23,1061
2,3,154573
2,2,5,19,2441
83,11177
2,13,31,1151
2,463919
3,283,1093
3,13,53,449
13,71399
19,48857
23,40361
2,3,3,7,7369
17,54623
2,2,2,5,5,4643
2,7,66337
2,2,2,3,13,13,229
5,47,59,67
2,464549
2,2,2,3,3,5,29,89
61,15233
3,3,13,13,13,47
3,3,3,3,3,3,3,5,5,17
3,3,5,7,13,227
2,3,89,1741
5,7,101,263
2,3,3,51659
2,2,2,2,7,19,19,23
5,186007
2,2,5,46507
211,4409
2,3,13,11927
2,2,3,3,25847
2,3,31,5003
5,11,16921
2,43,79,137
7,103,1291
829,1123
2,97,4799
5,7,37,719
2,465643
7,233,571
931417
2,2,3,3,113,229
5,5,83,449
2,3,83,1871
2,2,2,2,2,2,2,2,2,2,2,5,7,13
931981
293,3181
73,113,113
2,2,233071
3,3,103591
3,3,313,331
7,127,1049
3,19,16363
5,101,1847
2,43,10847
23,47,863
2,2,2,3,5,5,5,311
2,2,2,5,41,569
19,49121
11,53,1601
47,19861
2,181,2579
5,7,7,37,103
2,3,7,11,43,47
933883
933923
17,23,2389
2,2,43,5431
2,13,35933
2,3,155717
2,467209
934561
2,467329
2,3,3,3,7,2473
2,3,347,449
2,3,155821
2,2,17,13751
3,5,5,37,337
3,71,4391
3,31,89,113
3,5,5,12473
2,2,2,83,1409
2,467827
853,1097
2,2,3,167,467
2,2,11,89,239
2,31,31,487
5,7,7,3821
3,13,24007
936379
2,3,97,1609
2,2,5,5,5,1873
7,17,17,463
2,5,113,829
2,5,19,4931
2,2,3,78079
11,17,5011
2,2,2,2,3,7,2789
2,2,2,3,3,3,4339
2,2,2,2,2,17,1723
937429
3,3,19,5483
2,3,156269
2,468869
3,5,5,5,41,61
7,133993
2,23,20393
2,5,23,4079
3,312743
938387
3,11,28439
938569
2,29,16183
11,61,1399
2,2,2,117361
2,469487
2,3,3,13,4013
2,3,193,811
2,2,2,113,1039
83,11317
37,25391
2,2,193,1217
2,2,234907
2,2,2,79,1487
419,2243
2,2,2,2,2,2,2,7,1049
2,2,2,7,16787
2,3,71,2207
940271
3,31,10111
2,2,2,2,5,5,2351
5,188107
2,2,2,2,58789
7,11,19,643
3,3,104543
2,5,94099
941027
2,2,3,78427
19,107,463
2,3,3,3,3,3,13,149
2,3,156901
2,223,2111
7,23,5849
941791
3,313949
2,2,235483
2,2,2,5,11,2141
5,61,3089
2,471139
5,229,823
5,233,809
5,13,17,853
3,3,3,34913
97,9719
2,2,2,2,2,3,7,23,61
2,3,3,5,10477
2,2,2,5,5,5,23,41
2,5,257,367
2,109,4327
17,211,263
67,14081
2,7,11,11,557
2,2,2,2,2,37,797
2,389,1213
2,3,5,73,431
2,2,2,2,2,3,9833
463,2039
2,2,7,33721
2,2,2,2,2,23,1283
2,3,13,12107
3,314827
7,59,2287
3,3,104959
2,2,2,3,3,13121
2,2,236219
2,2,101,2339
2,2,29,8147
2,2,3,79,997
2,37,53,241
3,315103
3,3,3,19,19,97
3,315181
2,2,2,3,31,31,41
31,30509
11,11,7817
2,2,2,118249
2,2,7,13,23,113
2,5,94613
3,3,3,101,347
2,2,2,3,47,839
13,47,1549
7,29,4663
2,473321
2,2,2,118343
946877
2,2,236737
373,2539
2,2,97,2441
2,3,47,3359
13,72871
2,2,3,7,11279
2,2,2,3,13,3037
2,2,2,11,11,11,89
2,2,2,2,59233
947861
2,2,13,18229
2,2,237019
2,2,17,73,191
3,7,7,6451
659,1439
2,71,6679
2,3,149,1061
11,86239
17,55807
3,3,3,113,311
13,72997
23,41263
2,2,2,2,2,2,2,5,1483
3,7,17,2659
7,135623
2,2,5,29,1637
949523
2,2,2,2,3,3,5,1319
2,31,15319
5,271,701
5,189997
7,135719
5,5,5,11,691
950239
7,137,991
19,50023
2,2,2,2,59407
2,2,2,3,11,13,277
2,3,211,751
2,2,2,2,2,2,83,179
3,13,37,659
5,7,29,937
2,2,3,79259
2,5,5,5,5,761
7,135913
2,2,3,37,2143
7,135937
97,9811
73,13037
7,17,19,421
951967
952073
3,503,631
2,193,2467
281,3389
5,13,14653
2,3,5,31751
59,67,241
31,73,421
2,2,2,2,3,3,13,509
2,2,238229
2,2,2,109,1093
101,9437
11,19,4561
2,3,7,22699
31,30757
2,2,2,2,2,3,3,7,11,43
2,2,2,2,2,29803
2,2,3,3,3,8831
2,2,238463
2,2,2,2,3,7,17,167
109,8753
7,271,503
3,19,16741
5,11,17351
2,5,31,3079
3,3,67,1583
2,2,2,2,2,2,7,2131
2,3,3,7,7577
3,31,10267
109,8761
2,477517
17,19,2957
2,2,79,3023
277,3449
2,13,36749
3,318503
2,477809
2,3,7,7,3251
955853
2,2,2,2,2,2,3,13,383
2,2,5,7,6829
37,43,601
19,50329
2,2,5,47819
2,73,6551
73,13103
2,577,829
3,318907
41,23339
7,7,59,331
2,2,11,21751
2,23,20807
23,41621
3,3,3,59,601
13,73651
2,478787
7,136813
151,6343
2,2,2,3,3,53,251
2,461,1039
5,89,2153
2,3,3,53233
2,2,5,47911
2,3,3,37,1439
3,5,11,37,157
2,479287
59,16249
41,67,349
2,3,5,31,1031
2,2,3,5,11,1453
97,9887
5,191833
2,2,2,2,2,5,5,11,109
3,199,1607
3,319819
3,7,45691
2,479813
2,479881
2,2,7,7,59,83
2,2,2,11,10909
3,320009
2,2,240049
5,7,27437
421,2281
2,3,160073
2,2,2,2,3,20011
2,3,3,3,17789
5,7,97,283
2,480419
3,3,11,17,571
3,3,106781
2,2,240287
593,1621
29,33149
3,5,11,5827
5,11,17483
961633
2,2,11,11,1987
961817
3,5,59,1087
2,3,3,11,43,113
2,2,3,80177
5,7,19,1447
3,149,2153
5,13,13,17,67
7,199,691
2,7,29,2371
2,2,233,1033
71,71,191
3,3,106993
577,1669
2,2,2,2,17,3541
2,2,3,80273
963341
2,3,211,761
23,41893
2,481807
5,192743
643,1499
7,137713
2,7,68863
2,2,2,13,73,127
2,3,5,32141
37,67,389
3,3,13,8243
2,7,68897
2,2,241169
2,2,2,2,2,7,59,73
964823
3,321647
2,13,37117
11,87743
2,2,227,1063
359,2689
2,3,3,3,19,941
2,3,11,14629
7,11,12541
167,5783
2,3,17,17,557
3,5,64399
3,3,107339
2,2,2,2,2,2,2,2,2,3,17,37
2,83,5821
2,483167
3,3,3,5,7159
2,2,3,3,26849
47,131,157
2,5,96671
733,1319
7,107,1291
2,2,3,7,29,397
967111
2,2,2,2,3,3,3,2239
3,13,17,1459
967493
2,5,96757
967667
3,3,7,15361
2,163,2969
2,483971
2,2,2,3,3,5,2689
19,50957
2,2,2,11,11003
968329
43,101,223
2,2,463,523
37,47,557
7,11,23,547
5,193771
3,19,89,191
2,2,2,3,3,43,313
89,10889
2,2,2,97,1249
2,353,1373
2,3,3,3,13,1381
29,67,499
2,5,13,7459
2,2,2,3,3,13469
2,2,7,11,47,67
3,367,881
11,163,541
5,29,6691
5,11,13,23,59
2,3,161717
71,13669
2,7,181,383
2,2,11,13,1697
2,2,2,3,3,97,139
970813
2,7,223,311
7,7,7,19,149
2,2,2,3,43,941
3,263,1231
2,2,2,5,7,3469
2,2,11,22079
101,9619
3,3,3,7,53,97
2,2,2,23,5281
2,3,3,53993
971921
7,7,83,239
972163
23,41,1031
2,2,2,2,2,2,15193
2,2,3,11,53,139
7,138937
2,486323
3,71,4567
2,2,107,2273
5,17,11447
2,486527
2,2,2,11,11059
2,2,53,4591
7,241,577
973411
2,2,3,13,79,79
2,2,2,3,113,359
3,5,64919
2,2,7,34781
2,3,3,61,887
7,347,401
251,3881
3,324743
7,139199
974401
974513
2,5,29,3361
2,2,2,37,37,89
2,2,19,101,127
2,487481
7,139297
975133
2,3,13,12503
975323
487,2003
2,487757
3,3,7,17,911
2,2,7,34849
2,2,3,7,11617
5,5,103,379
7,139429
2,2,13,18773
976253
3,5,65089
976453
2,2,2,5,24413
976699
2,2,7,34883
3,3,3,97,373
11,88813
3,5,5,7,1861
41,23833
181,5399
977369
5,19,10289
2,5,29,3371
2,23,53,401
2,488879
2,23,29,733
5,131,1493
2,53,9227
2,5,97813
11,13,6841
978347
7,11,97,131
2,2,2,2,23,2659
2,2,19,79,163
2,2,2,3,13,3137
17,71,811
2,2,2,2,17,59,61
2,11,191,233
2,5,5,19583
2,3,3,54403
2,489691
979403
2,647,757
2,3,11,14843
11,89071
2,2,2,5,11,17,131
29,33791
61,16067
2,2,2,3,3,13613
3,3,3,5,53,137
2,103,4759
2,2,5,7,47,149
2,2,2,11,11,1013
2,490313
3,3,3,5,5,1453
3,3,3,3,12109
29,33827
981067
2,2,2,7,7,2503
2,2,2,2,2,3,3,3407
23,42667
3,327163
2,2,3,263,311
37,43,617
2,3,3,3,18181
2,3,3,5,10909
3,29,11287
2,3,3,89,613
2,2,19,12923
3,5,5,7,1871
2,2,245587
2,151,3253
79,12437
982697
2,3,3,5,61,179
2,2,245711
2,3,3,3,109,167
2,2,5,13,19,199
5,353,557
2,2,401,613
2,2,2,2,3,3,6829
13,75653
3,3,3,3,12143
2,149,3301
3,327923
2,3,23,7129
3,5,7,9371
2,492029
2,2,2,2,3,7,29,101
3,3,3,3,29,419
5,11,11,1627
2,2,11,13,1721
2,607,811
5,5,5,7877
19,51829
11,89533
73,103,131
2,3,3,5,5,11,199
2,2,2,2,2,5,47,131
353,2791
11,11,17,479
2,2,2,2,17,3623
2,2,3,3,7,3911
2,17,53,547
3,3,7,15647
2,17,107,271
3,3,3,5,67,109
2,2,5,7,7043
2,2,2,7,17609
3,3,3,36527
19,23,37,61
7,11,23,557
7,13,37,293
13,29,2617
2,3,3,7,41,191
2,5,13,7591
41,24071
2,2,443,557
2,2,3,43,1913
2,29,17021
987361
2,2,2,123433
2,2,246899
389,2539
2,5,7,103,137
2,2,7,35281
2,3,164653
2,23,47,457
5,197621
3,3,3,3,3,7,7,83
3,7,19,2477
2,2,2,2,2,17,23,79
11,89867
7,141233
859,1151
3,3,181,607
43,109,211
2,2,2,2,61813
7,141307
2,2,2,2,3,37,557
3,3,211,521
2,23,137,157
2,2,3,82463
2,2,5,49481
23,37,1163
3,329947
2,3,11,53,283
2,2,2,2,2,2,2,5,7,13,17
7,17,53,157
181,5471
3,11,30011
521,1901
3,11,13,2309
3,3,13,8467
3,330241
2,79,6271
2,2,2,123863
991069
2,495589
3,5,66083
2,163,3041
3,3,3,36721
5,198313
2,2,3,23,3593
13,23,31,107
2,3,165313
2,2,3,131,631
2,2,3,3,17,1621
149,6659
3,7,37,1277
992309
3,7,167,283
73,13597
2,2,2,2,2,2,2,3,5,11,47
2,71,6991
2,496427
2,5,5,7,2837
5,5,11,23,157
3,97,3413
2,2,2,2,62081
2,2,2,124171
3,41,41,197
7,71,1999
2,3,165611
2,496871
5,113,1759
13,101,757
3,23,14407
7,142019
2,2,2,124277
2,5,13,7649
3,19,73,239
3,11,30139
2,2,2,2,2,3,13,797
2,3,165799
11,149,607
2,2,13,19,19,53
13,76541
995173
2,17,73,401
283,3517
2,497701
101,9857
2,2,2,3,5,8297
5,199153
2,3,13,17,751
2,3,3,55333
11,23,31,127
3,223,1489
5,5,7,5693
3,3,31,3571
996431
2,13,38327
2,2,3,23,23,157
2,59,8447
996841
2,5,131,761
2,3,11,15107
3,3,7,7,7,17,19
2,2,61,61,67
2,2,3,3,3,5,1847
3,332471
29,41,839
67,14891
2,5,5,5,13,307
3,332617
3,5,66533
2,37,13487
5,199621
2,23,21701
2,2,3,271,307
2,2,11,11,2063
3,3,3,31,1193
3,5,7,9511
2,5,99877
5,5,5,61,131
2,2,2,193,647
2,2,13,19213
3,11,13,17,137
2,31,71,227
2,2,2,2,2,2,3,3,5,347
257,3889
3,3,5,97,229
3,3,11,23,439
2,7,71411
5,359,557
19,52627
