954794756
792753027
480148271
241205080
925158932
75927127
658377423
529789546
619998572
691961884
471274197
949015905
353062272
747059959
737370262
418003419
509487826
125746574
486089875
675082636
690717517
718625871
134778066
243123414
694166102
993790293
46245273
150501990
740962655
845712726
832266764
405660790
222808613
356994023
602924714
233281980
144126237
592002190
702195169
633844246
454419716
579138446
52170717
828657836
404020879
766671232
711198956
48724981
295971256
214677017
284271866
559107567
691201134
924293514
749642174
869082320
281724696
128582760
297387719
488829073
764937252
129636101
561646578
750677955
484491134
557564736
377114308
940343629
126126767
368020038
829001909
501734536
40464684
899067030
663931542
505298649
41865747
461229946
963532074
606418725
347761828
651002730
14094265
802993472
993905751
457326011
734558830
897163556
593203437
32728654
965751918
227865548
10818120
131295598
789704146
681451634
958305320
752026101
547287254
968010780
344291026
866141870
762442213
380695837
972770920
579134687
447690012
404597497
263668296
803846213
360495329
290656856
133657612
605468932
919859893
45975501
864218696
829712825
119930966
879872163
468253266
825654184
457699845
921581080
328463948
587970278
256478216
578816489
40339254
781543644
918573622
882417670
697316976
736388690
691321398
881698542
670100350
12666807
418611039
222093252
718053834
292537650
590036987
274530346
677040573
870308559
131153424
25408012
711189460
853970986
860443843
324575886
537317515
748119774
254195645
479350935
797372368
372108600
645362658
2920500
772039607
505481599
688788334
858653367
255499683
447154163
747229522
740506152
574158219
906531864
770183021
228215397
43854799
144369027
85902170
383125184
898083558
254737806
387962709
529048206
658102412
754084124
309293452
802565697
653228251
54130304
976633215
26235922
390666593
962678525
121386252
470584679
998499407
170203721
675320973
934752190
506211832
415209418
407025438
825657264
931235222
874953207
817295789
898402159
127913855
776042011
929393563
727602167
273674525
538183045
577742916
141889664
505851732
239730797
48702408
906997579
687472573
373611843
111787508
327516731
540759792
841087854
989185219
859924447
651570983
330681929
122514643
141840599
244168579
819981903
826867899
440805854
716060416
20495647
809008530
75773293
153972087
27477616
575240743
686565060
708545830
609524669
438061700
605595515
995617454
828828751
232680694
613843565
413638930
205539196
971983940
973178343
755977477
966621446
341931884
838456799
643406893
297542989
831007480
921106129
943619592
486261034
524272338
272926572
457361068
746345417
373550844
83128804
391475362
903164018
482943604
574891819
138539356
347672897
194596758
17987562
817912955
683981025
153574234
244198349
260839815
333085366
610146362
94742584
828549652
806124856
358408578
692153423
354825897
739191621
287248177
930775791
783928566
740775733
89094310
631638565
878314486
221017685
707975405
932029494
765022628
703257634
462239160
420302409
771153147
420572581
630760596
361319958
906131257
548603488
248993892
92582624
670797640
681577699
145183252
705082484
396683158
614968634
422627219
978234945
717407112
584057592
882328067
48981787
317855865
341593018
357843551
644246493
44498919
53492011
280702391
495391304
225264888
522860855
626776354
254977334
335708726
283907213
774659873
455215530
355649648
48000887
940901716
22744687
697212916
537457686
250425544
614190012
974456052
821517595
696067973
23368690
768531197
198912071
645900535
186602499
735639933
799843229
399601496
689532432
128354721
840725727
46428382
710710726
679357358
814012747
177110222
725835334
394212943
820415343
643172900
501289688
754207404
847948307
606948209
937821707
255680953
480229252
114673532
37625141
191676161
626340415
461608609
532929982
991825658
933945907
2679153
682554876
911974945
688876013
937472266
741195866
27731476
386862556
380009030
955219605
389110898
108705025
861348754
119805170
727820312
788598953
384391967
384913818
269372446
465038211
666217539
86133079
107309069
620993790
372645697
337621095
869741857
148490472
245181234
809507289
12260560
37090214
976562404
538952124
263736164
10121199
563544154
668430355
757414833
557292504
525615144
835002562
714019143
193541301
252194631
966714866
140151339
217596233
942388061
497390539
587716975
46213747
531420051
330548602
928414185
403944603
819515544
701156294
111166337
767078841
212010504
416760640
893298838
772388888
935921766
180863369
814890198
283882810
544798746
750324049
249723250
127058838
226239883
229019181
536990326
940993904
652044569
492792222
11174954
360467682
108474209
950446693
896719437
6849190
865539303
181639274
43747185
103502078
459763755
36430015
408385226
777548151
356423431
66504240
46425298
482135619
604167579
870424346
362436538
917503246
758789573
717553339
267926514
198737254
427383412
850167165
993567074
423692746
793496030
380430414
833781818
251173621
230413824
861447201
301639200
876148164
459949193
272759026
963553762
414864908
307908530
255469086
679793819
45163331
948082831
366468379
39642521
94295492
297125437
660187687
406455852
246617407
901111160
517987557
852881548
310230757
222935938
767762477
549507184
550162215
94744774
69207202
350408610
264474907
487370119
503733265
754243524
491655927
845811899
905737810
336926872
841409259
166548060
460227472
659594220
593332754
646480175
768327356
803532681
849927813
350870149
451662013
475983092
365950511
339365054
227022660
853509537
665011320
88379517
622406559
616868861
575964279
564349374
724661661
434477591
944021359
278206713
341345362
701602460
388225425
920877654
663959104
336152173
260130497
830734354
246487287
489398018
361367729
182999934
828352689
214953389
775024844
730284686
981038814
675669577
230522082
876716175
882463865
783242911
359004874
88172935
912032030
929673918
853773494
375334884
530094093
312396912
771080880
421819907
110922282
258569133
663106144
44237633
586342688
632750087
671310258
79028582
599149023
484893599
424743220
31025879
693720797
455388055
4568342
551822563
802672437
883168846
452526893
269834661
878586876
402432957
29108189
794756021
997764296
786496536
512867451
881202642
419160687
274732509
540609712
520352120
828787709
364456365
892077801
824403436
375954889
344990522
737653885
95212989
968635921
326040530
403767955
775986642
494940682
24132489
914333516
995820510
493693918
37435895
303550469
185304370
193730048
433532690
221980840
843016910
676004303
337817629
241725658
743802901
204441991
750007790
688571330
858158518
426215155
398297479
739344983
281158636
148454119
944985377
595734605
810978563
742981541
292396717
958960150
880903240
592192091
90286869
449014441
442190740
918816301
559657270
552731234
672770578
499648538
223571772
324090914
179120159
720360675
879103717
336726334
743928471
916253953
113194263
304657957
225985632
586767584
522473135
143702702
889069353
993821723
254450798
667267642
655691415
159136039
253109309
780319688
155558075
913171766
714280397
29075691
260634452
993191753
42282127
336316738
776293180
786381338
505686555
470294227
446645743
354251025
103585735
23064678
18618596
973738652
208153153
851005751
300724780
490565367
844793933
754497753
464637283
804941246
107854078
303825547
277388849
549129935
154024996
216612833
105094224
713515626
700918829
922523057
277028818
85330708
54790437
472596028
184787986
864354547
117182037
82369913
259158003
673295333
686957002
445999849
226515680
5912166
620266216
143564844
452515802
107425288
652725353
812904856
181209711
162329565
37785587
764649223
466399343
65563198
579126934
871512231
548210974
388666999
710215337
999597304
26348810
137955580
694022230
208840144
628066264
770946179
725271934
688059375
526232661
233798046
273361688
248205785
279992135
859823597
26416083
338190484
408965545
817886766
562644548
726373695
223878617
311639497
962880626
130645156
644838258
41468381
179953689
760523130
206936168
329448501
114693103
815791796
161968437
186072925
333733024
31101637
16036103
96932032
65461712
43030272
947744568
882152075
695211789
282656317
918207293
478315083
199193934
764813198
910471203
305600341
47358220
144175153
193229842
205195381
318029138
660869529
565652557
666644773
464937743
550277767
713823201
305720326
440967718
271008969
135341500
154301352
190141398
525343634
905904229
973080972
341408883
492800660
992838141
265966489
475781460
912132577
310049832
679821182
307345071
728180458
845979601
357854489
961977419
613679055
204764687
599444777
652743053
815129246
928162635
195208129
377400713
628606671
111378641
210300151
327312513
750436915
933022383
306350199
332121908
164028960
774660309
213260820
15249206
833847390
977153458
469762280
986680732
996150336
672493720
232865879
511199814
974303642
523550050
224597980
406588978
267509915
229437079
831933863
313636192
413911444
744713754
72842755
318697433
855001670
418101388
304681334
285438782
869883654
632352857
702959686
878159623
292906904
649307797
464699888
105806298
405534053
600015379
588057757
837915225
43123858
693758851
639612258
713555402
263883230
580542126
167162775
37743999
886681628
280667744
93310114
54925524
893703701
381819588
637013027
381656953
870028404
677023970
868690081
489409590
158873895
888508527
391836764
359588364
412330930
650189437
867105057
647873518
599516040
465927210
24859039
591366049
35779329
167249627
684777802
468951867
845040928
946978790
367764996
208881982
195082693
32410831
73170871
561233099
609145117
854592580
600586731
905023873
822293574
683558976
743432525
600824501
440432543
816130541
317119099
230072901
165821986
278016152
186976360
657009255
467328665
694406789
882258781
197584498
184351390
889390989
279001851
729051091
456647155
932115495
221527725
479950439
945977589
401609852
333825110
211237601
773745594
424702899
484324288
667650153
804680099
997524740
535740740
252841516
677843486
784884821
71391343
934752801
622543764
918866654
187947699
850655058
216841069
295714265
489775963
927971074
811235474
139805190
349826397
946035129
160624215
718330380
292805672
226740718
804816323
722764275
508630590
184944703
899473980
84102950
428989662
748382005
705292721
641178801
135457519
400530248
70058254
877836795
86893317
288626367
654283318
122137036
806644988
465525760
164097174
24338723
712053008
29820998
393557280
532547415
559534147
914713111
137951328
409188273
245764734
788165979
813000846
792473387
729633203
442389969
620367619
774968506
482734696
356347941
940607458
503093874
423786557
389222253
155045694
473619182
431550834
586266137
219095639
933508736
12464770
819399182
781893441
731627527
623322567
32720074
163093335
540772550
391155503
375416839
561219374
198833290
284399138
347003995
215150988
584419831
436559314
799662045
116892006
964076354
561662556
442132324
282735908
804306232
771287838
712154957
689824915
71683121
193348978
431919917
93493035
848933865
360974112
36802718
78632144
727454409
168421838
695441659
261069437
247614910
29701630
832632739
888796329
501777503
524375465
42894256
292247223
414014603
778195477
368787571
364182729
940454973
30305939
761755996
746568887
194708117
654144241
912327277
250153661
974514910
727057589
217716592
259108830
486628045
407042508
519572032
693879337
709517036
154652424
803936613
999418796
96434470
9767211
980773743
382711272
975027878
631027845
698034786
80283639
573141344
146397828
860252672
268186104
127608947
405962749
135382385
538796762
543270697
497672128
567549964
91830424
944240815
973485553
226827934
586315576
967698768
522387520
519205386
366108840
993815495
860987642
802692260
829436630
566517628
584728524
555607836
806754115
573141510
599159218
430335177
78315996
666075211
690777757
831366184
707042352
360236193
35476135
428235297
974801126
459554719
665893459
570063753
487633735
993649378
631122468
934675015
971236824
151488241
688406797
129058117
252191115
973499042
917843122
796794289
976591551
577175043
969396687
217445051
55679245
134933233
909171558
875456285
493283577
967806146
649314185
230126470
647704014
492472049
438391029
926620860
788781080
899768162
851007000
354824929
846375540
483062932
586852140
613145313
26056515
100994645
720587366
917552637
279654574
899347003
867955331
637198721
371236517
608931383
466105873
396905588
763128164
966976541
381340755
974567788
531653988
492197845
393976166
701920057
89219153
754572717
163986350
782149205
391604879
918270920
865346619
275959335
916810598
301696568
343593462
935181371
325670824
248807452
800975197
43640819
602018849
406893807
413405365
409734161
239978445
945007938
208693163
43062322
247087359
845177207
190527855
900774863
109978104
954712501
458110115
381436083
268734291
178542431
298359368
157309104
862460932
619955128
267463207
153967089
408931066
718903886
374873676
716060485
22229919
910156734
19280348
379067525
511773970
802021111
104131005
648581351
876182402
487171398
127129844
691301847
530068457
170728809
846292536
579049080
290982277
732878293
776955385
680539420
827957375
28281566
238055230
158400912
704427025
352336062
340537957
327003046
643620014
327178878
683753031
256517381
518209346
95784596
931905239
896289964
577641751
746240615
969847499
604978766
733298074
267338779
934844238
825154459
177737910
806388534
491807538
923498098
836647182
136149562
264427456
474121074
507222226
61927044
874363820
287894587
851359064
715549114
924688989
793820759
431015569
861635157
504214205
537598412
652375816
388741146
93686442
501726715
774850280
937381127
644049119
399548425
19469771
273950645
532239346
967201588
488834268
855450486
214791840
873903464
763018793
449672395
566336595
571769937
338421371
767704839
601703276
14319811
337298820
120235251
311249643
631746119
531349482
6057982
92464077
525750090
412135428
792435171
6094551
464449023
314073308
237888372
38047715
787547173
142696034
890293328
99061015
91313531
913187689
934549502
989262498
979578421
321450901
531858558
927591439
183237865
474613184
948804118
665134814
866617398
147675469
363272121
315683451
456869293
644351101
399621998
727011258
259032465
833549516
893586129
826394050
222337409
928573750
359202395
54163247
328865395
113946123
618807976
121854459
236420327
364176665
556183222
835974646
624764476
338419468
910703107
639139802
223983307
284173740
159529831
345780513
313216399
665023545
592246542
980957473
86246612
295193439
228767176
899012501
132431846
537450885
501361037
247280082
913145620
826277392
92739310
388208815
704256844
817371869
590931989
930321369
771028268
852596668
387635102
733545567
292079767
686885924
652053007
712301113
789403402
308122310
742384070
221558949
414537229
55679658
387286815
880500465
612474416
347936966
117725576
675042800
854581135
153983996
807790902
264906475
733446175
914448146
337918082
695300678
854663494
48890720
530311798
293835496
794735550
343130274
875217376
692348608
540847475
683215273
65252435
507986923
737629446
897171413
220670891
500339566
532113558
308478170
985185117
924109783
506370038
904405350
808423078
271178246
680624792
900817446
738562739
912073076
539790862
123753949
365374461
740927411
284189873
398859282
843580103
917545022
716768922
570737303
343836103
676627942
374066166
483251419
260026348
470801942
285182775
866087444
650599250
756519084
11799817
895670770
477397302
672984285
974991429
340166019
993552693
969096636
244752861
813309411
538116744
443894194
49988248
97820488
908162285
695842474
702870228
830881543
714337799
545024810
500284797
914827837
36749807
233791639
751881861
867225426
542361928
283215901
462758519
980087938
249832976
93295527
384436313
920994947
329393670
435706173
43668825
955506410
888693723
750942943
149551312
481645646
962830828
716125750
85422454
346653913
265143021
57473409
374078787
934362858
479297085
377190504
124265025
203389337
670214696
783333075
45595844
218901058
634431466
320526658
834377341
125872238
633771854
140560142
842680936
916030293
272104759
445602402
662913784
829428458
758687902
293385873
219665657
123036191
742766592
60446772
511263811
664956265
681722317
624410606
831134454
39663468
385894644
786513606
23423151
617767041
545174161
976795318
57050987
167207149
778836281
35808907
662440841
482305075
228849912
735778638
293067676
837078494
127452272
354475744
53943235
79409903
2437162
174253435
19042176
766373457
184389730
667788589
432132912
613159175
680275607
614489910
279611861
297174027
991652958
129889648
552390464
753009605
904585170
628671306
438674910
461100014
621182979
213002138
244616125
628499209
381567092
359452575
296194305
966878980
405124387
672418242
438120473
317380062
291317827
160469107
925544808
317747008
220427787
849490599
608697482
5209669
469889132
805776497
804928338
113269001
986321899
216474990
193281478
875018168
778436327
198362096
815724331
651561773
107965015
248313779
522105282
226228817
414033688
36572412
227442215
804846121
884710548
1816257
821675544
69924695
246076754
517405391
278770207
461729073
934638141
395807268
961516254
352543149
108220535
270650116
120462701
755696545
927925068
961196598
266279365
822682662
446465988
712899025
722327764
185464758
348565363
355535345
254094764
106140179
987507097
900901002
100983364
801937646
252701036
281743893
18684942
525780847
859366215
152316708
934369331
754341794
151339823
542540621
704278194
839725909
393801356
312782165
327652828
19283667
344912287
714744206
896092068
241772198
945227948
454579399
412326997
244847551
653822963
88544723
601843572
863883592
869452666
504503811
76250970
696014313
396089861
769865613
974865372
852223685
864341054
727795148
245478741
222686119
794922278
738426327
882098453
189198467
533322250
469182589
900751921
493761975
463054962
745192097
230519922
547783973
570971164
731055159
549167833
89486684
5583801
884633136
535770280
725966726
675942406
29418611
310334260
226824801
873121002
366788551
269159059
699982366
759730058
963890178
168526719
312002827
435730002
735507460
372241795
344348861
14024120
761655215
587159685
788871003
839921725
321554840
211825822
928561720
605416525
949427058
474361697
544472827
738815813
905035172
75268257
111315001
269344173
881531345
128611088
139954375
974531811
710122237
39350865
179675200
504965709
755365371
664919424
718031521
776838637
777847717
959149071
982121443
177774088
715445995
43879269
906971276
101224952
950823576
645477971
125244221
714475093
175086339
961244815
81750015
596683800
24539465
121860313
483529234
139197060
32355335
264948952
911436546
356818316
329311636
804791066
742207994
608251377
203874737
29542822
900271751
169862123
147055726
824953099
793984880
238432547
891409810
819113921
951149549
318609461
76314281
572778686
322520607
281809099
901980424
624715249
741601097
372886252
768356174
173218258
641163976
877879241
983767452
106238345
479382164
657828255
598227248
325202015
404019037
735255291
883197594
432710718
570159129
606425244
686567776
74089955
260564479
881481243
661932815
813371502
720072859
685066018
473611385
911336436
990759062
128767352
185105470
256715725
399579933
526408603
209483269
899408526
142445024
862983686
514547491
545810404
954860896
248626752
92567109
287195161
189600234
620030424
354090389
300955843
123011201
805204851
627865755
553122577
336704876
399057896
13244161
955828088
400869720
133857969
706250120
246019974
378766709
872693556
327425376
189831166
317876947
617882627
119465894
880062577
818211835
241955535
458884103
773227758
620688290
755909916
87615971
964796699
202988131
790534383
119997272
695639990
971163874
214939146
819943053
95212270
3147816
43444529
113394891
998627877
712296171
70450716
204108029
765065257
755882881
627290074
309489470
810742717
283912107
179734564
672110139
595117364
407021286
412785601
335519790
54568002
819165863
973338508
526388650
144079903
984642155
142639372
948782185
26081855
227834293
427736302
102882199
774638057
357947529
986106832
865699969
300497335
639023924
56069572
257019690
139180536
451362047
796200445
722625844
568408094
600031464
239719826
189514283
206855977
972129443
681743234
573769465
117782113
907017730
674215
401682524
68113560
671225291
934481710
721284154
441754956
777881196
668144794
51849202
486016514
798107403
682689451
577437951
391233220
365445384
435452893
288467379
70393401
438873141
35485193
591211014
353570031
954905639
411157543
206650524
679043866
626851158
951653996
282222830
595251455
812004492
560869686
211737971
380250096
376547425
990388099
278660778
464934904
674091899
496821869
235704422
727040660
722591778
697350474
995284573
754605046
232795629
787962411
26117551
68877318
960588086
88287288
83309545
773792644
707382733
805542568
641681596
245916109
265822983
244154426
759213713
776008753
84740081
780732955
328231756
660355027
772925064
867382378
939022511
471020961
967766372
213886619
15193281
743810243
852038940
548621301
693226122
916416035
7788368
235342294
921991627
447263765
804621765
956601933
87727830
166183485
65073870
515635049
509565918
183837593
89400952
620505659
363424953
454323661
590516385
448511991
283928737
983370273
278460946
723005188
626887807
594437671
449662162
131147762
327533393
463077962
406483600
642860515
291611782
969890279
350551172
528154612
151915644
217181337
883645177
383762140
847287003
802411430
309640509
24155085
236825796
418025619
986833068
861405786
679899407
234511881
248970925
306089619
899106279
775224643
849518677
16465818
724112354
111551303
708532732
98247063
720810089
583991079
500752765
110548642
382041978
509632091
164200783
353400096
48912982
742483410
377407717
31330101
294344145
125701713
975805596
341156108
185678013
732857331
475128993
150150648
295232811
749810029
453808013
487074185
241290963
362299278
595383093
357794966
3863986
359159616
699735911
743571931
305111030
52033103
669213811
783850659
245543329
332281915
175037795
26379945
379286210
590854655
725241073
781006707
236011232
31904345
657310976
898576947
890168409
324911822
10964208
873750365
193591599
669656743
660903226
464161831
445474602
28406925
688266241
896092265
578016067
224585743
1071799
460954997
764945427
63700701
887667328
951380179
418012695
54351559
861933530
866191080
690092038
907945199
188184998
765833393
502199974
846465571
400457218
242330264
67061275
523525066
930782724
750238654
451404954
501637234
253184527
930443311
799459139
3443571
502394606
789719424
909897307
505364104
765463258
470345521
815217882
623180488
470947599
355723770
879776453
313715992
668423529
249157134
227636107
643567296
100769739
284411269
750809457
98469392
134079367
954619765
22069110
209613589
263834446
431180179
667174803
458827386
966905819
192767124
845722335
253689457
523749622
473098071
524256565
504779787
415860071
584862185
453161671
902202271
62720368
91970852
110686493
198332610
971863043
210127104
192301735
215043718
376033765
579571540
207518581
891793294
22144175
954671929
850457386
11190024
800561309
714682210
66625368
772664391
877794672
143798726
519864802
923467785
787264909
891400464
274249325
738722945
472634144
602131198
109453984
905852759
684995187
522097068
324236265
284203756
895630989
445003402
962851063
642642023
140017918
601630906
176274540
549780343
130850294
910354574
232497963
518191514
53239576
382734706
985727807
580701352
518007280
816125661
850826399
105496986
606018422
697811188
60862486
784257105
37755988
854027710
748989093
748334529
568441521
307403656
956960562
807354928
375406975
820708909
948767860
412346638
805422985
352365963
694082105
189858826
521518793
319495721
253985361
868789344
945873075
352224426
622511497
115523886
132888741
556614345
914974929
507685298
118994152
807537717
336676929
263471495
57037976
252605535
827917085
901929075
334853889
165831287
602966208
468587401
96279616
903794572
930245796
269445358
420353442
880988664
701956662
824669002
174498962
723374601
665799009
382362289
701329147
296308129
468571200
790885031
313923653
26251788
397807231
693561491
923441334
963449376
291311775
715984450
478414051
11452261
158499083
158486136
151277154
355046924
191066712
729289246
299706608
213815608
948082887
983650291
703381517
732293197
834584162
495435958
664501951
933265166
493997144
803150245
777492116
432162888
323770504
248095441
845703336
864968671
397092696
806249696
362921582
712431841
949613878
300725985
305941787
793867112
690904098
431465690
282466438
418770988
925373098
273407362
565829386
307419111
603300691
202653780
555368071
124674543
632290661
998776469
927296531
661658673
228074754
722103076
383045160
661413500
754843036
440135028
903077166
412265545
618764535
854901005
764756399
643900837
940875832
982950363
830355342
840012291
421193077
46539419
648207994
189970059
503758036
173343109
139576693
233538150
643040856
602125272
921102030
777692112
194598657
676747111
564212454
263122098
731105037
824430807
926790723
722752537
123416232
827934016
780645387
216055033
909701581
183478840
279240197
517856368
193867202
322143074
559163206
476154888
661337256
964716082
454058994
993344014
821329088
122339826
80952612
985624850
381968513
299345185
510554680
859857860
738127291
699849519
75967956
178438642
938689280
125962513
453572422
952049810
808707079
442156903
853304440
902653788
630464485
582089958
778190515
990246058
24831279
213556174
574445766
392279753
192181123
110084188
742872254
714054409
53094863
201020608
858832306
681573094
732315708
65823147
980579325
1655740
197476723
472020912
721828626
696309435
713394576
817166511
420014060
299768015
370539111
959709271
515289609
798782365
97588923
443132434
242230425
277387736
227431269
362928842
252507050
458371529
209897601
282064509
839622337
872653551
260778037
695725809
387087637
844295280
423601904
95680405
907119000
73248342
316287776
771586338
603813160
589357256
925886230
300860809
82956676
926538255
494449179
236953960
796956716
446589409
429817525
130461378
359388383
289369538
458781178
116374976
647655842
391176226
275966776
918215877
648794077
4059406
866239042
90568242
702513034
7130635
385153490
39778909
52778853
692922592
772378861
820158115
325407592
459559237
289641769
391393347
976488525
435521359
496350469
896202294
844113195
87761294
250121438
388419043
892721072
732465550
12992347
821943594
762079536
86526068
804633874
626233731
463718705
533295156
245675390
640733830
280945398
896415937
435010934
324245171
396410343
265720373
47271898
415830405
447123866
825494517
786828419
618810079
699297900
626435684
688975399
91374361
707964662
466158866
227031911
896077743
995785757
262446585
766296708
550759892
775623932
300966016
473046606
57963665
492688204
655713752
759662809
22418448
864988623
100764477
96004576
471356343
456957060
759934705
661532948
639379791
992254130
979087352
845553208
380408161
335246197
809802961
521063724
21801606
718679241
160978542
629296486
481577023
938559136
785474103
65650904
405266614
237970827
355288621
62592991
860572823
246494859
736724867
112902115
565887051
890427164
59910119
471285996
220310528
381115896
864874828
723676439
794129720
173707095
159855746
863096457
328351734
179088166
77291109
670465728
522060181
304842036
855972135
718278568
878459796
420625630
388601090
421087558
410301991
971965986
505841566
578860019
482291843
353181497
621784928
998554704
55293992
399491960
291400458
771908398
109923768
616183057
567438211
87000087
105594788
310906981
833045386
690286022
614271550
254907134
377881237
513358158
334956910
506721649
191496423
553232519
373962260
254656707
77904878
577365334
864645746
706281663
627822246
159475175
956941976
865751985
999916969
807732828
907268773
810709725
680012626
35097602
608961802
588000023
5440781
29947659
38433974
775162861
576841923
319242194
472106045
155729846
888378973
501862493
835243895
898500261
584750024
76163334
182009054
717934992
297720115
618596746
346861572
614846834
152473196
649730995
74219704
56284812
414152352
184786853
127153763
787047243
132935268
359750814
709215457
495482632
868524813
663355438
333886800
257359228
758100664
196925025
177681111
652143359
68867091
594473125
987904002
827634629
623679810
622059585
161426862
530341112
206418989
151252103
125219621
780879100
576743022
387246049
622029036
232912890
755680541
589570149
39626376
270067831
184479280
278482317
536940569
84478260
480551109
929070733
653915136
846649337
114284940
468628935
191708210
266383340
782168855
401854706
448412699
518290830
462229687
483681288
157714191
283898175
865503776
511414375
572569364
620233683
93687965
455834489
790437586
304695120
758399100
81892834
135497512
607511558
87305463
888260295
161419013
853044027
97249478
172942390
209115093
316333887
399560081
156827366
530549969
682600697
925433881
954955398
849022932
532934140
937964692
843355583
187972496
866802715
460814764
190481297
885444327
711284584
514582575
412576652
673894493
158847417
637559527
970811110
813645877
222710652
247970897
29636326
925037606
449438312
118715233
896745194
826451411
933736414
743340891
819396232
363425281
76840229
919499917
660589609
534865474
540394591
866468926
278909296
221182702
829439618
971674415
267938727
689515131
139140779
338012292
610116912
898846789
976743594
600230575
797048775
317240617
142714279
893100730
510561074
87411917
20825909
18088180
374341670
689080868
84727738
368395922
80364613
927505510
180977574
64856340
205503506
479213115
268833639
67310134
601304945
536886124
355744362
912421654
481426069
555799832
389176297
800654015
348978601
64418904
152685544
131579841
822359179
85795365
605118872
963881652
591764311
633620877
293549691
912957172
215637048
519680965
595369235
600287299
861177813
738332729
17862937
525716494
300058691
642837576
965501257
262598302
637521918
595546392
10374988
512788969
911074124
931685103
761106963
130346063
363321483
495375894
634757371
952433224
68991637
84053324
611397493
536174415
969213837
276396009
331067571
185996018
925736848
608677055
283635156
758756648
601649772
371727857
447773644
819628197
112742401
54826373
103266480
797499663
309464829
292215828
440043298
584672972
160453224
701092736
28191566
787405389
451134896
341711974
909608333
13947340
98586315
644232587
364587774
736272762
817384749
415274814
165237162
931787248
547775011
214720290
284095306
985843662
680429438
224252641
905093709
586712277
766809446
304547419
206657939
638652532
380561288
23387067
689705963
63463433
963332431
270866529
713531363
804687947
155452347
109827365
301843989
204323592
1588860
866269288
554777463
776155238
136178312
560580593
359446063
739429911
249283990
888713487
401335330
211287987
375166920
660539545
162361340
347304730
390602183
155514003
83782215
822173182
76400748
547096187
92117417
30966508
582189472
823173180
593989597
103788769
218552646
202817642
27742752
647616313
119011810
373090769
135932964
937921874
547517174
403521380
767028546
113981558
10960300
498533012
774725248
759960249
194107650
592339453
787984502
415180277
305743777
762840981
711638639
119570611
402652373
239440592
629718471
729550545
478864746
325588901
805515754
930158336
108250099
548311260
987092152
285373310
499457767
395850714
332588204
573860558
267035602
587330978
258754618
542386903
432030925
482189373
972239369
926212434
791984884
953998857
36757212
838061808
762590167
947254783
355708285
563922145
514038953
164114876
854992949
179623928
28260858
165467438
765851490
61426018
651829156
61931604
778741120
123763113
614165839
120048927
261919002
640189899
946946848
267962026
74047340
284704231
631863181
89874410
832192684
270811301
636151710
326072073
551059867
633446771
482697569
685107264
962697132
669052667
877214877
621689897
434782799
448228021
916665029
776518773
572729074
562288304
907254799
714717105
103363074
902526488
280547011
285580324
215966781
294155684
218429617
648376198
171026076
79028657
15850558
971143456
996384879
467452450
79826977
531528119
896658180
283253499
504031981
181280436
84617656
81521976
272184940
881029011
930091580
3018648
27279361
49424798
372702392
165148462
656511042
179433893
965063700
734887109
372349068
886805203
192609415
654779565
684583279
800712128
729842161
156224169
555820015
483130733
914594871
600259342
972597568
456358242
356862921
866821470
714945077
947948575
38750036
149778494
771845080
758048515
241037822
55212769
120397624
781247978
502504395
246709403
202438406
456112304
608680375
18918034
517887337
165237260
104985278
269681384
201190257
513835957
715603211
809000720
152892709
444759435
191818568
35344111
996384904
773248082
362423746
150038059
443780243
326987937
273551482
114315097
327373575
73401933
501465462
56533145
99535352
649955793
509012288
804656431
308739825
153442248
627902065
374534341
452903797
637100198
934167538
720692163
730363483
956938896
853606025
954464742
283755703
911334569
210679183
808805065
385108982
613066945
624023452
591025975
308218462
368200718
186166674
83374240
693352210
483038480
773839784
733885536
470885760
560878507
462745620
1752117
748063445
667535640
72558949
872777358
800653153
87984019
426125916
161315150
144471954
770678046
924734070
690834825
508924799
861815411
490244211
807145365
215814960
638053848
582264636
812419754
790784581
958474433
62290950
925513104
585913838
580428603
90967316
372047700
188920779
156471820
196671628
56393829
609723567
547189194
937558446
711843621
537407751
392011279
761705625
208768422
603690653
171296493
476696279
657977483
493136492
452514576
144209230
95107800
42257822
920965232
601015617
637563851
895644370
279048122
601074459
663772087
184809337
17728550
90211921
902599272
32110157
531860283
497961472
282214700
884795530
905724593
68600347
608796503
514179677
835224043
128092348
587520028
93620848
98111995
360115875
880543183
250563146
49302803
732078001
384327728
768256471
839702341
739589846
166519747
848385707
188782700
728576572
422454323
450613850
861071334
308278483
493087828
454765730
940372611
541764060
680054632
608490255
39877315
361791142
762559567
837282985
219119612
644911814
504748199
266272908
910347641
636442773
496593546
242385738
587654367
292000989
617648624
262679134
875297071
530724980
284004706
214577331
984003213
579397193
279777158
764145935
273188462
134965848
672541720
874682411
52225730
429531481
950544227
579767066
50344461
840584689
991278057
36438142
333448943
350099623
741858715
176283506
941440145
426466365
31607497
897183528
393200330
967759456
836930040
863870440
490964617
956824591
403819213
743031372
345117595
422810905
877478107
685275802
797899107
297154925
459608838
194847449
162877196
600791788
360057177
923021049
85725946
403543191
807259452
469961796
134288528
552718646
483864070
277161408
716496800
986479238
659767882
831649546
460364156
777217012
111771776
395693588
547362390
169659424
24435829
407495257
273352356
441934261
96407264
756804624
114604331
378733966
497522614
276299111
400481422
735248708
593091279
411025407
789764785
458222994
777253156
108959317
32107878
321738352
534487392
263366178
796502405
222132356
344339329
313525359
395615614
454030214
949300101
167736376
908717660
584815886
900714882
919047223
504127885
719411356
134739901
750824274
905459400
776538544
563698501
735692065
33748235
870053732
465505199
689707388
595391967
214854534
618980024
692735690
862464296
551295869
217515131
471596370
595406922
708707204
525461421
521898037
376637858
634470948
857417803
808215122
870616798
217388169
113821363
627065108
231179625
314600840
683610302
42885418
584780331
191742474
432695928
495356699
974001697
496359514
29677918
950046860
947640706
960834293
286107222
482086314
6776969
730289529
692475985
732866197
676418502
179337409
450801189
673362557
1000504
56503314
143724525
587735888
153797042
675547888
278858382
416733579
862254772
100752871
509997210
410430352
754227604
401479455
288658115
109150489
246596790
291990356
212111227
739485032
589104918
308637533
257331583
402872794
459004428
391395991
117996048
44424700
38236989
62653317
17742516
700049115
709784682
546350044
861438763
337385619
648056033
582419131
950149089
436046789
5142857
177142616
58178112
931150536
707888758
392196862
9719883
104140602
711231696
446249804
413181336
776944246
480767041
202822899
802464121
16746750
590947602
495216646
321296016
787546238
852832786
112871835
488238630
795565822
5331801
776717572
243897584
240497041
178693544
106482731
541493547
656911183
987287449
516945387
537573846
347401302
712827709
353453534
569526854
589184983
649900635
96040248
940112184
42739234
762808281
211592226
218513029
131581232
287401500
745019546
192153909
193542074
789591704
227916745
619792807
430832078
598620714
362845487
668562860
247319135
243232988
115009435
264756318
373993979
15726027
134846574
283375072
259311299
111797255
679469390
201943431
166509693
880239281
704783551
43307524
946971089
407563988
807702081
142456132
34952671
371892476
182899434
469863174
770691458
791851647
142501243
829341292
986074336
402199684
685554920
555572255
853868431
797362782
998004030
901192046
433990165
203185074
929518765
329895148
805645934
695940482
215866552
897916647
644434761
238407849
327439076
891807123
848852663
408475561
476593423
754298756
933814031
659127526
13030374
730696253
195097040
361439352
687449493
498677857
123105645
641221206
836803662
947739976
385794781
328581143
897196086
141722704
927989526
638482772
905776326
943571768
503978277
463743789
421979846
569901336
547368131
362422729
812428358
523838607
530475524
377184739
903253465
64215661
147103815
501509419
393739286
944900919
752152413
987220521
981051521
683074526
946468940
843520963
517615714
246342171
439980710
874863107
575845812
374751505
74730726
164761856
254739971
762079223
563401391
180816673
780270678
201132413
198736248
196354575
465347416
123299619
802064704
795897446
681823390
929253100
893368926
815393919
149143624
197643170
812566670
808228634
397541476
90321427
170914716
93101258
949975566
424625265
614796355
61822240
108692108
556045749
372343640
549207331
711220598
490300786
740711092
473474722
564222455
544076744
347336749
672445051
876700744
623444044
341111543
407021859
553825207
788904540
23102589
294427133
983962960
579770648
207778987
695333486
255905332
508782936
968748054
49466616
951962248
710013869
600336554
721451646
519598229
743424938
698587207
70689354
642755554
494122300
151149785
67398554
558398340
700333329
512797901
967623837
901492006
764597290
788370562
631852529
964232870
581686181
602298678
578649739
469258160
433624922
303287473
130165178
691012596
411870067
665201691
843817472
548103162
901674170
96457774
976620319
205619106
809540588
445826970
819670381
305062577
257665794
839221284
999256055
618398587
794298836
139137931
99860938
918875022
832891239
64248908
841882695
455532110
40851737
450792078
743676296
550128222
523985290
459083465
697834235
244567474
663493543
79487183
478013410
98090834
817208607
573941889
449254790
148330286
344030147
139717204
442474116
693148109
809560788
910519916
437164041
999198704
561645661
31207360
354524436
553568509
55632423
132741317
201802604
713686838
61940909
268558500
283161889
235935046
661729595
290813844
236882011
668725766
147601789
890619083
247076833
287765819
196838533
421402523
510985722
368766683
903839503
266367204
901928655
354066676
938020318
853963602
358577272
696639579
379283397
313447452
380233851
868822581
525939219
673930638
476777559
630209566
787305495
278188877
696762501
747647742
276255572
951709240
435073517
305625197
551492245
458137116
849876816
171284231
285938129
125380191
182757953
446111506
193276749
531364541
102663989
687591594
669419763
95221441
629014182
234642902
203691939
541248736
292973417
995173261
965443502
731377113
167351108
668675102
951057640
526806304
688084681
262897380
11011466
311452580
652659969
553180045
802341507
475761406
211400227
930570946
510442117
147936280
561711907
528305254
419851720
635301771
964688332
457554198
385837732
147368978
140390148
390554321
235203487
112243104
185543199
325716746
337244174
349383661
961106818
718811499
4082041
182458662
652111295
102522379
15246015
60721582
660313585
111146198
97840583
966989110
530646811
922326341
547506846
745222
698882545
180444536
168660521
275863235
803278896
415777423
817783855
887379270
513486327
891246130
24210261
354964834
676944904
668267260
775094899
537978540
465457872
570319101
52867943
281532735
940401921
278822716
290944634
394147595
183220046
188472537
979700527
399890137
827228087
992761843
847631228
38674616
889635703
586408599
211229010
579790596
233959150
618420444
315861908
514994662
213887190
55652110
646238923
774248309
661043093
166973212
922142798
306322937
846759731
902598367
970688753
65998500
286148927
121489298
293511191
336074486
329451425
550851727
584445905
204225633
359082078
181516987
708120903
557051542
859860636
190154661
410556799
150009239
649343522
234660692
878440858
732307876
83166909
733091511
876886354
581362307
408959201
540583124
665034975
187083872
72142571
865959387
201178670
274160384
952674817
552663490
60347702
561813715
782607754
253338694
861503594
841040806
760130561
229946543
167563774
444565909
98723193
341880
956873222
282251839
272074741
959487995
716100437
905789017
250512037
782625430
389096961
947408718
449251178
890810555
53376755
278921884
935705207
550283893
75980395
650222538
994382497
905617838
300614680
754086952
113849739
593318144
735753699
442917205
462490310
235044209
235620621
942243409
395179766
582261215
129974887
904971437
616976374
872131576
396452352
631789092
800477118
968727926
216995620
879677803
914925845
169768727
314062440
369798170
658559115
632208301
272261520
499944164
30506602
279229586
148322249
398000532
389277241
187576852
551995117
516538658
603629940
979201988
659716332
51017118
154502667
12871565
24916880
72406172
178397840
525163082
32761005
729951815
985325721
791939576
760190890
188955026
420423789
920464495
250910212
582972965
3127819
116215714
47820039
641082847
572101325
675608355
27887777
605816239
416250500
416317759
516235029
257709730
63472236
486201459
467764026
393514635
963685505
44232671
605934435
241532787
304463670
614074907
974408142
63815792
480589646
56003345
969182638
120751348
390040434
106102886
424446609
889372331
860301780
248011132
858203039
572844072
128681286
839811146
194671710
797114575
525164877
415875564
925515928
858932543
578070098
57369669
296320059
282180859
714380515
861736465
843454029
822239976
141638132
616447609
41441463
442525299
636550326
23477766
983716548
715152392
498895321
296010247
188329360
589155690
106153547
686198542
870705207
590258826
712738107
236967921
238166894
331845485
939603740
784043042
170487483
643476678
703966426
409761233
3088992
709636588
754870145
934854383
4493477
59187992
159021631
362848090
893521657
750748286
645222825
470040991
491586418
802903831
223898756
904429671
131578066
820003100
235494461
52322299
872669068
655636066
641177263
131068938
467562715
81647592
862468021
594708086
691682167
364323498
919452269
190016120
876536477
432992067
15944571
425926277
921274105
655285281
830724555
685167743
47423987
457463512
576251679
514807393
738749126
140462404
301367079
868125043
498704312
184909080
55838571
290447563
236136268
585556055
904944467
672276875
398957263
828019029
631782188
324993537
684069940
812715734
540228222
513547677
215074804
485326486
415488698
622957886
942403201
171288561
31476607
105681510
589509014
112994116
836659421
34372552
839947318
638643723
879267248
747887184
633058739
676390618
257400706
766875471
460324361
261020044
761070526
904067970
264863191
181090247
130345710
934097988
897046226
973842929
552967559
528144688
373969600
396538814
944857056
602708749
568608591
663589203
217305786
627490267
55701062
907262060
304390638
293455548
531779694
418969523
407614445
390853859
565614517
538601621
170716267
466314124
583390892
131118168
601049531
108432122
578422192
398088114
680313761
534749623
728314736
773010258
954904053
530052647
906352154
671256907
121253525
507981805
949855177
114803671
159985083
550386733
87385740
546548937
286101061
438322424
792777777
504891942
422598048
201251395
313731449
63573056
636869425
716573242
922135694
162836763
785271959
952727056
697993780
204472530
136183527
265479589
995214479
996396913
882420679
281097615
380182049
647159290
622648918
419204918
407077222
732660455
861854652
121920175
624755108
524587635
780455819
54474990
132894064
360344891
902656341
327390771
667769538
125040964
353956126
695126562
137891010
471660311
427012810
53445240
298719155
587494479
147335011
732776879
368547771
761465883
811947168
920924434
531493679
248022040
662942078
8929479
940841157
268178405
863105131
44981104
278821403
922642272
323760218
141592387
74197428
287676906
981724245
859827511
919766436
471983775
96338618
755174132
438766426
388710018
463748521
651686021
291768817
323114152
898358329
799428691
399294282
508752178
159153361
830176028
359926239
180891286
264682242
839393889
264599239
439026909
428788670
951805097
836743585
114343559
281188075
214049325
144780551
590648103
125669678
283745579
130259800
697411438
91501111
534869952
145630275
717485310
826299787
881059639
612918841
563882406
685923805
102658104
50128632
324531847
798029954
395969404
962915980
393097571
49144129
925074170
135712820
401114134
385802135
972488825
550114646
676662522
56484616
698469626
953200230
106918439
873789377
663551894
713472884
240346467
802054131
671053437
590892256
62274161
997916289
173150050
825901937
763515014
733922068
442180784
374739323
221214453
398584510
59468302
139770713
742321399
52965824
16268445
706398798
483241051
312849927
109441153
946838244
61812586
984759431
230337598
960617802
60698452
432546546
73752041
147630275
475431861
855307336
24262530
234286009
934339241
744024775
396479653
846979633
942105382
677022024
147703758
207465787
267361499
551425397
505059499
312089343
938060114
836351550
506527601
818119237
620618473
860065148
229797305
658103681
139355866
92987533
937134154
149984615
398379897
485604840
314966105
230905090
420102869
904684960
746786094
850107722
400629456
225879518
109862050
737061129
248634928
63808112
893294686
209181514
831133279
476038403
841887608
247258251
434866074
453781727
895295367
915100645
719330416
532295390
945254990
696790339
480804952
387642779
541058853
975565485
601722289
402710849
581032919
168590227
480931042
738763071
453640989
577133557
71015717
497940200
232658915
958322169
595269200
505816376
767603100
230667954
319413717
460943251
955988026
790700225
111643260
207683569
95893376
805611258
768582547
888721061
606820356
717655649
624943641
743858866
222466598
742762941
836269174
960639950
160704445
740192320
10247093
745646297
499529534
382951455
767377520
763903493
503889432
944318153
690558366
516723089
936549565
135809005
496610732
930023952
349406661
558197403
503686842
193488952
316909858
567677086
27615025
881172369
494419235
180355017
738651393
798791381
550274458
985577742
957201994
480284646
261852187
843109760
915778196
134176457
350504473
87939080
230601155
753385255
425242674
302436220
204179956
324145883
129281405
929134516
955059548
308809197
598770100
690148486
602477306
430489113
905046927
722157969
711940905
781319100
889969839
410285577
665820893
956051739
31751014
231399816
254268758
960163333
725714370
466432366
94654541
819086520
362385733
844951787
986334892
468901944
972099256
327245764
898438472
416747246
907848578
617703462
614437214
27112655
915211202
64402014
193116894
970313511
332822937
909071726
574958094
540769832
334486272
127312755
264773572
761704774
324838553
168542774
910025366
342307137
408049954
228813222
516379474
314169034
746285908
769740
553977909
833924025
328697632
856353588
299588751
192252058
770586074
64382563
135486599
710341188
686975129
877703767
659179095
699428030
30672899
35156586
521535366
956903955
572039098
270456607
707064766
634991090
654848949
389978076
744064589
131205452
949723951
921923361
367524904
878827742
631672528
160954116
468360975
458332586
525968246
527818054
887815993
507435215
917007705
949077718
644321681
278756391
564693572
277011072
599526529
375278826
824070024
406260635
523144116
566416934
861523443
213177858
859251360
397758423
290261012
295194673
794251639
88074827
430026432
753215078
46502469
305624911
951540332
518700646
940715441
68009791
204846270
581353439
613212454
736042275
870333423
249202338
945769120
27800656
161717969
817602590
733117693
932111449
802879944
375194715
362206710
519345626
300255333
932355093
277850449
476149233
760453431
510675167
351460288
38135209
649501210
737160482
390188974
419890675
573569141
221819141
603131061
49623687
187158901
891162475
602313305
301134907
49053048
490755200
970443897
422875432
399270002
122514812
339543196
778364230
314406990
61096276
115681322
307890413
774948902
689775398
102877287
707432040
23643065
725672229
602190202
12625667
764431314
22637572
893800265
628063456
103123357
638663313
915479697
984617989
59182005
677542601
504199004
646343298
114728731
924738654
290040157
399837048
984834869
421927689
927090167
592417171
21435580
413292420
551540434
730237594
428456662
414357443
532957990
362158769
287611166
174262408
407111172
80967416
64241935
41975648
809766395
150443976
322172791
977067184
101358076
971922812
620418397
538877271
704603194
700876082
561645810
902448925
521149700
835948012
635209221
525181415
631029492
729690553
476541644
280779489
37685186
27187758
139444463
481611244
119983306
714733790
315738596
364077389
438217149
672019125
752419784
926118869
765681702
572769600
500316376
702448928
944986027
496631194
702255313
169765274
249760922
670529992
720545877
385693341
793942352
698489314
147303082
552961721
247792528
643578510
61447571
259385919
446394099
102801186
992965892
670755684
346256415
375942862
978616102
474395765
690405499
375998754
565976510
311222083
638701297
877235748
519915123
126258936
752589527
572023243
310539305
623696071
426873087
674832327
283625984
835507010
507959933
612051796
893155941
257340794
982369995
178424506
521416631
449061832
36850000
737881635
326834555
35402405
11610413
680761162
238640557
244442404
92962555
424979204
867518035
141865897
82480767
434566854
125201184
328050870
175009934
978457677
609000883
97104550
459931021
48917615
487164482
993812725
921276001
666847121
670418530
189359118
18910755
940745793
303840057
302679510
375494588
337218304
848394614
476605619
935219537
654495078
168906197
945544331
931563698
337321555
421708371
365314245
819190385
821241933
525694569
645173303
710824139
746716149
991188705
634334412
499980971
190128337
28996508
339390437
22840488
721081984
720969701
858906479
817458150
421015107
228672967
83354052
530315536
4466604
434771105
716892410
338128126
955689247
140279612
71767903
24607577
942062013
15147609
839055520
677969402
36359679
582602022
469207533
400254246
94234933
204543182
944809776
616590666
628384398
800143921
920588615
364272905
192006607
407286654
965875903
517735386
80799820
175851638
412708202
644467617
128622258
932273768
459764815
104944777
359367316
156840552
718790493
904677010
653987569
597865855
591149589
56000927
99370313
762612207
777359752
295178092
590268125
120255243
105499447
445514480
787023868
873079135
320276727
299092094
553849894
981837436
130193262
203226602
78638406
49019144
932114200
754647979
704574680
803213947
160063932
48555588
596431453
813170547
27530348
71791844
925398481
895328004
332295942
983145225
922812511
809518441
819579536
21581827
333905754
180365560
904895015
25007762
822845526
93660207
553182933
397759935
57889103
633412433
939790276
152982971
613821139
214196192
816024918
992301220
786083402
993468778
950715765
471970726
532510748
577226849
859177267
26423258
6870086
753569276
886939923
685857116
446402284
103756740
719241622
715208002
48268519
571359241
774291364
224609510
419338741
406215514
11887165
557523484
673592474
605846544
921765674
986325969
387676034
687374663
726547097
946838321
638646990
675804104
618755983
47027008
613184499
291265355
211841029
996625402
605788133
66499640
349591963
587196200
272790391
294263061
226752802
383139095
263988364
140116003
128043315
506591535
631738840
907805619
874406548
562820119
549390057
244133898
665535122
698011318
927295896
171371318
51407201
505564765
748490190
80293549
379001644
304365409
894221158
7944856
768721039
449262272
92478021
778095059
751924398
638610148
396427357
552848085
695356703
421627204
772075103
125138466
752486670
212644163
128370384
625814859
29246608
973795808
195743095
335425476
975127960
836089189
265600994
749337058
338511020
958998310
336034020
798070786
491715020
865177438
2314370
246735704
845354250
757675285
673759336
503627733
910484311
676068443
490558383
865540571
191854068
946703996
307365290
883536290
659884006
911435008
808016277
954991955
713812782
954926306
737272518
47488369
235003939
572753652
400790432
70281616
265079691
146727046
854616038
420687354
741620088
838427545
964590884
79658895
379249762
74301713
188695281
812441132
855059919
722614414
495110605
363608312
897462086
508473609
343260387
91617990
452675047
809759881
26422069
916517269
523736031
506524599
793686187
749117777
946214146
854727902
66624117
829301664
143001784
808529197
870378705
441787279
567841344
389671141
516880293
487367125
553044231
106789564
252442136
439442034
519245197
778590554
996365789
32155013
113393071
174786976
617801773
219957522
467538029
589520614
469636264
740681249
227661702
4864424
162041278
286617565
258811128
832352271
679465797
526940813
913228802
345992445
383268872
220390035
997441926
796201467
706444260
673158088
932081237
653903907
593067447
749008351
672774056
363894756
299164663
581990724
873970644
506239649
515307070
476088053
328691447
295523690
126342789
388238531
354903311
868812356
205248628
807729624
154512017
279510731
577629515
670876079
216324786
99103563
179897722
659848876
663420121
109855866
245356581
719264282
47338900
373990169
567798811
203786026
678379629
17804362
998255803
733728085
984674483
68961920
733915252
704305520
258179021
348647256
908085170
716484383
624173883
219103556
718029775
480168843
204967824
163112730
852910857
342634698
767517015
769695336
544355648
531157428
747732265
960452843
294020552
978438717
592574494
242415675
48985760
237347766
706371968
504589493
849669559
967216924
463727602
757042142
457656740
384269507
549638372
672839956
924894351
577430335
671233602
312861771
695467034
288790853
367977094
125838681
36965794
211380697
323280185
641660754
849373752
695098032
37370279
723864414
414287637
144622336
966541891
783300753
537563173
167579110
996748606
993089888
62568634
592561019
601956232
30561035
653313661
673949464
394861133
635810149
292272107
842638461
242082578
425460933
119851642
893822608
93509564
864696259
679205993
214499004
481201977
492418079
169387758
106743301
458630609
913367916
967193059
738517429
166856583
971448563
91531781
762000521
944482852
848832823
491343387
135439112
96612965
22202888
800595041
401433865
321228419
964601374
445748850
756209345
163818563
12336178
361162692
533136902
328216385
898638933
604347957
285667536
5294673
366848571
661995740
459057319
425101240
213278463
639441976
607179903
431941336
430321723
494225100
219309369
885774789
865367029
698811550
982568051
364733537
528559118
282482935
702698219
297075340
896545419
829305282
668547045
555811069
607711728
167349989
710899128
204433794
923322445
268572855
808979665
270528343
164790740
327281219
870012157
414148018
314264236
939125963
287500507
979131966
551372960
989234984
691845941
206774583
398972229
665842648
70310468
719620182
797377100
368374102
600906200
449808675
358756857
279249621
480981001
293385537
518597746
447449831
658972221
22136458
307899002
84947407
56906835
626166012
836151900
2805173
678661634
417754879
959946834
995394228
339844212
856806867
927162869
445832378
432108009
566875759
209656319
322876812
946711321
446610949
227995636
129002281
909898030
143916017
978981576
765932586
156920022
13681017
557151112
506099447
589488118
274551665
626134113
7953750
939436565
737756486
168925242
791050665
675588482
785507171
677112626
172124435
82376457
987873145
63198295
688106608
602452391
470516354
229777319
855301715
133308310
64732968
295990514
47083456
712070204
672288131
203736398
792370513
865103007
702055499
249844282
735819653
329323872
89557109
738200471
626257678
526847189
73604133
585954063
797926527
944349610
764743488
972071517
562971214
499372188
190705270
115438209
672802349
30585151
242612446
284212165
822872878
517569046
496442323
75015790
698699005
346863826
104166900
93782956
295909896
337707548
150266657
900346702
187386517
941890134
139896032
862056086
178161510
792582453
32841042
604289603
474854265
529300555
82713433
806520948
281957491
898692448
269414577
594135966
45122027
75383606
750203633
689328767
25656562
290217883
261774529
275533455
372744100
80810040
630010546
517531745
166496189
724375915
64128271
609368090
630261470
895203642
478859630
494243315
237886366
269043964
213716929
699625084
524414250
639407117
492872443
308419243
632079215
254530955
226545466
208523398
899314265
360993423
592959232
267983947
659853313
56349946
811672493
138912670
558109556
389343418
429905254
598964858
793174623
861192992
318045800
11575932
218082823
281859830
688472916
827848748
535888454
902132030
593042760
682556618
491296871
448415053
190017108
752413284
833446488
703825278
410036586
282827867
21574667
677198326
751116889
317249392
674347788
344730554
279467395
678129837
161323871
269674244
510373491
73321921
159607023
445319396
563807932
290480895
664402200
448092849
678442160
857746085
820182645
881791979
136871970
958810587
892779796
558909166
546566416
140502334
720327144
43558037
863687147
620109436
458896194
624967546
199979321
369590563
704073543
93678094
790189011
580133772
745647121
252411990
156140370
863040347
503963729
778329012
270291387
794396310
733899744
799090130
185557218
546652204
604752510
213193213
894122468
61005010
914109282
541222937
502156363
475716842
575295111
644385910
571222358
800415973
413368351
843678046
6653427
923659862
262226061
374914480
508621962
56849054
114079551
468398655
460404278
848163928
808977633
301068250
35765668
921902229
713112433
961786575
544754655
819164862
688188691
243065849
914911060
411071213
384491405
703905534
20170288
696605544
564391450
916535825
819878565
671744473
96610519
520798262
892734051
104285040
20570514
764881334
373147222
920726115
458099699
719262268
170860289
452485215
255110105
870556128
617752321
714787494
881279785
186310249
173698621
999367592
718256866
56655098
391855635
845907538
648909008
357212724
882094686
840872211
575822931
983858827
896108119
699041098
826947220
346795400
222692783
223912536
323067007
393903177
745679016
574840869
371408673
474083875
617155588
530061597
13760520
979176269
905703674
954878852
666673939
505926143
503644654
625501058
209981334
238929080
241150141
690107300
472969476
31072753
480945244
294120562
316157627
854746917
34976027
193725826
441639262
489478068
885847130
197178690
892724289
881121451
582748207
602572222
145369321
929970334
471479913
709510586
121385607
100714698
745830192
484942410
9580095
361878863
441842501
541223082
16027822
971415806
448277245
417002567
735560474
453929849
5372758
706863434
290127072
333631635
831086545
231774702
862816073
2349638
599076947
981593857
294190160
561327422
54675683
333354090
165353452
490032752
972225624
31413110
887326817
490838714
377078758
186162365
925246154
352325401
287115
427969848
35465338
983708679
605561317
796838659
105487508
318772051
165610278
248028685
396495470
905000028
881852731
457949224
870701110
314021652
139137339
134643122
544453763
731861509
609365866
949708340
155809485
436763360
237718290
567953996
875536638
648676171
682438426
697679763
802613187
408280533
394156179
320538562
366682032
639151562
146792047
320137499
413264659
373745250
544207848
207102314
135607560
275977890
692087184
23824067
328849711
808305397
88848951
108370190
961404028
224127615
718011510
819980722
245689835
606244339
71500415
445656117
103466853
709569107
555268648
949603781
279034057
242526340
736794865
377882126
400571387
368299747
443116165
474679640
676564086
267525411
990177525
854990539
834527338
310749589
97859790
797058593
230917720
213237412
828049837
765141446
471844413
945421831
669168764
944362905
164058874
843534280
282817449
830227340
623914386
731817110
27217845
429725642
306767105
954082235
228799960
15895514
848552389
201416443
452284416
378174661
835112923
394000368
968484077
335546354
82653451
398547069
381467545
817937696
270893598
366405220
377515222
746325311
749095431
714621160
761684821
561236932
444695679
858097077
788074796
317607672
206882292
927182411
224066602
6368805
569728270
262787708
406519036
565195501
991047702
479387435
743924600
53003620
942445856
857739203
69808468
466280243
486825528
389274672
331367930
647075144
330417104
596677256
784514534
271119424
497574705
154058790
6604198
698544764
344737680
95217669
931420171
141525931
359917525
612969289
578861887
33622370
405130229
899140921
740742804
28399991
730305623
169071497
560520719
936436966
930281581
282735065
843061907
507144483
95218029
532099917
551419537
945280738
126609159
104035695
392083586
26064170
853231515
599368150
854479804
545080418
725578888
225722751
169491408
585508947
513691897
572747989
25470842
134807387
600218805
138165699
784243842
944744351
86881821
859644547
689065249
833794607
307198941
646384994
311023066
343954817
632778877
252333723
574326891
602330420
38624254
879909029
769262509
133172672
852429361
14649056
302908427
873308844
55630386
108276970
742879403
984674040
882938571
543683415
201824810
469323261
702724090
796875628
742252447
169951798
972411872
714994350
724621726
698513673
818457229
294402622
514726769
292232502
199617571
210923502
761074860
988547933
669454808
251843572
105259642
562074328
315209075
263683524
287127671
409880238
352241092
401919340
72985885
929477825
761879824
912449923
199110130
59610266
966876709
447388520
165103008
910267058
969826810
608782422
118612253
417439579
634984491
36352370
166048307
271487207
484671755
979081065
953389192
7003046
100636233
800978512
687165051
814684909
366603406
544632365
232491599
22205829
935315641
841362608
980353360
210860317
319449902
666038000
792596739
156882774
968140188
203326807
846536430
376797731
378579482
637942424
269349484
114841327
73930464
442111
536698412
871494445
680596320
924230936
5355641
200079573
241024613
46809205
771710184
316034552
722533186
216701224
163641025
723960137
787307821
20323241
466957874
887563056
1019840
220686310
99384063
662516274
472463163
870470523
842040050
484009217
309059953
894546479
405735485
557336782
881514982
251661994
965917708
895608299
366239444
207877413
524112924
141051328
573028340
742552221
747997743
549192957
394071420
29002530
998875837
603301478
595168107
851783040
182463585
781891865
202445759
247359976
435903701
937973543
380327259
114402225
535730348
701812880
722591387
217519989
781069241
822360945
118844925
916626438
860592916
941790818
853916101
475742111
779271312
951711188
612073766
281513440
490014985
711737979
450440945
268326549
308693825
185889313
900235176
920185896
108095524
869318430
383408486
522253504
198049112
564578696
360245357
107836252
435641941
68675284
363039404
331410436
666464348
41441656
4261021
964399392
756007012
782688455
205430393
398412311
403177788
938517156
564130317
74364631
719460272
491374080
761263883
948938408
564105694
37119776
960263742
208042222
409731695
48760594
596296616
698980773
344577478
312546125
622309903
43822585
3018544
23027257
908152190
17047821
807931420
138206347
227549884
853038818
338281755
261381767
776983678
956710649
994596529
471002547
772217808
26760605
503401040
765682115
280998551
979483741
544671395
328040428
204379006
672443411
1448606
457421036
919884971
873690201
708164465
676749622
303459330
354765963
180931993
320186573
77755422
521359334
209107641
993237605
871682329
309352287
958047435
305068378
911521505
406776935
317238138
167943209
386704216
214680549
472157730
773446622
256911866
608043948
55692631
218473654
69990302
212344375
998806205
305090805
871457119
256288764
649310802
890020718
237754145
129043498
479277151
674407622
290316439
909452294
345992397
70142053
476224663
232633630
306129231
928586146
201016169
877885123
681111924
449956820
539544240
61967935
627862175
116344300
230831145
233653819
393192351
524503318
638812061
768904138
207689770
306197619
228803850
630198431
40683849
986739463
510475574
182565485
877874845
577589573
64191313
237065405
126976464
927473406
46982073
851668738
939525414
483531434
865223665
833038787
269440929
523127883
267063938
484039778
883464434
752575244
462716161
209121386
861476592
480977284
14630593
834516213
165549657
732027877
642811845
30345600
308289083
131900086
687687633
746355513
317909743
107313070
516544962
298089478
350786456
548746483
969236808
714229627
218192890
743481370
82179612
492970121
985901856
377364984
979704356
628610829
60832621
349804060
160412160
488828606
854618564
530159406
273618004
982813613
108922456
615686407
377304567
928309349
302495864
569044772
770196921
799036293
33650941
133685321
2664792
308612276
324179503
576443393
980015862
632811290
992054201
128510707
712138200
436617963
594919137
979304129
454107344
601498092
573124178
197806292
554310542
44575277
666751243
804281505
987076845
233856814
469085409
140170186
164274190
70409847
741131912
961656622
484563696
607584380
684069647
690184630
886928845
671135352
939264367
590511427
309950976
153574628
476982851
849205620
673322020
729697253
376719874
906920248
990484464
918980378
841534058
718343325
959180745
427018426
933150443
214215305
465982828
105869403
753733238
16700888
39587181
702068865
186662985
659443348
696084750
329168657
301961391
113440293
672305177
283415965
768254060
165317701
636068177
595359494
895500073
800311504
260500148
784158142
972864526
994632218
484190535
373705415
460137118
702157448
531049970
61250856
935904046
32313054
500366467
335170583
122208689
715329531
775677142
881390357
741760001
443122236
73997375
917734392
233941664
636670373
351635863
793270850
401745046
650389009
805623405
833869727
527071775
750131578
697177178
340362834
949606373
579844924
427435847
96388249
694175983
701885105
524948722
350593776
432911534
129324742
373977006
603879789
578272945
946533036
441874084
184695618
266671796
785605465
732319677
977506424
131053194
140229583
995483641
304315432
613537437
529156773
884675753
437019062
690092673
315202086
853726762
371030648
506665817
419554917
640615350
111329655
35746007
754530434
739267743
465334470
232013617
538525964
639022543
391307251
730920411
709636331
428947714
95885788
488967828
611998696
47706950
69981681
388020465
958542097
230804407
899225602
206133581
6553060
899073335
616904522
605087929
106235171
12481430
786455386
623207370
945206278
612065605
40505449
462770202
372989834
929199990
672574676
173303135
390963454
374266076
33287873
571705074
59025517
991555536
789234443
164876376
172822190
680610
238446367
420944203
378779856
792276013
2888340
768452056
582038488
222148234
942825976
432773539
540816312
225198227
153849411
388541665
360384309
340855309
45048428
113336444
845226147
22866007
814610386
109444986
829837422
948294939
848771699
56087279
581460696
769931658
230946983
243753136
582802987
561245359
410047257
997049999
967217545
618967712
548599853
938231484
171823610
644411523
274918272
508598349
145583066
175716144
963906257
517346640
196295141
159652932
263629675
700227663
250127894
174567366
163062257
636269391
129597081
936618027
953171920
998871300
798142657
219311662
212710489
256300663
589560857
905274119
107048412
330163613
426699761
479790992
617719600
700676664
131529700
359353004
191274050
260325049
186146151
679474982
575806323
455283165
156761335
716377395
157787541
46087700
200846214
174314525
17651202
484175413
605532990
650712827
56580419
924207231
864482134
992499461
134212107
566503963
753314689
858769911
703344489
600680640
636816092
165201140
306830315
407925958
812675418
923548085
558709141
85805856
627088629
422587893
147547268
484506946
493737168
504602397
876302513
894410449
500304625
168432858
75097555
26945515
45611924
583477148
397708223
422497911
724103945
593240252
728196309
463439816
299802182
31869835
903494934
928490193
328837123
550176097
660280266
115766364
634115852
535179089
291915060
706478212
428827019
147596386
453768060
527303599
989206410
556315337
327579663
349878909
163176086
395504545
341760941
333293932
514951354
142630615
745653205
392264579
542063450
280120023
466738972
690018369
255758125
168409930
348865734
335503454
198214761
139545197
250718778
467609369
292525280
103828194
166939054
910598721
455647383
165563185
564967008
192551812
243035293
302537696
742144793
726839335
177595921
617534819
726843168
669779283
551055226
58695695
798061409
723592697
58901280
680837922
162570687
90644130
838873965
244932499
771117037
957037927
437114856
403683706
607896731
485495493
404650142
243147061
653901489
738731680
22482051
480503998
131969075
136455300
744170913
83384055
997213913
726592703
298583326
694156718
802333258
530241652
978144102
745622820
263342725
976806663
471033
341142319
909092867
453205445
393383053
869320008
951842523
227690923
498275823
331577785
63938547
115090893
833254790
441897350
952995682
624493128
187004415
370508330
459517021
212056184
884604888
775446148
791103745
726147739
465478887
675213064
909986843
895155516
339977521
858518949
122583152
244740190
214823651
801724750
989788724
604928031
476397160
682688897
679383990
970008492
604637902
523229538
460592936
468596087
913567527
406083655
876033443
324042431
33347034
20183481
809674759
11144879
155477837
909347701
82088723
923335186
655637842
741916933
657744272
150864099
337207743
800390611
576689424
931224948
299034694
925976778
88222142
608773563
118979293
642157563
208481110
853085573
663854419
235174444
341484610
491234709
393083020
186631671
57070736
160085035
936522279
54704817
331896879
132780409
477721991
611331103
147113072
694544274
669010790
459542953
734608813
676296801
676810350
114264916
51490008
444833563
18854702
180880839
606986680
257383659
288257025
721064846
663467817
674062944
38745158
149690657
85683159
533863858
536067635
939248965
420224260
65281702
859583526
899718127
823395688
813671559
228199711
807562781
432978981
97402289
791740216
895943110
244155657
441827420
57029231
784476319
415899251
967639757
234603391
359219535
508752006
382687945
500168431
63286561
407260176
375171065
547597025
588058129
323843013
768187242
3159667
508311023
473062970
330826992
651835475
299309335
716330242
177056527
295258960
955299240
788421373
247736340
353172923
755016979
283263918
214670836
54912002
868119723
728899239
914233893
991693269
647253466
994291536
44565470
163361304
810893574
25060963
996796856
166202173
29576169
946917553
442912437
338550919
46632178
96556921
960870932
821770660
507759138
251523291
874278780
530018884
742040336
665685256
262603149
718074803
570774211
332776116
432930608
615991295
32663350
593028294
764981846
117467105
123652276
317878329
363649611
143162993
45617711
252509882
200296995
705372921
815681769
210162698
84651389
119549555
972159409
503674628
458398528
746394324
826732350
38167917
988806728
217821789
698820963
261949615
339116918
475881086
391868437
509397930
901726438
125257444
953413186
693761041
516730836
20823586
811380758
262516668
788931590
772941638
903065267
216193293
223910500
668185562
372199857
886188079
317247908
833141135
908920650
246028994
229839579
912094059
261352134
421210717
70168418
898610651
422685523
207500473
612589595
767248637
551180369
550402279
657609779
625107377
237639976
50837703
436491060
495335513
344851855
227572529
674498269
531251620
760404531
394971652
37948632
129281278
480535428
916809822
577428931
719165644
444221978
345499766
202211433
242908990
26275909
454158147
142787970
33976052
12633216
237540377
233273323
601270760
786019266
34992447
250318478
16514185
313451986
588131005
937532760
331842496
282864623
276121518
855224262
250075165
94101870
213766784
437339993
828631872
519700201
114390947
279712032
220065489
446328774
631704661
183024375
455153686
109839535
957398936
114781376
781213140
39193479
61245934
59781053
253267449
713688424
662108319
893235458
663141955
367882015
5939588
408166444
114808386
621262292
23717297
980786523
445969376
996274722
795632954
551566138
569259159
856171072
63081536
887872957
416161799
684816874
463583636
804328138
550113056
896790731
796251138
679379238
159613544
567918372
240540403
475743368
644851434
857006930
588054365
623072235
520504390
72287780
234662815
62024974
825679872
129582410
984824239
370972950
814628027
838308857
982256675
577073571
794322085
181745605
899360724
800870050
40163315
205679558
518243194
337460554
2958829
614255590
516671873
75426331
384497931
511343518
638675426
738381024
738540374
220889059
591505279
183310902
503276036
947752064
500066947
744954945
842894478
644067191
732667966
214728166
788029072
950848889
347139892
562466969
778921379
391927823
352353134
593915387
748450852
313885528
528799151
76051483
115000190
442427067
591245752
958705892
184297635
288742407
77280986
781288451
591593070
153458255
207092706
343223964
812063738
368273621
51455617
170024709
815207388
543432822
228934481
528976372
492341431
937144890
620612411
595403429
563465690
677672316
508263066
731871743
109210386
564392831
807483611
962911320
541526496
25078552
671105162
616384828
692218313
691537921
124289040
197873241
634117229
427809825
60123734
154587782
289313730
670666899
429682175
185532300
285836610
727878672
747445908
334683048
974881151
931782024
377138246
674646029
983249157
400455200
836564481
935104628
438712486
592140756
395961919
471767661
644520968
989900673
330704900
207260054
21490324
240450235
736552935
156521162
350067669
924424765
62166300
546971030
286050173
352578168
764330477
636056990
546569189
383272412
424991064
782715336
92018463
720433220
555664298
236273452
673485805
548991494
934752491
669143240
209417519
761227448
190796624
490921692
619158922
703016577
559288456
55631406
352989936
108894238
234880293
130487284
780416733
607903524
427117310
436853166
814419623
655056940
94650204
45797876
398687916
904800474
909746609
136070694
634613676
696213059
492720440
187013799
1309438
90337014
906769508
924716105
177748511
831873035
754017171
917133643
189312228
190929464
804570763
261410815
288937210
495893448
973959805
872631032
626124834
372730902
162656728
844188527
553078862
70953680
63115806
34825500
862698019
56976044
841458914
805321832
310006816
575335676
237884060
866484060
401151680
796665710
617162991
418062657
511378959
914351857
431837118
423719133
16854953
689495093
911768884
736159834
723927218
706772955
862348678
760860419
288179417
164209012
11550272
838763700
645841329
794424466
33317485
423629419
585083665
582824687
897761704
965254235
364661992
954066794
404693281
765872037
76446411
993595556
421045846
631606467
577809132
575821180
928372459
191821883
626028880
692820140
891691255
830246574
578340834
816569887
822473880
494536279
350889843
302264005
269197964
250847385
555588842
665462791
527793503
746577973
836554080
773725701
438515116
269037816
60260549
118463964
847199747
57631227
492781020
197140968
81572549
491024348
562344361
43676374
816403632
507780256
818030218
152339793
886653386
928112236
831490009
86044019
506390149
156439239
34975596
976738433
191830410
537282447
785529414
91817954
121122967
837382057
901437626
644277714
979897092
519099594
145174878
956627171
708123889
840363357
833659095
368553538
476102603
218086775
429146733
167865063
443905262
915859539
718151436
702413271
404062119
768406596
772931311
186009732
725973201
598084739
409206947
2362626
179622822
444094846
371169543
290073461
920709709
305989193
989530435
761245306
862253199
202301299
164454077
173381945
274708912
502067326
471558005
125452488
146096980
224723408
440492408
631132735
951966752
361738105
579019499
439611914
273509438
530241449
814452587
206483083
531005034
122487803
515236804
50212058
366147989
961363146
543497294
907706042
173372040
199631768
439060548
168777191
842675373
238590895
936910840
36466121
518150650
640841710
935919613
315515260
894886349
357060825
739633482
438122682
991775813
240245664
807474269
157375863
617847925
709199944
229312096
693494489
421443667
536708012
262446244
863826531
976346228
953553091
572601647
724081625
354055133
712201405
288432296
928860741
475258411
749649694
141987214
137474929
578732506
841499099
343103013
173701416
250658903
59768497
581597816
640388638
230334195
697591758
499762879
932507942
674136874
280693338
94384967
238873556
275539214
137615943
692710397
964150006
851967776
359495765
560408002
713771468
734512113
166236314
497267380
552194688
983050020
533566748
957209029
658406697
706419888
52719313
777020891
892513013
813986408
238484776
413385387
109022228
767605395
274468411
983132242
406366531
5663047
832952015
159908521
635261254
461499235
479582441
23179960
490478320
985311300
46215016
880175208
167962027
769062528
120891507
335537929
382105131
250637892
820921646
464724102
932985822
182396969
609565224
814120712
283814328
902487056
857574791
220468850
670921840
631151359
477766570
914654848
68163522
912855756
818265163
238537042
794419534
148072035
148498352
892351444
779012982
324129496
106967311
393746685
825325722
295869974
929806375
726593202
486981122
236974824
942926263
749082809
84213019
468318085
20253131
123296063
394616157
777834960
951786703
823294945
83788177
967100490
652963075
560884360
248399828
378146422
351043697
385239165
258460530
927168264
998181153
453200340
207320693
700820448
647344640
601152382
353834413
254110402
526879318
119403587
993783055
566381673
451715335
673415221
855409265
581531034
86664494
185293597
219641879
692473315
659989128
662908743
798610809
250905162
756872627
67652370
924864431
864580923
381088586
221344910
655628019
398376453
401428976
656763953
962966479
301581419
524710587
926889680
579198603
834135188
990366340
645686725
403694524
809342923
500081276
486295968
195397125
735571265
631351710
27442326
960416089
808127665
369678669
711167663
362522311
729360829
667868675
115799765
939117173
700421581
351159851
526446408
257534651
546956251
514727007
593315666
332186218
843094182
115089084
841305881
838907546
814155716
689521391
92004580
627228155
859297652
410605457
367617052
273369249
749329057
885794501
109847122
151669813
958170013
671089215
420955291
281845201
881857030
722239930
50296869
902522719
617448845
654832525
539786911
302121538
96655295
559341618
184679220
939775270
134668071
85839529
701717209
677626854
675539931
430071820
676565923
562421539
615186870
110559627
567732222
219980915
745147146
564462679
156761394
842201205
216054355
154434180
467369428
865885822
852492949
277058660
412499914
267120534
653719968
38379812
302356670
13182042
261064098
970272968
918260729
721820091
918800849
639264467
641855434
125420827
167099048
103659831
92450908
970752052
715496794
731822643
363841573
384605117
212222282
133990383
279696122
924587558
811728134
612467077
514822971
360356081
169447437
33859852
603004977
501018739
318814130
161667929
419086804
228334426
71584374
808564506
463492088
629468851
45852888
340067778
915702494
258566615
238788986
425120983
771479125
23881123
266733639
314109226
573118292
82353874
330576737
829936718
985167919
966321124
567168716
312064212
956170942
491057584
369686034
223517948
517952674
933851124
155330833
430944441
474272123
69734239
44631221
457470976
125925964
698891947
119923894
864459454
742086156
479529083
334912819
511228610
661273687
737923332
960380958
581001135
880501727
92871089
205733937
224387378
208867801
510132323
344264684
848582449
185365919
205930481
88606806
231024830
25305121
165896828
624152766
711629124
711329076
664356954
741301034
510940204
880202498
481956418
125765928
188539970
378841434
733314966
351591431
846090776
713185205
714694403
820342170
85073069
354073986
668752592
327508829
788567377
413249754
155046159
420052046
318058894
509645142
331890034
212429232
989535004
297110315
190659416
963310878
273911232
912395613
426128835
833476847
319899501
75701202
860132046
583541463
272276587
425135621
454581309
908087020
837304774
673952255
201489802
696379320
836006017
561327034
513838303
644192297
468830858
927299380
547796797
44129503
218446452
832632093
481534318
642633894
462311895
517950280
842850055
849867356
559255711
703801120
203983170
16690303
213722253
890527100
240883525
696690147
304982108
280533861
438120519
89592636
18234115
359127124
221496532
573174573
21927794
809941546
228269904
892269078
575450572
193130642
108019107
211913215
77831726
860838403
365032476
749519188
75103838
195249592
784309003
557720581
104678732
666076939
479422717
695260205
397575702
181283130
257337226
35939011
835404019
764390108
129138300
219932405
838180183
148319427
98364023
854172255
56932822
9538213
268414410
435429646
385585656
237296395
584395880
87764304
95499023
965487816
613715970
578323842
180848697
90948373
607713712
675610758
914483310
955681567
671769760
3705875
96157323
290177519
136470798
271539958
350627753
797069272
271399862
63067303
360669981
137629570
3679991
982348863
820913618
296509495
141643831
705324125
609731750
379418282
507444497
327309812
271483207
918779349
586841938
415204751
759596243
500294590
689954878
423537706
184795079
400515923
282201662
211013469
874610507
686656597
790027274
236385335
770812777
620729605
152705981
673869756
236493233
834542331
211760118
53358933
629744460
352110445
397467670
926679034
35726303
255885205
182454279
740206754
24651844
219711945
469874586
883245950
599657669
932120297
309697303
462018818
428996489
987028297
27282931
528687483
714896567
336509264
593677055
616872989
436988384
999774126
91860453
329584507
606880491
234353
385793298
283465968
448567512
478899362
885226698
895733732
154906375
429708401
390947196
452913893
57300462
14932428
675311869
919402864
771074494
333316904
842389203
586488576
233384538
625739300
647429939
741822526
873526178
430243417
551214957
284019590
449470547
511090236
23032853
613626066
968815596
621877385
211229283
663457345
49602150
47765682
735102687
756886941
635612308
408395217
458826020
297092536
489868722
373934155
164161045
918741266
740955571
747936188
512406175
917634332
923457221
944848833
977153766
232830489
462498107
297783140
671427599
693874446
526556787
70148898
460252989
224882271
833816750
245281369
862538860
609789743
40899232
966784707
759409415
118703788
647366679
8463605
830193887
190228318
780348678
718375731
70867478
581282290
240473041
511947486
150042560
432028954
793718956
364339403
854387642
406538721
873434157
885747312
373086909
108758304
194633175
127275153
444087150
575775981
885495912
285439288
368012443
623339448
56700844
416101066
775124338
712186046
92444602
347162528
679373312
700047028
62425551
515332651
172018358
51352365
944019042
223174807
535901889
485923734
602082437
614446616
434239717
687459042
668714370
707767859
160597537
575308684
150667063
957653220
658707154
913214131
95524542
337257282
271856416
647364867
783665209
117898641
989598333
77543827
169563850
291568488
723548687
178578103
18007162
653466772
183148331
492984278
199687471
261946421
729351269
942584305
252647574
704798511
504762120
19861080
800137356
995819930
128162568
482095704
15735071
343973177
505413193
441682226
23313527
501684300
513829568
999363814
747324407
61088462
448044140
430284739
855420149
447631494
24344959
223751983
508512154
771365145
463060000
69566259
994988846
535244712
950244791
151869661
19522390
945317846
588195767
715150868
131987080
649800595
242971512
440417807
503289280
806208284
189936140
130087991
161320571
286474310
587403714
581602848
958800301
689514002
416977183
68821417
472117540
527124748
634610195
875396033
815322212
896948389
466383996
837370569
119928126
255812340
115509365
566892977
997151700
449563033
846143127
848047868
959606981
758014478
919676388
899571464
793932524
401023148
682119836
526924356
426481889
386324756
909226975
280096184
816262434
202442766
813968753
492788058
571724201
338003233
152162481
368872241
544979879
58146478
160221617
33061963
784340917
294917553
924565634
669697677
113902368
90957779
262020321
345227888
978089091
617238524
624117779
740380387
569223529
642441908
326430150
819162029
541482837
536152063
949564272
781741999
663227960
704536924
312421665
257766003
496821438
53086966
658095148
204562750
475975491
743672661
423439876
61013250
793638318
275778708
987201381
438587037
103540082
891393085
658618586
46613312
229812941
411046367
336145374
688636310
196166206
932787559
768652409
663495012
487067587
611486504
662427148
106660209
203076646
901735889
181802322
390991534
777862191
438014037
781385966
397458466
229489052
367440236
57784565
950014700
965040198
761095540
556091424
555604335
186080734
382238937
536345292
71960137
316132336
627023525
502340405
170487141
805565707
4636215
410720513
50898399
925219777
278464820
985144936
199416753
87595100
43079585
655892457
884352673
769850769
691867669
742428861
207508313
563418751
800148775
270444413
724094540
853648703
28844198
977583704
170075702
85864514
571575769
756017043
832019084
971388839
932472099
906737517
920542061
416167069
702846445
11840895
989473247
544415258
362135376
692048228
998402221
569459768
926609549
362643737
353822735
310215785
810566783
987895815
623909464
214785325
456128195
587166787
405807252
948629321
785707796
455056919
488571631
907004642
454833058
859651047
734442766
87490610
232956885
81849288
331239757
782161658
396968469
974348749
393948124
664827063
378122681
573212387
430060999
231693161
440045469
672025071
683577154
349646697
350803931
708832870
476133845
448294235
236655618
881283674
198279021
4558768
428669121
41429363
976855825
817752024
784857827
551098186
181856927
102358593
765016561
51741078
444351666
283464748
834633470
745345996
908708226
846639
220768566
782714877
205588639
744173023
423686121
215687182
655114762
849499685
48420655
250481232
270298292
403331358
189186561
593976017
191132039
683005885
406070344
858612172
243963500
533829101
699425283
298364087
273747607
956474616
362564879
964596045
861349794
898661890
886460181
928112911
595697903
213807475
418262269
90723882
42116651
451250372
610044006
49719320
795808961
122347115
739490702
717594070
902544549
995721798
733819964
691161409
655324965
722715919
524925629
863200694
759149195
314858002
244323269
438077134
710123021
101578343
415485245
514428506
24432064
420955639
356901929
34828547
834502108
826640539
685796364
3258728
728785486
987873932
845004900
572626252
780359881
947244770
500574579
56156008
667404972
45802333
192130983
148354962
986427121
16214433
869985733
542164269
404209728
31303652
209551338
18614948
762431642
602290312
337967905
535735151
439239297
756366718
725176877
131075430
81759734
912111127
406872053
246121644
966662670
753101391
878801863
710782540
51979265
447682548
989919643
932622585
918784048
389749901
788705320
672567972
737756650
296653386
748721668
831294695
36660727
14920053
416792140
449729802
163299316
742887854
964586214
664532640
646254587
434370459
857893426
484492486
543644223
357057655
181607491
265407222
152028057
437594260
414589671
691033742
986925294
211050594
181970980
557795555
85229523
121237639
496644749
577358556
599270009
161468045
409158432
479160458
434757259
931034567
401208994
93573078
452584891
673459949
333710320
349627207
509206892
443918894
272373331
732038832
228882772
506167795
811412608
341406165
866190941
836788629
262255004
685460113
651527145
862027544
722170386
875313122
151838463
282909777
630441967
563420496
765812468
93490693
780645647
123959177
718515454
643896860
821968881
198465616
490742513
985699444
106572249
517319094
791850310
684347147
355691953
642036250
922734172
398310862
66146538
719949681
342152840
951601184
488165794
115995872
810363898
317112858
524586094
350519596
766282849
271877736
901342103
228135212
891318319
271754949
363630155
659008261
361362531
562127013
182180620
85058614
229588025
870259596
648954745
233801166
32428790
296043302
153813256
245923825
448948382
240134250
911071252
465477080
790750236
854487939
8562144
872572828
987321964
30284433
498043694
700735481
187174348
714589226
502591413
363154286
997477045
665919713
591094747
199022978
62046621
185255734
995928826
398902322
673121993
644212382
251904987
747368590
435572226
960010632
776622573
179305723
9934133
314647038
847756446
916350584
750919547
617332936
98471828
169463212
221930046
495348290
662918046
678974111
210802147
711674718
625568976
776669605
356408762
356215799
32911626
414037993
984852567
896156826
574928057
898560607
254886615
425237423
518463777
195180081
896033250
431923795
648767517
635165641
541354024
571511195
727780982
569021158
92745031
925655899
686021172
183668660
802272992
913035843
293276366
247825117
781549795
12443868
253464046
698650531
74177421
236107711
289294510
523610082
350213587
433747050
587922086
875960636
644629765
605848243
936024224
194792612
386751268
900119687
373055657
805285526
937126680
440419278
490435212
78614385
236623683
832294284
855208011
348837430
377091449
391035518
731156541
879428031
897313554
592858155
701831925
893226680
783685857
201584863
204481802
715503154
577783026
736874600
517306132
96317727
335339111
769555463
65318650
467893605
515295325
293838569
970268180
44811171
890242269
627682166
372497180
7921137
319762707
617382109
584493271
227281931
861746187
946825391
779049680
634894378
234417674
898981853
589964756
774821908
738280936
382471709
35913904
591004344
132605237
752196720
938204590
10321603
489037013
507312329
70391538
169359467
675224945
150798352
741010471
76446560
772087658
96858949
123229393
594000508
865046716
178748927
665608368
298311966
298878029
277810461
525702776
152264659
934925734
743360097
720271843
166029955
958629820
515186190
491511490
551756063
47411185
51578882
841443299
703744656
198081588
678704855
389467341
893955382
94543457
699035458
868891747
439878887
224449349
342930993
756186165
472792849
157830639
955275579
103157996
945596278
290000336
803854486
358892354
201259439
146941344
498080060
215283876
566628805
85736758
800842866
276813182
376064948
289588825
818307065
31591677
678048621
35706413
28550533
882661863
786594885
115428784
690221708
891046728
576573767
549105118
575628943
80389457
861812197
15629879
938027504
413043239
594161863
443215549
339559659
108805907
981122236
235122795
554215985
966548430
483650757
908379675
999771769
578887379
947468604
602669329
808928504
910082020
788747896
834266017
533276466
122539082
759913803
501135760
539782491
112326764
471587493
594187988
831781975
292138077
285766409
699362801
7450743
125413351
745333600
867758987
133016426
530275283
924419776
704275285
543144405
17897135
709122463
126346453
182374921
849381068
148747348
403873803
86948787
685425529
314571475
358655622
774316580
814307143
951699122
206658305
934272452
264051033
663616769
390325773
312989646
131419800
863400377
647299596
23915167
539529351
556232552
910198481
936410081
767738639
264346028
594258742
458114389
470261256
634010712
237503243
462435143
254305983
717189533
496869447
625165796
419756644
78792118
9600500
106942488
417766
973659359
749292916
20318213
556570010
526178668
611035175
893638775
26264688
332719117
404902726
285192755
785212498
315428684
480116126
995941632
745171144
63149838
578916645
783837507
399098674
318955990
18371408
98237549
47384279
449933717
20575688
717671564
568961716
367295160
975347599
840571850
744224803
676506195
740864058
289995953
327161086
968276466
730104779
137913136
517554299
673938327
44100210
405893720
494349009
665030607
756183159
373562703
420451448
885996398
641715446
621948471
250444280
751627276
375837945
806845833
742224334
667874932
419011985
603701369
693457186
536305177
890924565
260003899
930394889
166109834
291091398
880111216
958985714
319900786
270460323
772191491
831299253
345447213
596943404
152522398
180916434
222153110
734672026
402736671
950009671
321504362
904592343
445439061
379458905
393107912
660226452
623720534
632615778
546572866
470629184
874107492
383428086
802288286
856613759
907683619
419294172
175789541
445902450
597942100
926206346
942999820
898320808
437354962
685916341
701439729
911857290
854585182
239044963
267280072
961504851
715880602
786584971
819840455
422707969
332142440
912089236
5767955
401694770
723026601
157689549
62510810
785299163
802189786
754878747
847335097
207770678
370191528
791743186
774202774
431463081
205578983
824034123
909745086
411488078
335242143
160059176
96568381
27067154
539512766
561621620
844439284
817270719
625497148
897686337
124525749
104538141
393684072
417273709
216572395
935172831
755526289
223799126
909586765
678503013
542597429
196504931
44423372
572501425
642520260
643778038
986987755
907088937
67708891
900932303
690689662
807844886
987954136
687464190
668974456
477779886
234874456
974778558
203725063
737018255
112234253
857218197
911944749
951835989
379612245
629191220
647719915
895507973
261427331
930223323
946587351
988421986
477014783
571880036
193594712
432859976
756942686
343423466
601935956
863602681
696506946
530975266
557651747
18831697
622351734
159875744
423201572
590239576
424243240
757213190
102379176
937968444
628686021
790237608
752470915
211722085
732545708
806021310
312493222
85225178
81148227
979421445
543975820
745173333
597993995
931427787
532997720
106209062
529780332
953795873
725925073
823935122
229395907
923349208
110794143
734118166
782340717
26422992
984896686
327477381
607878324
832715020
881548505
112098184
632124553
126320338
139776730
935437311
122745315
280897101
424545831
800206330
755212590
3721875
753372179
197512578
299547964
176811994
88257929
813208270
34093606
63143501
835307358
12540791
7964452
562058443
428676015
114850659
938953879
361344510
819462606
419168836
79872654
722414645
516994437
946377978
319953180
854726619
383515179
211136783
753574814
401217275
529218585
78135348
907621654
893580764
850184194
47025608
62739198
481250714
923917747
340283159
669548460
53364546
976831557
57365340
938093544
412978591
723921507
710138239
910162456
81219291
840198885
297674584
498112094
412944522
112858024
339058207
662553473
237497059
279454186
911956161
392414614
202819439
102140412
523306233
238096380
885218846
494622040
105671613
701533403
194364908
642586854
27478625
58233907
125307444
547588914
131777670
516277010
713033277
169850061
450385082
272760584
825873771
228421878
918102080
705347805
230276558
437660937
23829582
304495681
117957906
931713200
234325219
437521183
722786842
828304879
444745152
277613204
96253313
837182213
899406205
356924601
580541597
486599269
251157255
155066250
915998528
279575570
519461050
233209727
799539088
95937536
962559241
888719821
344196348
802654838
213660343
94830443
730081983
366455062
48912187
963875112
994546010
618023611
188769865
112930505
495477666
568614869
569406798
549662937
460984068
808764611
594066894
368275105
184024811
176352805
61469212
442300913
596998090
570030319
815008580
446715435
501322767
497344205
749526577
870507033
81749519
894592561
295635741
260191921
124476775
171603305
538283257
247930157
156224898
545341207
960905408
318202834
206070336
468796929
357266933
332550308
447934700
317095330
72749637
44123896
10622664
807618868
481957905
103656669
867336332
457562265
806171768
388873761
148224307
52701577
401923434
758099366
583849666
973018740
242598924
881715399
880041937
826555228
453585846
861446422
889667374
27706257
707094037
744154229
932065815
355036536
664255700
772204694
730211743
370394155
758190429
92628830
286186709
893599546
932322773
126822634
397852831
500056680
518374826
704731789
470942746
571678388
459237465
485709426
493855664
187622874
947410606
329701338
189487864
439757052
660334952
77918691
919433319
307275862
124759657
265475251
772971264
381621219
850215339
213270577
740970188
804390886
678648487
564980979
146144442
461537766
401824862
265892593
137064931
312442551
107283531
104607384
632622545
960869507
758101729
614694894
403732392
494924160
383030963
908420459
194881430
640059479
817606680
215788105
653227502
135983777
409848927
99027738
476616992
918035514
652296011
143837778
584982402
532767866
192619077
137207293
660072389
749985780
556540437
819568457
870547823
386993449
487890738
149103053
266183761
599513762
859465628
719998647
446235535
591371605
134649400
853032675
218351035
161198189
760448070
533209536
973461567
718848275
120429192
206742984
431835881
141720776
166294327
344931212
128311657
151796831
939457825
790772941
598998991
431534416
972290625
159301032
431242177
940495474
271276895
540069025
705624667
482870587
551409895
202094585
781211677
464231426
116097672
850302124
961706576
136284250
638745532
59642971
442957212
382247043
739522069
482644234
28117497
491408729
158703610
268804043
743619584
544403900
223390173
14260474
697408991
500316499
812009420
310030469
57202323
519932137
415160084
675123073
424145706
149190239
294961813
86405195
943338633
871096530
528806439
259761579
171420623
138905926
748049182
913686357
986060269
691749015
339725477
390406240
444028574
916778619
253583555
940744907
244878640
814653785
695134629
53819527
577242705
143816161
952095860
204785256
742398556
880559444
578226683
511224553
600191373
806060608
237644331
40553142
916491831
707772633
905131614
410370214
861181811
798163028
498242432
727688023
119347556
311570611
620903898
53407260
646580763
498909727
305647363
301590659
236685784
447985152
173264750
491700436
578911176
520578208
616287222
749934110
959730651
169589614
209013220
99724636
302046825
977835165
972575622
366919350
321651739
808686906
681007380
606657614
71193211
47381872
761258603
186920227
87559111
699563371
695957313
709659160
552742258
743098253
543566662
151810081
813090854
704311009
235429874
499907105
597418230
426600951
287688958
765966049
728573044
947062203
991445203
173347461
290619147
669175312
62046584
300263287
618514492
177199373
37978021
82430197
767336609
576491068
52995786
781531629
173310231
374517119
21006928
211025344
238065985
373278748
488022246
155977973
795103371
625456237
234391438
560667918
962349969
722715155
404038996
625323639
284036019
135664386
509565757
699222160
737274839
865898297
310208300
719245117
838027172
882891650
748161931
173082899
148508047
901324103
114285584
274491830
58818679
62128173
432888346
699099235
335503099
594277095
944615065
462514006
868872708
843528602
383854476
786213697
992435263
815443618
592953973
893257142
597919889
521210223
102294118
190057441
30559957
142851351
998715747
68559776
201822471
299520817
18546364
790705470
224041323
629584829
651528273
926686696
740271321
385461760
210669385
514461133
939367064
261982293
205298787
460102820
711124256
268524033
467180562
480620071
147026420
570143987
795010906
708404900
409445903
487560902
482789652
647953089
62937297
643121284
367579140
102057605
390097332
298591904
828222412
69998240
191030263
821872057
328123249
6600638
231817344
40578165
191045994
352296436
787894824
862646209
73663381
804623806
22989093
25041993
446389706
168306604
70444896
692474547
804516139
797933338
464653861
942880244
497313508
700714665
209138601
391435262
274994657
892798617
112307114
709137788
6925250
730275707
116118117
211140326
286783027
289216828
911838795
531733673
243490870
292802196
478858212
966539423
429647975
353196245
24915410
574808089
97892443
567303649
21357116
406610611
337256936
983466908
201172108
769526244
910224769
124438221
184785243
370061513
312903858
605661289
603184136
319340069
107754682
170804011
678209090
646441750
850365281
4413368
100453250
530953515
773222617
416443481
51083684
71078639
894427463
790971606
342854154
665651702
449924556
90655913
902597272
993036456
276292362
89640466
749996426
306450380
49250303
230352350
950482882
572944843
747056975
679091563
646085210
3292129
893009032
679027057
668536842
514407373
234561941
860941552
759490756
569064887
573110122
355996575
236795659
990788760
650645114
543838485
898872273
737349366
707401014
291123948
938836655
521133653
654737243
753896231
403077074
768383998
99179415
406008710
966534978
28377758
541682539
303633528
85116263
439838155
9401654
956953382
604525494
995428572
101471287
157617196
512353805
590959236
323594889
200533569
615247224
998436975
413982582
724172721
35962310
30142531
109675630
375104189
658961924
582475364
621619605
75098914
311420718
238527996
766990872
714717613
579501861
300220962
239500945
159791118
108701986
188917760
399649704
360356163
725614146
771819200
63311649
686274000
427453511
363051479
455187159
383100546
802962363
703148881
912632449
17286917
995442816
736738382
195185073
739474302
674963680
102017939
948360269
129648337
670269745
595887753
256348215
808025708
354478662
511879297
407820478
381708795
777891743
561513574
45444345
53815225
148550113
438435304
642519493
348056732
766824599
74753583
58792752
782170232
386081814
328667293
134658529
964208372
835842175
427534146
224773445
293052970
273964292
537834096
811452106
745019128
328304454
344096422
232973573
816545421
824319597
6452105
66725399
86190915
587818782
816929753
956221463
325430343
918188784
276323727
399241074
797418642
277283611
392751881
644773488
789605270
713192246
346781919
187110446
607733813
659079969
194725996
471497923
292093035
757805106
532972359
769774863
814468922
678672876
281116607
475307830
529693980
796164057
956717688
89527983
1617596
510759008
347510653
981356853
365958395
406025946
352424856
334479158
853121753
515255832
844647618
759599382
922143471
380523274
742194616
821290544
934611938
633959343
760670329
267350981
725279619
459771469
874818822
43021752
171206236
279681670
977889882
887109122
748745236
734206123
731130734
840295034
328132292
169771723
998092273
705085847
23255900
956260347
37657693
627757703
19759309
357024289
569002915
737079555
432732472
20831682
259960138
715388986
892808077
103660228
53907612
22820678
36398711
730474388
876244034
535833142
411579671
552779624
725377974
286325065
386119340
365684768
863759894
39885181
85473731
655075935
837697877
33620137
382798090
771852832
585973831
883018611
251142227
505714865
340792344
308261772
133905921
860260915
528293150
252492948
568469007
94948154
554702709
182017991
688260803
4562719
830835143
94352919
873787589
927653784
64485304
471739218
975683410
40067183
613604984
915345322
177884919
469334642
145643157
966111659
720355729
298477957
657228859
47778321
747748282
642534486
145253333
829792897
500491365
722643928
627649726
752616681
267467953
181031592
585135542
344577517
678073534
851961840
990936348
108250789
282565158
531258619
577316463
254756891
485786751
933356354
74992661
474077943
505736159
124204869
90868997
927142390
945309438
894771541
291724701
146540506
216334487
893850004
291120281
321837348
143497319
751463948
299179605
332268537
123144726
707752426
941318944
62071005
993009406
421042056
195258854
533067122
240069934
170227577
883581101
579006037
242598676
737761678
423562759
774471000
99345109
736662472
988048392
576843861
422772914
847552960
525066403
228636039
634854982
712067932
692602239
481146801
133572831
801745152
378442015
806333984
767254272
291931962
522708705
691598710
349627497
558322917
953417472
785495919
981309061
125893765
246997098
377916909
117341484
648955006
693963677
942719461
494108274
348705818
776171374
111541672
371491339
973454881
120522119
366358959
465454298
993876541
906648527
530079386
77106828
354528435
406327450
982255963
573527630
714294149
932880899
793840684
911609930
509875253
710538227
490210861
671640985
632790033
715857845
473928126
24455656
516704942
241978808
338141796
637478419
299249007
305311913
882450590
181393685
860005636
69800277
904716627
730295490
432921932
539278735
721976572
218896130
29238919
443537168
241142326
985583857
288569551
61346459
209424373
374520555
819807999
390875668
835867647
615003993
515822059
806246959
123426307
238296901
181589702
565007951
522330769
224304043
617160091
512296562
900137313
548903931
963545353
406196519
627609856
302845456
340815553
315783711
652165383
994251825
368487126
338363810
994240840
744588116
254153929
100892253
56508309
685205734
241191374
353486525
344234922
361585097
120991698
772162080
137497362
71739075
787976871
730828052
467580534
653587375
444803641
114599701
528814053
744599627
88707485
234519230
830418148
559277711
808296827
144773301
528195519
755939523
374678238
119731513
838911198
493476240
244013254
679589447
46065278
603455003
315713944
201528172
436954857
1063597
255441096
89405203
582107006
21731046
346448586
618207192
185460268
302055455
197275045
513427254
263488366
292648583
976173487
187915604
85193796
421816976
959311111
173771059
869087624
236955079
279038429
922129157
299080482
992028353
78989250
659319254
972938254
92662350
32765689
756089741
80561461
203241127
832594516
371956420
437364050
86458683
507634865
507937895
2895306
710059973
963206069
838401266
979780912
281197645
286260658
394959141
98426513
398065522
547853327
587702528
906856783
995339636
19700110
618096044
959947658
397152226
144030320
883496077
864796890
711510379
931662343
284129633
377316470
965154759
869055163
652237228
80976295
322986689
220186566
593304562
413184011
741267068
317884007
895574013
539317832
578147685
341448419
109919134
500827551
344484643
929554924
530259259
766747303
206847490
923011163
817291940
827358118
454318532
3094555
877440942
714827561
749986428
905023449
417965073
26061426
795717904
587625402
810659117
701019008
291778257
224542108
563864234
283294512
871069382
358486758
692846309
257621858
811119678
192017588
547823140
797392737
866671922
643130401
578884934
424775834
98976606
805804180
49702600
150107781
858126364
550051679
103386394
112900859
234747037
591739972
592610533
94988121
190632072
534685594
699992518
787151659
680362354
896556597
508717468
561440442
733063563
349425243
242455937
835943293
247117724
839898435
570306480
110012467
334926224
849359071
234094387
241679353
742984552
436894200
182241489
624311602
4534614
673898813
571976920
554520489
997334207
629055862
969972791
423125944
898299539
386279010
742080164
54804920
478478019
180560582
882605890
890660972
245190448
852260707
888011587
59126090
128844579
229296794
120910186
200944946
737388785
66574390
764890595
688518075
483979655
725630742
818028106
206076774
875004050
966848732
827676293
843328224
877837683
444074983
899418861
594145018
623032101
768677980
54866733
669814351
127700100
513162487
238783806
191072197
784467231
759636149
113648206
460521443
758008330
860714903
339254392
464222505
722693300
198724445
779398634
441885540
594343209
859203366
498688713
672336937
254625137
45342111
108430379
796832298
430887983
717024147
729342178
740454141
517665300
750783541
114616787
188462726
233928065
738627527
817512025
279993563
150777825
29790897
183873523
29451411
478195383
364467309
72984054
372948942
624438614
112866771
419848040
543280339
337079104
456329735
167740633
638547192
161683688
167843083
414011770
505686781
786943526
974819467
459876919
485780793
852840700
282536802
592878439
302364694
919078246
952364254
141229724
581994734
591895424
617472558
718585633
135003285
986133107
425501041
799654922
402981628
818252467
354636377
267413989
288072061
381525519
683330816
945665717
569475182
662745357
939028383
965753960
967751170
139306465
183416020
821177562
337300490
572341309
113968423
686945030
504225588
775525524
246343273
816049336
51895513
19884762
909196791
919301696
998358405
565798740
267729098
753680022
706627036
330647890
827153016
32764822
602701725
29008629
768860912
136885042
504297927
769087245
564899496
943242226
835006620
529935075
503004227
152207327
5224206
225301956
560019397
677249125
433159993
863038393
533813526
650694293
363254359
837458600
180320197
672312810
663908673
754188918
619442900
699181050
783890804
727454454
866023900
928976980
792024847
161506311
970928734
690583613
671979435
977064753
152443907
191643574
997688358
409023928
7881667
99655341
877933025
187381687
764558867
827022713
297826305
207530826
168549501
533142876
866441860
933429822
621241516
734506870
613830013
499354979
882368833
427937355
242925856
687557145
754350659
731546427
660663920
892264767
927168500
847317791
635995453
963566496
369043408
468179205
678378476
946738401
260108659
431203581
825455816
759766213
602481133
851304555
119523782
135478151
825514537
119500456
446776454
177856593
133365276
412260905
954945352
370262689
25104022
725652758
169780546
332845359
702030484
303659886
315536352
888048706
735138158
211514906
530645581
574362003
752984020
22697593
488239727
64270533
993552473
109171977
710483513
282394114
26251036
334995551
686403809
419855337
277537405
263822273
135543129
794008178
682971024
456217569
732667489
381066816
503579834
236976426
574429237
644596111
798466161
242614550
464910069
691138738
242067205
451595812
729700294
761177001
134451199
519047099
808126563
262529450
267668866
268652141
288374809
957140064
324530698
613294533
11928326
830066976
820540126
249371310
684320232
924586262
9622242
89079714
260055966
671457787
252031192
540106009
266640289
360072963
229703143
615540557
782883600
791842833
27643787
526491493
745031306
528978491
807789199
112240273
436725950
390173845
601313331
316167228
860170464
330500080
861718275
570314186
221741778
941006881
851940715
665351720
307294359
33087745
866214896
678701634
453446176
768970948
583459486
343969006
190242449
487049279
79888797
619573118
236925490
764891408
421714905
665933798
738376825
481826526
953693674
837336375
70017739
792788728
530061642
501752939
102236030
331784401
543516808
264441552
464242449
964411338
141661291
450641900
109746478
701095410
274469907
669452821
789271786
135659312
30116102
503024942
370679696
924952288
930478803
90516017
988206588
438555331
987880163
865331044
593729969
728749728
263637798
229815242
236384588
908154617
161311575
538051592
368681735
96298999
672690661
22459334
38274913
166077501
515923974
183457285
667968115
774863662
111315495
688592942
742830191
751380590
236083574
675435514
341692732
595973554
152926327
954721336
77653309
654119468
214904859
801777286
288584963
261563835
660016751
405076584
970429707
25985554
793556485
654789757
808443596
824922876
697234064
501734782
197629798
787188183
321700675
154325030
366441175
806554173
911649916
530883713
774395636
963100615
156843962
924341364
915318898
617013240
856783097
708435021
164863520
490644292
219173963
698850967
234122360
957627409
656805655
217511564
992768158
450716350
705714197
121044531
836399341
138109936
988070755
113679891
336215191
360263572
92854216
543851810
850252637
345808306
411055864
11140106
326302998
775716785
240146988
448903522
779779096
6606427
996179274
167004865
674769665
38703219
772960789
779021781
150479929
986905539
511971536
802879943
135105245
339923036
627355902
185940548
295742393
949114687
542881771
515122855
618645728
700504492
777593373
24363174
655030577
904458791
991892172
266342523
208695180
102501957
686927487
427189132
522792399
713444667
262099932
676066093
402577548
680541707
535038611
981205124
715139669
933533581
115984582
752808806
534037554
582998308
333860865
910742497
337359455
269748358
793300093
569377979
767511448
942518127
185354466
194496383
874825978
142278413
103259222
299138859
268967510
292349582
49011633
529804051
114264554
742784875
954596270
169501468
875574206
140800105
644927287
584356767
800774781
90571609
885563961
383556713
682292554
826997731
286535188
514970482
276001779
964113842
34197986
777846848
553689798
414637809
356854775
592046656
711011338
926313044
714565371
36831768
348179662
557109379
348207163
876227321
980909670
775923556
773888859
40670334
946912161
872724025
600973445
425806897
419583976
830680596
323974947
145714808
621662395
967714044
145427431
586427916
567002529
946986649
184942167
432615209
888126483
103498926
562348913
233119402
501107459
225017019
221482374
138322493
288676392
972188160
920251551
192106504
477508268
190459597
127089952
890033895
463538766
888849784
351880059
692939056
959574934
130949632
949770625
648975679
17512975
21855693
877827577
606502292
116651153
985413541
273213976
920077429
447266842
575106280
483476583
108846685
905866734
968599083
444923266
833171204
506384913
162806047
208454210
28506344
96548649
169200429
688029840
663583782
753770222
686838961
362731549
737265754
395993273
33396465
506222089
971862386
19468892
899853898
99169398
945048541
487280803
248801539
139783345
471105011
958746108
911008707
129626134
566967970
214395762
515848932
633167595
423331247
642841796
18612419
589616542
840261978
690006887
679572748
81193400
613325920
25293506
318385525
788616431
572166421
326235393
972335705
861210799
5652565
174291692
542999335
882801588
551185576
987430285
206661244
93168768
235178931
994474565
24704735
652148724
986223711
181793803
207074576
786804913
956239110
894209125
384360829
760981805
754224529
696439333
778241636
509749226
48216232
131984122
279122773
439872708
604850768
567093774
916219870
54331507
935114961
138745444
546518604
483896836
494724840
17958937
282484290
607149211
464995390
102006693
698482883
583217924
175863100
565978961
950953757
248106010
467942499
166484144
611763397
615366520
1805434
893009974
914828231
1363343
967277420
481615727
505606763
776236120
87370735
527485715
341117909
487476220
366967373
228776507
907220777
569505998
569557454
492305701
81562593
109276149
343217906
768612799
476217375
65602307
920043482
913550409
914710013
95221604
842458538
998310702
58268732
156810547
73937305
638408552
65576333
340439286
199534476
710034335
379471716
853339531
818947321
210251792
493638052
877428050
853481144
575139207
135764941
43041825
850398128
728255366
461360971
131257770
970782406
438858251
155090072
689153483
619773790
143152106
836941123
497831959
388851364
135917767
249167988
747537240
421299978
605373231
119569644
332766309
292162902
545281118
924499621
149707451
11420593
313526744
795811930
630134606
679879937
856154954
372590224
635999915
695618559
896135458
801751533
674446460
828213518
831852609
219645857
554254074
103028165
587543732
962463676
554514322
1747012
440653965
420073256
368532343
799206558
805660958
371545397
70917419
305512362
671772850
430938828
935694155
751846824
258199107
127668450
403792605
470739192
944081491
362937971
598426248
183005951
342339811
96363413
590851338
165294972
584247770
174732164
244881359
668670686
319346820
105108454
610210358
716523028
568453198
990752159
59606733
167871032
13983559
394210148
299192613
424715414
744301575
433338564
669267939
630385997
223094071
786315768
717848447
946035754
436210694
61064363
903531603
552425669
264236444
583887177
904043483
411525708
981692389
199669845
971811287
225680930
783242798
771081063
991413704
403175126
167466483
495214607
60152883
818925813
760685398
824557595
237440478
815232209
876995774
714814789
47560660
432025105
25800964
761237095
531432734
173114270
514804132
579998312
611250476
830382019
259127350
491854611
297986772
94641002
952509482
955938772
312060004
360748050
929483244
494554348
218511256
409329626
141265227
525177395
170752812
252173379
76454889
433787080
592388249
387165578
889802035
190279563
619565341
539447056
176838161
328722056
355719385
760098264
117116332
201068170
146495203
268843198
54807675
385477065
391587162
935148587
121657070
873753259
968147282
547095459
842690284
876536672
453123769
571950570
193136338
800907153
458290084
310129143
243976585
40305273
90564903
593979543
235325454
414158298
731148948
377075775
355370895
633055049
365740711
601459875
535223697
316143149
348189398
210602942
107682179
937845778
822405305
898109972
221261889
654381158
635634215
968597800
690130285
164555447
748572110
379255958
6791296
902310286
247364604
49215706
15342389
515064918
133032459
853129425
200299380
959528368
21181557
474626094
828205675
182416052
765122983
974113157
497337968
919073554
21365869
668192845
327695121
395018356
357924621
286065845
351053042
904203718
384091668
339149974
915667225
777649412
925477288
469526363
356346234
13866410
808813757
116860056
198562662
270739577
378956648
726168961
783426352
482675600
125798866
914959902
445841942
944015660
405050131
682199048
16160926
452229569
884943337
533291338
674528522
146647551
21735384
906539620
915665509
557371932
585604978
499965358
64741930
66167617
890256720
480384279
286250169
586462746
761325999
835273009
124747005
398906251
992216146
840138007
761600640
685140381
278851002
394797588
863570301
173450929
76185337
500071375
212033399
57050868
43936459
571809236
926243256
509454443
779142426
776296120
6695683
604418473
375084142
789206710
330854725
538140525
59178471
458430523
24311660
327806071
483467625
440689517
460717309
814005156
840170937
369082441
769587769
588804463
736975919
606930359
375601526
236441451
660981986
765868270
317288161
348438931
446324116
297856914
595471593
730112264
28998609
476561967
937580929
152616200
326786105
133418293
835261345
774433133
526675480
656112956
309552650
731736890
475353369
877590145
806685960
664251703
473532610
61718248
549890256
300045200
155343073
260597581
964294606
388590977
849947419
926711302
95205907
647667585
14557352
656486909
812891263
527284228
72124756
426212442
638094137
578497742
603247504
717092806
431064150
618220970
426895456
403659688
360978521
467194508
519284987
909466909
16453966
201460842
213903468
873724270
287984380
877931123
44550210
956104981
855179400
962978659
181412425
284794651
994016165
124152429
180174293
919293114
809224902
812238009
144526444
387984663
59731764
267359197
789368518
800970368
562030547
188146134
908305460
429673954
617209523
394879005
525333963
90277269
447739793
635841144
554185299
483264523
872318360
583260447
416032955
111814259
387797704
402336726
366919547
569111761
268280262
325551568
953496086
915634191
887228464
823990535
260796507
941794248
262259473
267747953
681437142
246035257
5696996
291151045
164385271
173166433
392538863
956322092
989602576
668995033
975040251
987124675
786599672
884564294
517864371
770868805
113046271
737319172
460060745
634144652
320404456
519783082
869194121
586503637
973842459
849565664
456893371
21189250
797392184
199497735
173613457
303783243
51891848
716113436
35932229
148710368
222845960
250839714
670282696
847414480
235670859
643476969
535238964
722316800
943465582
702989325
433975875
358886208
151319786
38313999
424920044
182778815
811776454
624689420
461541401
758937746
141718021
54016738
213140600
218179219
760679221
830649017
324239901
699503379
404375256
65524196
270977413
708756216
107037007
487794965
2918247
597793372
901147122
744658371
584457017
351404000
801616732
237840785
267503419
723060258
439692419
134895789
640893158
330865905
483401553
123863826
937960787
438096163
592822526
55585784
897864593
288933499
152839324
657540454
756740516
666233906
71307912
935182023
268327503
786090243
431764507
150664302
111515545
392669015
362773608
352158760
407490859
279494343
462395613
899933135
246288340
877965344
980009458
244224164
182355648
660804885
926111163
343159619
295676633
597523160
241506373
429020570
455417879
684363899
937960383
200929964
242835198
320992969
798145372
880619369
644720623
426856177
313036870
889864439
537897787
735319346
987126049
501966466
536675708
714269442
304719662
564268362
779193475
264833033
318514066
540506345
74719373
302566791
767808529
683412830
467209259
882491698
885632401
240131647
704281589
926669724
78778704
375231730
500327125
459803494
990568118
859561521
83959382
295169639
678118463
681681080
368884488
634222796
472324658
898629644
33055585
71581871
8593276
612894151
996639326
778031564
508498851
614893738
9122219
79851454
786297074
964469906
582952791
604700406
572873632
279477020
209511516
288534528
765022707
321828265
488241388
740379623
363307365
677753051
674073392
774931017
115684547
54175663
536305273
50641584
719325239
421831228
608165534
433458518
963487218
587459812
639037095
868231677
419463956
438619425
12911634
669990842
112427699
776109456
843634108
272020752
513623043
867786652
210111174
808241234
689064472
518766200
78500989
824629785
813096943
891345367
277310966
271814239
864551917
307197614
44615132
656274272
750693543
869688810
370482922
8617772
90639104
33404024
393746802
15245353
241670293
967494352
392120611
296288951
160152927
77918991
490174139
300384158
343581390
99824986
580972187
993093953
69566630
3135326
599540501
650890983
904136546
489953503
1740121
241175929
305728818
111637863
114473196
682501107
338740251
683346316
863823962
812986207
463899316
153173103
983533824
325494634
455957859
624517647
554277654
581095586
877638747
274850205
621761670
433019758
573570322
657442595
254064794
54348414
480028082
595359145
293189958
318677033
670728753
5285876
745128807
825816060
633725206
46616376
74182135
56648205
48428729
664288076
89713534
854907651
206474387
25344827
41318312
741017071
82330988
576451325
365229740
109960534
296964255
535076318
838714406
666405481
758542512
885487150
652864807
982803954
440080091
565535630
549231042
914948690
291811151
470944988
989774134
773221
445605623
339811427
374646340
450314649
973940585
625305697
924441132
911454582
621168867
266645431
851144582
729345022
430941153
405967384
739888119
90589040
299209827
813021996
540516985
74166894
385598609
769355470
887205991
788212518
301927410
190926738
103513429
483412924
41582214
128802501
427293878
818033439
199848016
67248462
695124840
844733770
586135362
454475208
250535173
426117284
862606337
673348341
328495461
969347866
362012445
41443451
698617226
367156549
339403798
751737734
334246321
233535755
309888659
279678955
965945902
270110522
766550100
135436247
157197571
491563659
373380541
882076489
175632039
941251443
686016997
940765655
24741105
698348005
155313044
500767778
591106329
91539563
439455622
747023032
716312311
818921636
428625019
36749544
57494629
391681785
832323811
458963507
450813966
950036685
443718893
294002049
306678595
77950728
547334838
954127805
678349507
545581574
967922305
43426752
923396242
240515353
731488450
248159071
265232588
359997712
923298609
811218826
191695607
390596235
937110709
697641940
89461499
983411516
13226392
131686740
990125501
673035170
855953640
710461376
641000278
268396821
216787956
978127988
291733180
402401545
752649014
385727078
682300301
39571882
797984863
487963597
435149605
367810333
325160456
362517247
575629208
692756421
295785125
407162002
201412817
463610579
971637239
883549565
909744599
469956503
28386148
266668247
29172229
723282204
682619783
549228337
698678590
408717786
198843077
290442209
483189699
216979815
910258955
441098146
676685626
123519248
495751773
394014054
510030506
333031117
59922491
429625740
866760238
241386889
423565981
815106178
690071300
242899722
784896604
156958686
811804997
528015127
973122931
245473998
91045120
165516982
743123520
859888247
297753695
868987666
962053141
289665469
34848042
87951129
208048175
727768869
264452809
981215040
502672822
401716525
717276663
313782597
111979759
290816184
442816268
912484068
618676551
918327046
295742534
272625342
365670144
286699123
166119947
18645513
212193043
398613310
905010876
962243680
105163712
507310285
968675831
433589499
299770090
264800027
334301514
333136660
254953399
957846809
586529963
840504802
727054766
869378581
419633979
503583662
723347875
395695392
32235462
53567671
709232470
873262972
596633108
997675642
917350982
884925316
40456854
81386236
905218818
761918441
977325673
253251291
952043057
242858162
251944090
683646846
753549162
862607907
223634117
654291117
622918140
433535688
953543747
621756790
813985101
141568853
80734873
61081661
823240498
169979834
400916940
191533903
805916709
704402794
989476189
632758414
135690230
10919516
660330632
879422187
897711276
951316684
322690260
367696376
917545166
503023916
845265747
806166250
301880419
179331396
192513244
356578360
943935285
753658080
882447048
476222827
95795093
723098671
108472845
986251554
361788297
217482845
522362672
232815690
79719079
985503854
599775700
163946175
564330226
167744831
381036641
862617769
896915078
160834934
873577706
482114978
750584409
298046050
786209259
497411739
574790296
838919568
463449592
891963178
207808379
442260227
993675214
477952312
112099993
535111496
791731848
742073654
359747533
407355270
455060843
508377249
90318621
25798605
112164804
625975453
975341126
518874876
420428075
770283581
117695706
393763548
239613002
249350183
984247178
726552329
432686453
853855751
807590970
330051489
453153622
967938980
920507837
968575490
144279643
433512779
889366434
359642292
754040026
469418682
985389062
348258939
157801842
135867765
685195295
27401284
66815802
618154501
534763791
38045895
587540135
212133595
148899019
281378260
441229302
204615848
49450690
669228933
5344055
910911294
900667584
703717686
126075211
631001975
710809163
997634097
275683685
135699517
270409346
187059208
58447567
67126806
265092177
597669331
2043785
398826376
840574799
791260329
744703321
123596546
646400035
45230683
427089718
186816333
359707282
904267320
612458
451284801
882324694
517199229
861095977
696325991
616881095
212381051
447175616
634714598
570138357
861945497
437207664
541025706
399667908
248027796
332159533
550609878
741137028
242948181
955305977
828256051
312464250
256588147
664851408
70068303
669397144
98927113
710667793
918540998
32381120
183286209
153600167
433993278
248175195
437279207
490100593
197410055
540264288
491433082
93536080
204326612
17925443
315144205
676960760
448573640
254257910
630427926
298897566
416788180
997965336
676828222
453464227
852028185
605163779
407238759
62537235
913866679
502015133
988637754
952421367
681150663
903179856
44996693
101710785
219471251
237393342
697604858
779282119
144095166
143006652
100799877
422493840
653511783
745529047
828227000
337072261
496307488
284058205
293422232
103099001
413472051
821347359
188056464
701219871
370910653
965827495
76733662
488415141
316590698
448165728
315026677
698048013
418003235
277861244
298351397
904038054
56424678
322621209
856243168
447512124
306153469
867543501
212142205
606525638
425104242
276537822
250037617
441814389
333289848
7986864
133672752
712062163
708856896
192870877
280307089
243414246
304818478
431964881
897028630
912687898
857236894
608169166
321002605
454534935
429060663
885111379
893902776
297599612
22917321
296026275
30376335
778294622
321064803
619176386
873828742
792624385
32586271
326296413
292008101
751943629
916727418
250234462
460389045
226636083
210116254
217543024
620778386
538609173
261225229
256841644
942400422
222909671
794401698
30225503
617559354
528586287
233756002
237956362
779299898
402953295
643896565
904103220
594848853
593557415
621678362
203446596
726432720
143150890
526025555
367585781
528939300
34084364
806817610
345255307
544768346
899240227
757843687
349980003
668171661
838280688
8462180
358165017
123916024
157900206
872691408
343377803
850642050
334312048
610212573
983067947
887141905
9417566
971843418
950322161
187102954
757648636
606132110
679123279
536552553
289494640
245455252
533295731
562874066
803787620
327058551
812054298
800193
676998057
721958419
739253342
678163100
966854891
807753809
731561803
307110431
396085688
606969408
444417120
920761597
525860872
137472141
109291585
963705711
804006901
616475722
319433447
87289445
387569281
759823830
343707618
662255983
746184289
194065904
5716996
287190916
741500540
910540100
626294448
10194311
754731466
11900768
365802562
395659924
452736483
559072667
337230378
965337429
503632588
566800069
198626768
559905958
899692827
494730002
334393842
626787117
901518892
416531674
490304322
186240159
227690937
606842146
999602682
96136792
881998849
632507281
678512371
607680418
558125197
140484821
51457086
522821812
760714441
517496110
728223524
566507433
714917458
485182599
219371614
948495170
819782934
271808607
525242805
499185598
258622414
751908851
89491997
700931656
948513896
783970921
353050223
462563021
167199445
295814791
757087843
838616346
898778672
176723986
686722460
80928891
808080588
545760102
776703846
649433581
40442719
806438425
69282956
490882615
88302981
869604748
292936972
281907318
758535271
615991345
325650284
366461606
452813305
927258158
76629192
106188395
172166637
653255123
601596014
126659624
950963467
338729915
425202738
858380581
725250022
520334391
135883026
849431779
785380510
969493034
982072172
665337519
933923912
100619919
96562168
510468854
306089665
572999731
969402482
274730093
266630752
825573982
877842690
239647492
442925729
308577310
234823040
675633565
148492119
975024690
888819988
228752123
441065743
109706116
869352254
315376106
970541188
132499096
505310133
39108882
969297170
818996177
849095495
436853290
593228131
331800917
708009113
995586404
749094821
285743060
730476184
240523440
577973367
667366149
854766322
617071727
489683374
800543241
569362258
215537039
659730227
418064223
920573752
486249118
723486835
416398458
741328522
442956871
576307925
964148224
751669706
141369821
208141985
180876447
370046893
644980226
316402210
146250560
176949638
64745591
88322538
203024645
145158676
233381270
574676310
525742984
704002909
314425179
431972189
466774001
735661138
400762974
587150180
53595300
89030332
600020727
350944184
147032616
663422998
520994603
544361423
675127950
835013639
325924090
978601322
857206558
249149473
566145208
364826519
965494167
969873579
493136417
739773816
901744887
797955748
35697849
35724746
69054422
652878210
674812601
876219391
129925095
42145502
90009726
198929335
888594178
575526460
360716567
973628625
862218232
903761695
608090207
138341664
858900855
578316174
912895819
777892545
957955455
74287853
705874623
473401317
660339968
921851309
24110307
548217688
409357309
75350352
699256353
691740781
724586187
548992041
105654703
358655957
914343607
726679278
520421655
871645402
909867830
293567632
574951886
92368415
388400043
103045200
957375690
264872757
758319843
150174437
716538574
317793595
661252987
776743012
423852546
48429974
372828546
934871181
13466341
86513306
288454041
924714343
160185881
319655413
185114781
465648569
323687301
210431675
670323119
408409892
711129791
965424840
643873720
12835976
486108011
973707160
223044570
296484590
284640271
538851091
597157671
400958554
349217554
208900993
464950450
656119680
219231990
120155550
362251913
320816799
209736797
950072755
250943015
626048592
527592932
802857610
240879485
642166338
935833537
381461282
604344415
629967503
642063654
992161895
686552718
886185457
664299544
954073406
673161085
62285311
115342690
917814715
623965571
289051954
290900284
302443448
641157660
148087848
502491345
457732386
979167830
436838227
154158474
803617408
96631401
585141453
128596526
257629878
487826489
340927870
145784370
329781989
238923883
799127167
410214466
361065020
677395670
408220565
440095815
59822430
949340918
485567462
937756346
43084319
617698570
679979421
618203002
524674325
421206705
77690367
505148857
135155704
97502906
35802570
489478977
864537874
515400210
985378241
468936479
820916151
301851956
744366051
61052327
952765092
910248292
378483990
702395620
914437600
825099543
639544061
503143028
343192189
946434844
263518660
852035674
708077978
615782174
764880871
869283726
79423130
659753060
594687277
489173533
16267411
630058150
96763970
813650840
185317293
576207251
344886581
736684982
276029879
142007627
457467991
930746289
528335831
914458781
868152234
216610663
301505944
19604602
274569526
19910416
24699815
870961020
216607934
155827959
777334998
807748453
983806159
390723943
392319750
47071807
681637868
250341925
817612518
119443679
27245905
26121736
189292363
264954295
846047187
21824497
804315098
653414290
303507680
231771597
790356767
630033234
795853212
941173369
276049599
234367950
467574231
443191391
966581012
784440928
912828059
89229864
246486845
474135618
941191040
663380602
821529127
559380909
322339159
915439453
596682057
994207209
423473523
251559538
274023799
925392926
894415541
591484218
428352025
213058373
920590501
693172843
114105657
866688902
961633388
272252164
684101791
653215128
209760923
161727246
337788870
181938499
720439016
32381307
108345294
336932547
158808261
458165307
313630063
510158909
163210218
439629649
469942173
386557903
947677948
48225732
545629527
737309508
78351654
277916346
656110476
974364961
204557683
864093503
121194563
142167508
456573025
93824729
202988284
497927759
19289315
311511344
536709650
453599271
411165439
341929513
376262186
65497201
722463330
360878513
451909051
23884299
783323007
993640937
554060796
224434909
65763921
157590274
990436451
846555957
826512039
120255281
156277667
886615319
751372182
687854967
112491601
784048786
902265135
499194444
322144961
727741100
688073501
976055093
411875588
830746696
455853562
602177760
775272410
536993589
274333543
35192946
28533171
550792810
464626325
525168040
898280670
162873687
637133344
969921017
438604646
250185872
265625006
134537464
370463819
953233861
790510088
361287115
246709023
119972324
482726061
867154985
919637671
904275299
118537390
107354333
260870549
274809584
49844985
463157181
647931217
501607092
731555771
269900456
230956433
834248763
913240346
63374
799536238
382298337
932850259
160638471
522212407
320682619
570818330
365096339
988598341
670065696
840338063
614348679
813262196
176231495
609101908
308334527
663604619
747153998
773126263
648614321
689813510
98952524
209596761
955236893
456115373
773146668
458039675
91265074
671789969
736714855
412973242
793859855
310209616
872054499
88324101
92247249
154134771
703594385
904861136
198137964
601915421
75754828
230111861
460705914
184311436
636947710
847587989
596195389
310688633
961358576
863412498
649046979
721808002
479061886
579398298
949532638
527066126
954582516
835741591
932663493
189004369
926937940
398517244
823679228
674522077
692393630
488261980
345011345
990054384
188366582
507054451
312488837
652631383
687413994
548286451
986067724
636423685
202046958
194534133
342431948
915827840
531674646
975247353
734641131
795993625
694169171
605071802
232932091
427945862
9240956
675019299
40408757
803978724
257394765
844855236
436595515
118689676
340958636
605130600
12641096
539168388
587310611
984943675
24472276
448025482
143828340
754518156
953839820
641598156
163070274
723408050
239433883
90691558
567478663
100984267
987855268
894661246
804091915
273158640
787484933
892034964
604236816
4660510
554119929
853101471
578872836
74487236
583605219
293924146
28434593
980262825
824920729
185729181
470539412
499848436
757577836
133838319
264505239
442358289
908685193
644472657
986179352
361362443
607168692
92965319
274315261
908851027
899967081
413445051
282335855
641983359
435104874
187732390
516038834
552293636
299685736
77672483
829779902
512906319
556102010
718677534
838107607
884532619
563388606
794170423
911732748
284371757
613710481
508945956
493592664
714538203
155730025
19197669
508265650
291511503
66803929
345988088
717225160
405019928
502571351
317487106
555496837
384375578
346773731
394223642
910811964
971897458
168633403
715929540
279071049
225855058
555460487
418397867
781381515
989780020
854573634
876019883
480461814
208860435
641386943
868047878
27544088
321374343
130691565
134233121
473597333
442182317
12150099
365727883
700146392
318971920
19600169
327117593
242016330
327368245
734706863
846593027
872953140
479704485
210864580
362512928
986546017
697285028
539246679
215198857
202477677
392140128
556568876
73010425
333539595
872892406
149637102
104640645
317731350
538499152
681583713
509967019
328826184
92745727
350381059
54248959
310941038
853974072
402536698
758503161
264162772
489369523
796984953
851146167
364687081
246305406
396231096
976128557
853688328
169379609
255714562
165961456
233229428
535357935
560822039
148914277
944773741
193992995
246813130
987817109
511407147
723487519
101703243
89859182
342058764
152741337
452717411
49207117
835998637
181232410
858835731
89615464
182401982
637647209
745201675
289343272
667254439
147135047
658755143
357077339
223782351
469469256
174049610
488967588
538356383
368103942
310997703
259262539
738686486
223317403
395159244
789195478
241392250
135349266
696019807
472092830
987799993
613828907
765251876
711453703
732125882
617407071
905944422
996244902
334414419
37887265
771513239
339599420
338886222
983023732
172400155
490996591
297419943
929119832
487472800
805170195
899527939
367683687
719302243
116094277
92226428
839245483
988690206
362437963
219430224
531027192
517676474
92033487
580398508
301811241
444286729
271005513
51807377
824456531
817403250
402299890
132668288
312464860
688735083
600652659
573989732
352980245
882024302
464116354
559819253
500862219
110640922
310761309
137969220
368736576
960345213
658134216
741197002
646409850
111880288
700269850
152857980
32729694
910232175
8433935
489022543
395596640
556870502
925458707
401312770
4661863
276113289
691920897
930846856
264676026
233043030
169417343
784022803
66760467
616932565
142267724
866399818
326545617
278065850
104828547
349809648
97757760
88174543
664201375
829540765
813849591
957636838
377496232
325075917
504121791
672640935
848746288
719312580
502012600
158026953
8278075
659064258
64706880
969773197
480494147
257381805
204217959
901859397
880471812
644351349
450663633
849112167
605147386
944172828
546210745
86746376
8163719
541902754
493511534
96691078
876495785
313664435
528866804
758043381
630742978
815308015
716942254
316179495
61484966
26009206
292139227
63061792
33288616
356101130
365918999
618030237
227503487
866979863
755451948
58197628
842298162
635317463
169574161
417894013
545639902
916534125
507699930
166430504
652093225
780408397
760937391
964903070
399407789
425526566
799832621
713304693
995439394
395534077
853180176
218101037
247270190
807642985
779420168
555810669
277458843
856805638
563040543
418297644
576663944
711198240
140364299
306987426
186770117
454678717
771785678
697556609
5251643
336447204
398854396
500240849
35524718
122758568
16158992
290229335
185122069
890680695
903650859
659172268
784384202
488146077
466898615
56588284
3907923
164022633
957538937
504680191
115296714
265645495
259576178
757100716
146425921
924530874
940601305
973683006
130593591
342078062
656353969
247868559
702178153
668341605
648821119
564363819
498270811
605916574
246716483
905362773
826760297
837231082
989454089
568406081
331887893
998922941
296480439
485937682
87140398
23172795
503204162
938741206
774977566
962950037
583079283
442146380
255499845
246966636
399470574
641607296
558945484
870289695
928157454
644031633
372123076
722674908
502568162
924224163
920468973
809391070
923173204
105858630
260659912
266965658
19904207
207811370
573660846
241852212
136251362
343569138
764570590
897638381
237756089
776719578
404819823
372133931
695009835
689436255
996187482
994968205
834379552
413677544
303920604
646448175
761651293
982647312
63352954
66149521
764889698
862037507
35730486
491842963
808850220
728042120
498326931
666141967
239177398
36816486
175112212
611658870
662931246
256124525
837112364
637702696
30381377
768771288
314234661
126054190
567766495
966535333
250968352
33186328
106710132
917936819
858879552
36487128
579021316
80228620
435293948
972060864
924180223
350766158
630922767
206971248
24327895
987169777
439850891
539427647
264737802
87180104
842162950
246842010
457571407
695184516
966782318
445515817
393512079
648993778
793056943
921277953
493539742
394448866
94467267
711279941
302927403
65210276
925554293
581638993
186805660
899816123
678614976
270343488
649577181
707765312
345463947
366694743
332490361
636158229
400854087
797817830
46084280
548174062
661191999
620524933
513813438
734409177
365365348
177936546
346392614
462127842
867853760
755577318
238159794
6055343
17018692
230486238
452082417
533319633
242203213
118053705
711351347
542632844
24338744
763261009
816189023
671031238
807258849
371805749
421886586
821221293
8958357
12263560
503564332
691816918
32358530
362699977
309323226
321680095
683213950
202472792
938315299
17521458
822159078
299376108
865916358
803340333
180478183
971902081
337258191
45356419
837195843
650686964
361952571
921589450
293791099
331478784
492148280
473899985
194809794
519273246
199118798
810095268
688635507
467413971
227855895
616731018
247195657
509648824
208732444
64859337
737044179
396752667
859207072
50140736
906141365
227356811
212907815
204026651
512236690
439018880
917886257
677456774
259960870
383977530
982977374
586799790
146232193
718187225
360403712
325641505
568570682
476820604
300377802
263415435
547498156
306607421
8861072
413285249
776742566
671539864
830114558
347529177
236462568
663144622
483661246
552706311
72729517
31349076
244077456
533567785
451031072
958317082
404384209
355173779
201917745
946639086
928639152
800570190
376360205
312636179
208276
494109079
728302156
114595844
531903680
353598372
365860095
485214088
509084641
491928194
124414749
213293811
505404004
449747845
125729442
784333854
96097851
602082535
142650425
805031095
834187640
269971245
505176560
603062715
859710602
758402000
158727307
624691243
863650625
612938398
214067092
343610668
937836669
183215094
668215169
270568210
769655067
660927184
729257390
880110511
401496229
469092848
55703447
141869037
915240374
853372102
8310930
760417769
351473844
663147694
10572174
762462865
406509721
822459311
387655469
186364524
796728399
17639508
204577190
899744723
2027305
621154177
406638332
686065799
140977639
688106566
330196484
880718916
242255220
189988702
463599231
776924610
207223202
720919996
993981643
168359353
636005446
441730539
406474999
668959054
198886175
559350753
400301389
492684842
635949259
76478372
420523345
784909290
44796101
526045670
370608630
379090768
359221342
48672449
997617023
723086949
474199851
906604406
225577186
706893152
152397307
560822685
397377425
518459388
933351052
215427687
798625365
563080898
816959105
943873482
889580919
13021167
998561361
504556266
143496821
616488216
617262937
106173507
391335491
672228976
757067072
618498276
779811254
120028965
876448786
138415217
938662184
770124127
197405244
148049536
413477715
257123692
925411364
642771306
788493491
321048858
184187914
348684354
955815087
272666786
72644481
11561220
909936093
663420606
959728687
399864736
319789246
758269222
159124438
898308529
677948203
591816525
46979458
547723668
555581339
11672896
761039932
408354858
876806690
908089624
600985049
266531994
523586780
745798535
411026667
5862608
266732162
50352304
576237262
963594572
540252445
511712817
906474072
531891995
470900631
528672151
520587107
889296072
38751318
708327655
425115692
901430764
168960095
157269756
906631629
970370753
454993582
125425869
260639403
89461376
496358726
586381764
503288617
406507443
205603619
861067711
415702387
653840323
998459625
827701004
201104280
323135797
314973572
596527557
893981673
295249049
935389655
244021937
297235794
177593325
290257194
4279103
2596472
358548496
666390727
614307355
417840790
186491555
133332095
17795787
291458595
698679377
951906488
289619360
951013176
646016853
165100305
415437538
392764611
776350929
827394536
643788230
794040823
222326401
339052916
884873722
174866752
502548105
827058682
117277264
702935698
314158409
490918996
338893419
159433730
984008901
261604206
454264187
518283973
555794734
727718418
344361317
51804453
522912915
572213310
132135749
844831812
493288244
104068727
206171111
64916382
35173963
297456542
543186274
946824256
269345254
365576003
798168421
907774024
380275188
7021448
990714286
189481748
129772467
78669742
753207572
423133897
251279336
58900232
449218375
188773313
48885225
784069845
670082404
741029281
104374116
199454931
368039277
377263218
520580912
31168068
925448183
302672946
483787185
672483521
788127365
276546676
177581658
684816638
271016446
554619066
563261465
172467271
391488996
409179088
474670957
825732921
159055980
699744651
505742261
966827561
567865087
432994861
631088001
822793049
830147484
315848818
165768854
184674959
245992706
82704134
62836028
698845602
364284028
60968274
278512233
778215477
411091355
40287966
435134109
160596505
390514005
295959532
949802590
399005563
25056517
568363808
524412677
916412430
1949632
874992277
211446133
983883906
638392065
587101572
395237644
926833791
972914435
180145383
786615261
790199893
297996246
237107724
705033411
883575019
647489628
876417203
52365739
109857837
34909387
849549915
930500104
118034581
6945752
612185333
170901123
320414871
188248883
303030092
408069619
465980761
549675288
481366417
480225941
395175100
740021622
782777905
986579675
337194427
53583181
175846563
3225235
973718934
962195676
368500649
151735465
159762322
730352354
18543176
61841185
203418727
30123863
830685030
754025159
366158782
555527840
19278901
314543057
548634234
580472654
696972970
855168474
546940513
504549772
755569640
769173138
712163351
299511315
18970730
101007328
198399522
440986967
398520649
849146168
593982956
434821343
269645542
898102724
684606554
93870748
982980022
465009224
791375656
700408370
948542568
30923796
412093728
340124717
417574900
108968606
152266366
838245790
209629540
149458095
588120133
549043552
394044048
574461311
648072105
505415995
195985633
71896823
574567093
975266658
752236164
559898337
313042322
634730475
388982174
568537114
437432781
537956759
295677528
554545512
455507372
51575940
393960898
358432645
503610436
559885270
71171746
186619897
684153725
648164346
152814331
620261734
25123102
98818622
100900259
858949547
961360662
689953105
663604667
281707890
823188644
226485009
583556605
498351335
454004959
296668752
580266517
54578892
180617680
994024376
420690780
841631295
376084846
748573933
105928739
804713743
918176699
408482256
384017132
263988415
48484260
403719742
676734173
990605941
394107010
560551303
638425612
910764599
224301297
920386544
12314165
161850834
571707688
492707591
388700149
787701945
31679717
215644924
727383367
482146618
403317091
280975089
199792951
163261201
8117943
60529007
312751757
65946512
721986356
927839945
868691701
20658837
176140163
483118823
632852472
211933591
368978617
17500003
761918072
728944405
983319886
782828925
915838748
610464523
159480924
960566541
997083842
101058974
304853645
70875348
874283142
605255435
626113729
37596542
760197771
435911319
319740245
19839120
765493523
268684935
852904012
375565444
873588282
310538413
939669182
847023309
136202994
387943571
440856436
718438132
531348468
415567288
732779104
620445515
985263481
51885450
51076919
26587662
460035507
489698193
526518249
139330448
832542403
224144274
33800229
129146243
436611005
867620077
585297799
816386169
933197813
596379973
823234257
997984335
738181743
256977638
380684213
546015582
104763643
627109389
289149707
686917842
578987103
544094829
493332093
487744385
887259510
310523
410701938
198341653
48705376
850944038
242465883
24444872
628298547
630443890
584214210
944277494
135339639
772912580
853746746
870871046
553218025
703805911
865103112
823696775
163424341
956492668
484077086
315050892
156581256
367523736
272361405
131541847
340677621
515530143
972290970
104717156
389614025
175998246
880552553
348830901
466352073
155359953
971587275
10266747
934886002
945247336
683603861
686234807
386371905
250970717
271587609
309062890
425732551
794556886
115286276
88804114
837414031
263272274
36639901
73053148
654768504
160132940
421200311
527365240
254656820
839677034
150765103
91068648
610985957
85808605
111076018
680141182
218282027
479044092
285155804
91038142
233266634
780499786
594284644
219049115
265869722
867578595
814259859
637378209
510711538
120649601
326741414
518514723
634513588
570973371
836942971
496398044
961574997
221049431
820007769
719097807
424058007
585994114
979367546
366083426
4657395
65258773
704811640
770631398
729376746
103804379
995129160
895261288
813002858
330536545
67622517
405809455
50265749
36800712
559278091
245204522
510677546
486901914
894195640
420281851
626573793
318742094
89980364
662764004
694072424
314825931
623764540
706557927
644376533
970224441
672975214
47815126
800240358
699444738
70793791
712738981
311154770
435519293
738001072
943651561
79026096
815466436
827066495
277439142
463987574
252699184
767005258
845871663
512077899
453702792
240002296
672482340
264079748
402882167
526049458
7014740
1843214
550434833
886489995
782452747
91445291
834864400
20809200
400851679
919263517
292739747
963201006
281073914
331353107
681512875
398031289
87052171
673347118
57889554
758750819
245968049
42116830
282450389
803523488
770659362
590501700
461043216
311633123
906220196
660734778
313301476
542114265
823610053
5153496
576090898
569225956
961019478
142514209
317245710
452378101
968324424
207909361
440035543
282266127
275597851
463524201
870453800
716194419
268924481
835165726
720760399
570447190
165310867
407119744
282177387
474533383
283237510
76136041
400969477
848589389
662122813
263727198
647683779
482073170
791989356
303409709
71184468
735167222
159013307
377567909
501840077
144227375
258565451
454730110
861476813
352435407
311853653
867877335
588706750
271375128
77092933
187000825
961162248
824552016
68139293
168711567
287467552
331206251
726792353
487174404
410466453
780935415
692644065
75944567
801659694
153546637
564686989
316314730
6186379
665230040
18861561
387359606
873234303
390412727
157801118
587799922
586836177
847241488
381762603
203485398
633224848
632901335
594656108
757285561
675738971
36657780
425150224
289800841
947364960
812643911
802550262
436729990
298281768
405400971
591358078
497050320
342107519
324758034
26124795
45407713
973476442
70883390
308789091
40886782
995355552
106001783
557014013
44900286
525603644
48097706
25166859
368241780
304586545
222559939
95256468
642951957
177524423
227217924
315621323
796218151
733218321
268681062
284640290
255375916
842815636
109857382
295444071
726960929
687855857
847256632
805261188
680038627
566879558
217337957
360118633
229116643
809161536
652303582
976688749
962853613
93067322
871590657
166607098
819020463
272552432
262409622
612052243
824231571
557970670
168179415
370430729
722761388
692494116
24642627
744890855
827413120
225279399
63274951
222515806
863776339
10872320
213313397
880426116
418572183
946175941
408891167
222885742
874201432
166681030
32314282
687138078
747446471
302517682
776589020
751277892
361572832
358954903
966557361
360357748
149661157
192150464
967814089
844116470
192098022
597651720
445327015
324217772
567462849
667653855
663821684
532017827
918423747
423491307
622050554
442950381
668029490
319858690
359410692
714807844
195510837
993114033
893588998
810791410
344640888
500196790
293624345
862276691
550963239
653546968
144425764
883083003
287414707
508930313
543807354
168491262
134121675
273440595
219755102
461903176
109437836
654120569
765212658
186940304
874992749
759772680
634077324
769739625
413193103
704210051
254662803
599021380
311921888
257676571
217964070
440816366
355024905
566970544
157846716
840851107
82494892
949318976
505662585
552304418
580895044
943975353
325973405
236008364
274331447
309615586
376988558
435785492
245647494
430437866
975644724
179169451
987544400
644154602
61468413
392668384
3553642
935058053
65424703
295549630
308965956
969199917
360910832
183764955
310231859
206448617
760721275
584852849
931895850
57710186
946009981
109840729
322306102
824919307
713447600
175843119
633342181
401824935
633143652
275075835
651332409
186463165
499781813
29412152
58024170
126428347
252074067
685486960
710834647
490993376
207177239
503387073
311230464
872646822
77285198
326834860
529429087
629369340
770258839
612019906
768800518
973348577
141527149
983337303
473964614
527313895
166017021
355702242
943201729
525837280
974565716
248407318
95949081
295762215
64913077
420900994
677432765
774629164
866134445
476962595
782410187
690041814
948046407
677773556
940257092
336815259
296836401
845543507
12930462
57994966
972527842
874555414
896924595
669537598
466690414
240300508
80096751
709729190
739104599
586529396
186926074
821281200
699349732
69708536
581641344
384655139
462682200
923511876
350206490
194586343
918249566
858781952
123583922
229735669
381283224
421506074
817965533
266065260
578163539
354824238
674222578
922098448
236370928
691017375
588904055
974091789
95401940
281900421
829878624
284353197
862887713
132697492
416456719
267465043
660251628
775757435
395272042
625098643
81102984
41976275
800169198
608027123
187136958
892810654
732157423
189128603
751600632
650940930
237156475
102895609
180473484
400486035
565733205
600472500
177051094
107166892
158180752
493229295
80256421
151432368
464040655
555646577
616044794
567981743
77605836
568075793
382537053
571421374
183537028
924857647
719476522
155818600
580250472
574538463
971412745
53264160
995306569
753402084
484231366
334871496
401121483
254258155
739578940
298578926
578563957
752793627
624913947
183796890
781822328
327452430
437024419
2718414
168366729
681915345
458472649
867959457
913602961
551520545
542430071
392690654
814937140
452844085
233739206
697631106
568938364
118787371
428610502
113385179
6237161
648813026
704884240
197565949
932661277
192132329
935162469
209837520
618555819
528760813
518262368
668700142
830959502
58128196
8161431
888295615
270041893
10860030
793381127
424167239
987908386
376227858
873613452
820403259
276235795
862518174
17120681
904032107
428586994
260277158
673214239
119272817
299149421
502544498
758565416
140179696
339628244
462394512
207986631
478058898
278219382
881399258
340875643
883587843
378519981
125588989
92289469
194451055
912212876
187255165
823870038
849159736
963675336
668567817
686462269
547867540
802075131
963180588
866287552
735108172
667514062
301570277
399224051
452575909
103965041
458332870
797386010
968145142
162008347
550208829
230684589
782697188
435827363
227866514
31194906
485420060
201191341
834120506
744984840
35468209
199249028
582888991
704830640
429398194
997257926
648215122
48692626
880863264
858427594
430170195
742279373
92103771
632544634
430782998
623778870
212980407
798984757
293428756
866972546
480032375
380839731
317038813
816128692
792086028
411510568
731344541
286414097
654886048
729850085
381224777
285273360
888883821
363799692
930163695
799630089
346238141
599829216
980047442
334813675
592170585
150067611
823716922
396245609
432041222
535029801
670971404
566802525
339974415
443434136
989039784
814432865
239417067
225360168
351350620
509969268
874757341
298616999
221333089
25242532
16214722
124471298
818793307
723513716
31795805
490562803
43605871
452162809
354304211
912244239
604944800
595193312
558702463
769619164
29018870
292358662
994740591
5316990
299366384
67267218
66157665
662731233
157708359
114424367
312813867
519632939
571239611
786087573
36021279
60947285
698594629
63345184
706358374
681073417
86912286
216306204
724723213
40765699
386315679
26423401
142392071
502233905
751927205
144379392
238697851
947081924
152783600
759979981
31650172
837134480
101938593
872784673
37111151
679034546
988509862
245615258
544707946
497742539
292701036
925986363
768641108
430756648
282022779
510621820
256805451
93360776
820924373
993143087
612077062
404737285
86898309
175033590
860495951
180995762
262567205
279142695
89351833
418922033
713380187
838166070
427970881
949352810
215146504
793509289
688634082
431819458
575529051
407954560
352123156
316272355
175837301
842879858
113270463
902796161
831961284
294102334
50236452
585087596
522744564
492104557
731030294
914918100
767584055
608141673
634161167
234903382
58023371
862733759
78927153
834373090
882025698
415096587
529036850
677361065
446003660
507313308
213582286
737865441
898956925
390521044
639217214
9197827
189421489
469075884
302859879
877589797
25009753
783639140
305816786
44827219
464719391
253250670
132380597
343716502
195054090
48906041
135704734
507896216
902572201
871503051
187341151
485710105
529676714
971386687
777461040
404625175
28984905
610168079
320547201
736939575
904912868
577620401
588299870
677258845
573460782
481268968
933194453
995581101
863880190
282897041
45193336
617991381
770976225
912499109
270272716
312506031
724110594
174425337
685369370
531991711
810953607
640796689
995118693
125013644
77175014
600074804
135444775
718110419
258433127
278338386
360916181
268198457
525410173
583200769
724802742
236733447
399958936
151546882
633636674
353844730
338462944
652151157
435737716
249064584
677276
238077023
965165454
961278391
457028409
718299347
597853009
830064332
424800100
800535757
661000520
561242999
973047299
528568036
192273811
291994472
601741978
20224656
353189730
262571001
533969687
256459070
563914792
293441745
879859003
341788440
749793471
380597928
961511961
744856481
343576331
232203967
627552209
447849755
806708238
785103172
811081453
651572011
237441008
421656638
156928351
81133763
801973215
8995289
949234153
707883131
173338679
197008157
623315244
144239435
80406269
30412996
102174013
714569513
45977012
591683605
875489787
578390195
483406976
787997917
782126353
999988071
28924570
948531415
642843413
469819415
888656647
730296144
180246880
987571418
184702210
487761581
572537259
481520375
453112285
90169409
56432324
822492766
891515226
445697311
737977045
40278396
974531309
24465551
214064273
808188382
150812060
241399864
216803863
59271205
653170932
53098273
938588979
205355698
347248985
618018901
215395215
112369665
827184051
606170752
995482064
255675497
498717716
402428178
976158793
329262699
925406452
265629978
819211380
702987238
676721993
558740380
953123370
13014635
714816645
759499945
734109558
858251560
490936451
513611353
391339352
805547158
37928614
714392387
697061151
906950843
266467946
434996091
848174103
86301109
349766436
788675044
176495146
776324110
653253061
344298327
664830119
475893262
532968317
414368816
54959761
41042002
551212740
500098385
561224523
692925284
684546545
106973500
511166813
153368080
188727940
876066033
266708798
803827226
566201380
48807314
847639109
887263971
405024454
837947663
371991174
298653368
319089956
676551855
35077896
249936430
395596576
18173146
157759145
268822046
129362709
468179606
931639701
375382583
949930846
985313983
235182180
920874472
406735461
49788588
75063037
620591058
646778482
565144452
843940007
669590651
307139431
44828519
657407016
9089466
362617314
791937793
866353102
673936799
23388163
179713327
595625901
478788317
705358971
794095272
76544192
10672091
768795553
951761952
206476892
651592159
33776787
960598790
735336206
887819966
130838226
893222117
780482048
435232139
456198749
910710388
210893550
591257694
977666961
665680454
524116357
54715496
975995690
180062003
614096769
743345525
566031330
414627830
655429455
363741847
324236251
949089851
320852234
172823232
650328645
168202659
377568746
668128725
606511824
400209617
676334933
949633589
626851803
78898483
39183590
803320244
407936540
403047037
407681038
385947729
933121136
902618063
404342427
784966869
243268076
279797003
527846065
307197234
17673954
350239105
489498125
895314775
341576016
952733506
298298954
21832185
658988304
921215839
628101003
354847745
453320374
582393028
726214102
283539693
839205330
789917611
22217838
406243218
65442922
592853683
397564127
447931171
118798871
890504141
707549907
304471226
771148453
836079466
743535566
38206002
384810818
617871165
846216064
75863427
61566989
834832577
342941270
81572789
67057842
838675595
492575215
664561561
669895125
522363655
801055686
990627879
392773603
485625636
749917178
88542161
540508700
756081390
61052162
903962082
22680033
635032444
479850766
173844809
255266228
802280531
275325988
12366556
152235926
880120225
886309684
152388398
246610513
785957453
676997687
914108669
435528111
553061412
928724934
398835264
882625434
114626565
836284772
24392302
270671085
702236786
394502078
872822238
334429768
921949922
657900616
762478250
405116924
855120362
697057212
820934307
170883845
561198085
813379663
502253511
978987523
842331373
18047423
997342720
706083714
569014603
309740212
14513247
378873296
358993980
308036569
315927247
654035029
110481480
993417073
714362300
475967148
818660398
967499999
41505780
137338614
180693096
185180867
275271877
411192005
407609622
420692490
548136466
366965517
900259808
629505171
278213771
239105564
94389684
147947859
356820415
472743190
618976554
62711547
758584326
845677180
898142620
511362209
644283216
973648060
498597361
22020117
841570110
889188455
459512822
706869710
184264405
938663489
540002366
915598296
60658517
916823357
999737919
909838549
637495612
898576050
811978368
609841285
122735256
797422904
397445425
975110772
139609408
76851313
4618719
544121645
576906525
796169822
95748593
45125594
444019532
423132011
496715230
960247950
777756368
73633801
80653153
251596699
252700146
43127425
649550703
538579407
447964438
713140815
960761464
930676032
774595183
973329187
301736501
301700288
362336163
737518594
475129732
905277697
692911121
718863130
745491351
383444430
546641408
201064892
809229603
103531718
490801041
977314266
292130281
145002147
294586008
641863531
800690834
944451733
989170766
756985105
244122228
759219166
73495382
418421955
291388133
976293353
925593650
435442554
95155479
895872848
942005518
683358601
772754373
684060492
255553728
963094583
336124917
101680251
220947374
396432213
455670361
465361855
55907055
794341502
47634997
958550228
144940789
78108030
988817873
103118662
986799112
214072140
451073354
320202970
366624925
432233940
182707601
635420463
682409857
123303800
468246418
22851373
352267809
408273703
224884660
384033438
575596070
718876670
438796490
859469391
583580748
173046391
623606964
171366578
660162071
813957089
927238672
652400005
580594066
714220364
714397057
231404874
477574479
157855264
139181785
920256542
534482593
954971777
161909414
814384206
783802777
353285362
300335554
837569911
839463680
753177897
3198774
371391736
51134884
504031988
475044738
596447864
234632358
239083501
297235327
656191001
465374108
4741695
740357233
290051668
964417782
565655017
577083326
281244091
921343037
735195210
902353063
485752181
497524670
442038009
275424540
289369154
785010624
123441978
803977823
959903812
950767070
829438617
912393197
43866780
511028701
685752092
605932293
105561752
298444798
713133145
850228924
523210046
112932235
605446014
307930635
434276306
420101097
219728260
902332110
505369530
684096690
610293700
97561888
317874352
524589400
253500253
221564992
623638571
208425985
642166387
465609036
124342960
856265043
808972717
408251681
237973386
886479160
173525149
245786550
221082907
374635043
310812611
122264384
848583959
219459688
26735480
635198224
341398333
848922978
894897175
656362761
997870862
158077132
208137227
179987637
445311338
684931895
91647522
154463370
946570891
900899039
676923332
933121327
529711971
831681006
802820188
176527182
593449497
41545324
732728507
13696445
552446997
830219271
940169283
399567098
571069011
811517063
165502383
899629869
458831130
10561280
406469209
7259280
434845797
138163581
889190654
675005950
313502537
380296310
153881561
26817999
966261035
415379324
492433705
513870810
608915568
523759833
674663723
566108887
513567223
937638523
312906049
127809217
191291643
4068422
71788145
456532396
183130787
661816764
844550955
465768818
570285265
759074460
214174144
809379689
126098385
854659896
220450527
789785885
929493994
227396698
224683409
205033646
680884984
894491619
598846902
684307991
347175821
899439701
194998176
934289250
470841303
227638717
298194452
38221850
574661290
460780315
102797761
48344628
379956153
760445147
904580930
78643207
679662672
835160675
677276418
653870962
535725332
289519611
612562030
184166039
188735173
806855915
434711775
997451640
893268936
540206199
310635249
2506546
503604473
958231748
382697750
633021862
284804070
630567817
110899922
145415501
618376957
672070672
414287422
624331067
78893338
241657386
545361748
892270001
204968348
847651087
246835385
96308163
880361753
916985314
403477356
208374404
117006186
880443430
234844232
317157720
559927333
368783326
11524286
459250406
594935713
955825914
469576468
462603046
969401452
286096866
550418294
743603468
962384675
195297694
310914449
68140590
588636791
844412260
839995609
936004625
654604243
188575887
560909719
597325022
462620966
672793319
258150183
82109520
789395428
676498585
811890640
360778250
246486879
43975338
120904695
796816739
683503820
484837195
987203805
779313569
479110722
769838862
348540565
98829495
8003535
471038074
165403522
316531698
621260868
871125105
347322154
237628488
2170761
904032786
743608330
316085520
848856722
761603438
28281448
229314566
521764253
527312863
945404726
638330891
154558758
135993370
318212560
300057184
213669731
677922978
46369353
87047349
93443452
872495168
384721745
96297511
934161961
707516956
757969866
826398543
636724535
178942527
743049046
372315625
96173508
936830579
959838083
941334805
78303685
895626273
13797125
564355210
528634252
58929076
930948581
873356179
529169134
458144225
387373722
622350577
377659820
25766690
901026950
835938382
460561790
276628893
945682846
48249111
29432961
141374063
113134051
87639802
638260080
165640033
194971525
892179752
61763483
53608919
410481270
205830769
107930277
916522568
782087946
265942369
930460223
534266487
307514768
884059214
768976161
618276411
279391776
616406903
985784699
861163364
641985972
330216752
115160994
200949533
573396977
602674842
251432089
427319108
596405895
715808493
58457052
163273102
145568450
949071518
320963151
894445196
995126240
848833474
742232265
643667692
967147653
565155988
411044016
475862535
249394192
629979952
615990208
144195845
495762611
334505972
932274586
673185156
197981562
424187083
537212678
965391633
294758350
817696629
766655813
297433286
194483822
573093791
873836045
888239790
978494534
205666531
536131730
709312500
938841822
807656392
685158412
856065559
902383192
892545657
451834794
839640382
172211014
919296301
872021322
652493075
564387979
435400492
263650215
607794758
470579561
464227815
611817747
947971613
756450772
670490618
272864893
890180141
306141505
537112641
879134488
666128794
830838241
429498459
355536306
733058140
346953625
330978955
178639498
534223139
144820894
286097035
273223698
41394408
618078503
284893880
732797237
679499410
851984294
651028246
920526496
707043641
886030092
98259891
812067264
573173248
992492677
249502491
491500644
259047546
564452141
176837355
720977065
369718322
226540595
289525584
367740308
375725062
542564062
911681659
475621332
134991149
850849410
444974278
699359478
96740652
571669672
726545504
189349210
401223957
880518797
682280792
232174741
639246483
815709315
908879285
485970443
70265267
175502053
658225732
663347423
827582913
745506952
680510338
423469515
867079982
141961392
314828768
258639090
561754507
492044946
373823140
511504735
113297014
359327011
34114875
171826888
703434109
427678525
570245078
987594084
420005517
313508704
268328876
374086123
509549060
445169598
341040665
710204388
994223142
81686034
605510547
642026700
100925642
263290020
308344919
946211080
545173306
602596279
428870374
95777575
880052463
792520817
126575737
69625122
782895090
838623792
64260664
958891018
200796482
219342018
996704512
892912541
820233932
232035064
450217336
706421781
264901341
729242074
333198374
890157925
739789663
667064885
932631901
398185183
38999140
81954711
952810717
747492473
843734193
682718259
781948920
506028579
563944297
46759638
694642415
530384354
40336781
673477548
534471576
282363807
509972518
550844139
176242521
989767455
787530176
647597670
828987258
112741582
373981662
617682640
141730003
133219919
953190355
773566097
804722606
179274019
724910424
762605686
903301293
956636901
907302896
530550386
186283651
939471991
904350063
464940538
519905831
555462787
456595818
481881388
628037461
551159059
575535025
460715066
414178144
143952871
177456607
780314959
647211729
62031658
111192316
254378046
122695566
96500122
755422099
245114969
952818897
241117912
941853610
581829133
649379871
815021482
140289350
980912030
529454411
816885880
20043560
748594774
807247660
609675590
961554249
711699940
288316380
374598372
983272958
200755091
91185310
722122069
286420812
362262118
579773459
41211971
870130997
599849513
564033247
128974962
829479783
848089592
382929272
581921753
996036797
719979230
441892385
369334447
201751639
46199844
710352316
376788535
809237381
433851728
241916405
896248890
56105239
895417924
404474986
938850732
852774015
428902705
984558146
32067479
15324519
807120568
384165325
409135832
444306527
975964044
947121396
176066753
461460819
422804360
729818393
296360743
756848375
291826545
679880224
200764981
325732591
885832917
446933900
520967183
96449969
355218893
691129322
82591268
755952867
642566219
132929746
720301596
916207755
517693046
972099102
858028810
541780303
848678036
775753302
624930582
807356519
697570621
59537137
379828494
352158363
134272509
5278742
95701551
208712070
674745082
716744149
155019496
573597217
281650426
791112310
146842720
361365348
10520864
121681979
631170886
396140754
409850748
540805125
704330861
517733541
644609329
723188620
480252089
694275424
283890694
414154444
3459871
237950111
939054319
330049256
441485824
174101079
212191253
203320386
822613175
165395114
621846870
894759345
923534978
872077858
5753514
687394730
488551705
969470271
372334337
78625688
81327596
361967301
733252650
321294736
809231236
856457968
953827508
828338260
739198800
169625112
253829615
614884494
496867844
878643441
853064020
604600769
654953092
555338638
198889034
862528638
897252589
999202040
226279733
265262137
421112020
897047394
11825062
428634153
14417623
799418733
728762826
47597535
869367890
559875537
399819832
314039483
557499172
466091875
182378113
418712343
163337886
987319466
983268607
222973701
794482256
307506011
469208344
89695696
575504285
731483931
768918301
279374102
116957485
870021487
432915275
143252965
281183640
291665648
673623466
952087602
657914195
807956965
475110575
789401133
638074268
574986210
531141335
610694064
488520347
242820126
766370112
163756810
721561771
207006076
93158056
175151940
431974780
604358592
981506751
296160948
227787166
965002
298136079
161710379
774313255
371558920
983815675
840312149
526280317
88824851
826586868
546609778
304111054
977379909
451586904
928187760
919787486
911454187
109007708
527101363
232854597
616509424
137503472
544326803
793710343
849880375
475410533
177261222
234192288
644187822
72843789
46633123
138986069
594462416
187590291
925146330
644975574
75968386
487425075
401846311
528141000
745401685
722676318
919186259
507464012
48723881
262588123
774634066
723196687
371870407
421559398
877052339
53790242
588943709
624996668
409736573
455409600
180204631
802694871
187354263
584259854
531077045
876316838
874418719
705428554
704406909
583510926
411283785
260165606
841225539
405594133
729523463
961359457
14724494
768614669
300442336
93977802
152899729
990473339
974733431
558186072
715749014
336976966
717461504
350442068
862819841
680436393
724216058
754968023
404067284
252799367
999145909
303594436
568110417
554661922
746804198
307635751
805537303
448755699
294582592
462710887
118375379
531118709
565530738
655567296
106699276
740811484
747249446
27877089
858057329
866266029
401195779
221879822
995972820
133050401
954970655
752641627
788093028
444527814
523424654
499687381
582689466
22325266
3196625
585548034
913657641
932014078
151645786
336697292
199024687
475241467
681617591
578389699
918970921
118103924
594219624
189395834
277793357
968235579
557883903
461790225
886013678
707795552
376713328
491450447
404173618
20593412
572691660
437073246
207739759
409455680
675694360
673965810
346018362
86428959
137010332
403846314
582327402
609799972
885203029
799221051
390706061
585685289
384091280
10242759
74878476
538393780
468053501
942962923
605741124
380294675
704730303
274793987
889048344
989172143
118267469
418865262
142843685
87815727
859565540
796915370
67051053
270186384
37951185
195055057
271203965
800527919
879227723
629164859
86916649
242463080
2512295
401115123
192134839
972088246
688927970
32781127
508290021
340449459
634388040
230600098
451380896
944439740
973564702
824619452
481948348
496818994
656043300
300356854
28256952
205029384
949967076
191747531
846937610
797633991
998846688
960516968
644003161
576960879
541499918
533421865
175590946
103398315
824331658
177040354
163587545
375469594
713697946
956497563
838243580
156221604
557189570
953079933
638520064
983281692
7067513
669809524
288870695
474989879
931722270
386391885
954815810
699703925
417073146
915798826
49842692
296508524
141110006
681566818
906435148
777161143
977439927
92339360
148008874
120309771
2336103
282486457
917887440
105146172
434993008
691124587
237191558
806420848
434941478
643310879
490682280
383707818
158993055
956226266
135838735
128711166
222288981
392412031
797128893
947616588
535226160
714073767
668581176
191354288
457174433
323411028
666752852
421881695
682960301
433016932
626128015
291807439
777753176
598606319
954881985
237290074
148740884
350965015
562401610
934550269
90526153
514694389
347007926
664644124
865295148
49246553
689555982
675074479
961685457
160218418
785029665
835889215
336685886
849271224
758177967
833049608
873201494
153830765
965933395
398908009
206608650
212922894
660203040
806323038
136853943
359073885
815402645
394583288
83373379
32253463
81782451
890220730
271058468
371051262
264313488
261585456
473984019
300385808
452595381
710544552
668428198
370307752
21294762
715005179
231410525
629721205
960419404
762680040
944849368
190335266
854055783
356991888
502480374
389564110
729684640
187519919
109639261
407355183
963159120
570278546
19841095
456471698
320957113
357677914
51399213
914253562
337210897
264060544
42342477
166383895
466911054
383487983
932107260
248294038
592755526
224162112
219038110
176552543
134119093
881274049
881532018
941143771
192306692
955640014
631776446
181091833
98762814
902504816
746510898
246457653
229952233
682455669
237489764
529097047
305844955
837816229
21677965
57512426
688972677
279601608
762971178
145315775
427940624
175544361
522953638
89731458
599923587
728599646
819858870
709607397
342397290
666441931
752756753
656688772
378517818
227646915
516678270
465161827
97330355
999353077
826194759
992957008
604687335
705471204
95635856
42172727
106082919
634155707
940628753
396804652
565575793
397302271
886890983
730529866
842888497
635776437
996532380
942939553
168278609
999928627
278332342
114580022
15371067
740006877
506403265
180608808
794562130
633978742
906693517
309796788
134133874
6044120
294099206
898630670
311129617
66303416
397460833
960042812
28617020
784350646
105345500
998923310
949748129
154903170
948119793
28941054
551874806
508826491
445350194
276625701
955221124
626819242
532863111
8483986
830504963
47435510
686275572
718041257
778943582
387823910
32477488
157593663
52415049
937469871
383885217
139480715
503510486
172510783
812308034
602505296
474389300
985312015
660813310
803364403
319655215
943550170
965173326
435184660
817146740
26855446
108750300
544020002
861083582
351217847
32703296
503138760
548772110
839415386
114174703
721209100
577957373
616705102
431877989
964649282
199687428
44502256
665971458
2987569
867570138
746298713
238855681
374006420
554232148
679508521
302402435
893107249
579995681
398924537
134962821
954186905
799447532
895199027
695875112
56167578
794292545
350237223
212726511
605113310
3835049
87165059
386790018
682779201
718820546
973437449
113657816
312640398
782290599
198392997
20605895
363600158
191665627
761759302
88474556
675652108
768171255
907971089
791296505
515456471
924527121
154184975
975070753
331560305
611524542
551953556
983112727
713581702
259602206
905164666
887720845
795499986
271313754
963561976
467597531
19585823
400576411
285171116
779668878
983543630
290959602
358143654
771065526
796665243
384034372
919800136
682085914
123324947
614711072
927451299
581969657
46814082
713722699
163443093
800785580
863633629
117446178
408551706
694524377
817986042
41856242
180966938
199515057
235147461
298584287
153709124
394323683
935155754
934946317
440396886
516824153
294804520
283676233
255629329
784380227
463884765
914667232
211853093
894104088
844819661
808839580
812905946
616106212
497635861
922727676
307635734
864681753
664000870
5135529
558344229
821893920
17200235
358753682
303982871
71800862
624386129
728820338
484709165
219795461
853037945
727153482
838665412
437719920
393248076
642792929
243902080
92632612
294306369
576363755
308221292
845112249
362573232
347507593
761181699
612068860
984218016
147609276
593403518
525284751
916417874
141469473
682296907
259332564
361864838
262392595
788998453
76730429
564414905
352519638
431686271
119577094
727199520
198037191
899180612
299416711
478577269
777392555
452286133
688354149
886177793
971656463
704597723
490508056
202528170
950546003
534801028
561908462
983400840
978065654
476029300
533797142
396150094
330489733
712972467
998129476
683600623
105521037
384458277
880941782
534383193
284280504
267632591
859821956
899787051
235773264
839238992
741485950
640422248
684455458
389650445
636963456
7564739
541270955
618746660
434183276
735347398
981535518
415307114
147901892
770354101
691397772
82391293
409847263
959630281
766164109
693071853
685685915
436967793
849808253
289867692
955715289
346984233
455067093
20789703
968051214
184656204
220230661
499898336
761941195
534598203
82421818
963955628
382759399
622195058
988062829
420921492
121885060
959213128
964784150
653696307
484595488
513882705
10994330
231196244
187772865
57966049
573665321
444759202
454589490
763964474
301840207
619518697
538944050
167894550
298089893
231669284
506373711
293935325
177075321
55874955
733053006
852801951
760488842
54363938
328115250
480115141
798762564
262090938
682521194
799290789
825398203
634870045
203232683
954209410
525359190
412020337
99223362
666842164
532088205
243057732
463723266
283901351
131913955
972215591
639117674
251642673
835309935
504005946
288649431
489350730
75660880
575111626
828622475
347861874
416748753
45085382
603022568
709298238
613745486
270304535
978730640
118957465
677779539
861415944
825980960
622689861
546690378
581573360
33006649
644680513
222832408
310834315
346523681
294460349
724792696
671288935
129075283
719803130
987996475
414504994
502966484
143663629
497358627
398545597
151060473
263620449
432737454
676957701
600879296
597847283
711098007
390947128
103701285
32289898
241540469
817767310
905989693
332203846
467501922
886783246
340079086
646742851
476414927
407716319
878780852
971861452
81153104
408891457
382661147
689478457
88714660
158382
747489049
245407975
126705240
881485706
722697563
198263081
89108316
706094388
650721264
837166137
924072621
407029661
32695406
111841705
920417995
497164851
352043300
188542985
953431218
615562115
800633731
651172898
24171579
810805235
368838052
102845248
710592544
188359301
452223750
723537925
706683116
587333888
876423475
377772069
203501302
537139033
902771909
764221198
395501954
181500372
303998168
402687265
159469790
15682636
502854204
35270728
414628410
40121682
62832523
157203023
43926216
695374620
120247935
91119490
629090379
354143681
186617491
745796876
215270654
822789675
733994255
306815200
157624537
401892277
56128744
678140261
674672562
392273089
636048104
837029922
435598218
687010711
252832253
837498768
332877202
708110522
785957012
838953042
118104981
386715352
145733596
500727557
984381503
166074695
905387960
650817844
458343038
256608163
708204116
178059003
891709283
928301933
448558281
874122485
430713353
714695054
479410240
596450488
958496859
543479054
754117066
126909571
880449928
929086896
384295797
474466172
133828602
16854054
819524281
756479555
626387842
818877952
764260175
644158036
24502827
220237371
851998080
314920251
61029921
332261926
432742946
270284735
366382644
156572194
340994026
758367708
481117381
61824701
264214513
144694443
741831175
294690107
867646630
366994521
231024335
265995519
190716156
270215091
717710629
724745282
272402935
467226020
802521186
83616084
175753047
4487649
206683830
372886736
10417171
542888949
588311709
702186754
209158339
951662934
369745151
186708503
204881140
366332507
40761701
332097262
183093842
837104774
220480097
491165776
489763361
52903017
159603184
119326186
249052753
588736626
507027446
692494053
374026591
102631708
968501901
429703358
977900430
89751669
483540145
37672461
234727899
202754805
344482311
139627674
441827195
356536376
175021030
415944571
717281666
416018826
455325478
114739732
452732907
125500888
765785144
799446328
898848574
95435864
643871820
855288995
750319454
473817553
91418599
760025597
315886460
544494077
38075565
307869624
818943854
943645739
157943217
500960657
832337504
487112087
470812665
830458485
18883101
234949659
807578655
126730518
99381498
370162854
371574880
844834783
85372133
959980065
792491803
593112576
895466258
286015620
471827394
667675522
426334999
91225461
469302019
647660306
628783774
340784860
860157938
222177432
911202957
677480920
119518124
921557384
659492706
301591858
301256018
971453948
168876608
103869430
255392700
995001496
390549260
150451624
284454831
73267143
44191779
577786713
709981069
735913666
316238139
319374710
573058373
984878021
426542437
653613814
688823744
746709905
441272511
504020173
268437589
196002550
132139135
338097153
67668577
983475402
329291882
658035450
561224366
170541582
213048808
752508892
157818318
855189681
355044004
906386404
552543365
950289777
103528424
270678857
554620566
713275094
126329406
818764021
518350699
132992683
891883610
595980932
713102561
200017769
459396983
275339986
344380147
306430649
199096996
552907979
628796043
645549980
506869763
30537948
740955077
465046844
769849840
544723401
261176239
443949251
763773774
949745122
679415197
273765663
93075013
532504886
899439048
666094804
587981230
752591740
478231766
61084791
152906878
554790745
118605029
748576810
861077856
205669724
891288362
685010382
220882809
454631837
487991732
761308626
795505113
71039877
787113389
179986677
347115479
942748900
423975602
861763598
782404645
213141621
911892480
754535806
227727241
992082044
119324105
83840998
312454714
901280273
387072811
957372217
261007414
80980421
214483138
670204242
204415669
595167105
351770349
405628912
491954872
29945746
305471273
589583720
8078720
294375474
461406606
605013597
816985416
75807915
115131684
921976248
887257384
854609123
496132592
69846249
774020205
259513872
761421974
128516666
816457167
373960364
531079902
247142662
180901291
963767136
719840256
172348466
179087349
956301707
157716229
175443578
283146050
172896890
582574049
541623521
53016316
661877165
599817993
360152183
921877791
310034495
858516361
345468946
502193742
935406139
393043997
282692535
203096999
210069741
918965951
661045951
974383807
354300888
284638335
121947738
422193280
218210157
611748304
273756031
416367584
378045980
514152535
296810466
359753101
530682532
1831294
336127538
506276589
66966476
1356335
535386950
145510473
323859420
287010477
938341362
357300183
628711593
792232278
254142428
536293119
450951772
245615087
4625570
732352129
136151701
692112617
68069280
803166060
9213047
165094578
753358548
610935425
85646189
633099322
997039218
572487495
683743282
278805907
40604703
425807768
909464707
552813597
141413750
842803902
735142503
880338550
29498575
645037138
168106369
637993320
24606282
633278085
75073737
308479053
797434560
595313177
929537613
764249916
112041723
946837192
327373460
828998588
755385753
173689619
41496426
522404316
581767715
309794349
862365739
463778815
188480925
560543993
343687035
520527513
70352774
42770027
350172136
530421762
426121544
779958557
891940273
644391443
774734620
90694654
713493607
853876794
533241519
319069800
398583388
109939721
976640256
574201727
956266683
412300465
536256921
748227855
562365249
830782067
967362499
514208272
230507534
248778659
799143504
993888059
244200702
914270904
775084816
707946435
728456381
812543474
346347857
115801923
900525304
706933977
451333794
140603808
309740267
341782877
937133673
664532103
157597827
843018198
948687044
872028661
736588522
200319836
440227443
593803619
612905016
610924845
72793443
268292396
88899875
712471898
795133514
153237854
269229594
443141324
824738538
728462642
148707027
714897059
363020617
311824135
54222358
252659
374010521
103337975
525809158
918457810
980873654
991952402
302473490
385115288
19470356
583238221
702616903
24028840
681273049
492618342
173342368
95136402
766667252
746291826
918482131
699396043
425425753
981279705
75348517
888372280
28594542
52136709
350200763
437839524
125845664
341052888
261673916
708564898
484560901
798688452
949114931
763786935
638103112
705746688
81452558
558432005
25199980
404315728
590429143
716205955
256305127
809720507
894693406
535468911
180329446
225450049
450141908
882295319
804138881
338817087
648642801
184538643
528641979
211448387
281943624
20923991
972794430
911353973
88517397
514848962
743417357
592942820
866328118
454729298
863797959
263546258
372184952
197631408
136618622
477016164
157991451
246005795
389337552
823862478
2169632
278316388
837196608
696755186
590455355
753860393
375157925
415005064
440670874
478501512
807311292
125285233
806363956
271854493
411190352
224206310
638438283
534690410
88389780
691897063
970831391
996971539
65584234
521143590
611418027
768936482
257105057
740062184
605394542
355602070
428212243
664065571
426595438
791131713
215750574
741235870
21249584
831748685
982237419
9101614
867598841
441356776
679574399
365228289
298658301
493711491
253326127
763944508
812937639
967722998
750386293
573437543
994504615
891638373
849308624
615728755
836759016
702283372
460546922
340483902
253597506
93413633
293646386
473005039
144730948
866284016
516386672
140457197
238718049
215467656
307636893
835385596
108544541
771334746
325879546
417547576
988635917
599278562
765600414
514817521
326734711
58236416
275868586
668082160
722145948
907101521
373332707
24601906
421360761
356576366
269054353
188109713
476973711
323188087
876158289
227124709
713989641
994866505
350297090
257122729
115947779
15951670
917250607
297150454
925379127
832213683
395392381
221251747
634987358
119386324
486235538
571843362
470370866
420992243
478272825
517513023
224023994
142376298
5944690
387945682
763373579
293985312
148667751
633919707
572919165
807666029
343245485
860622905
263213412
488400557
895257389
944233718
135793980
961427784
240266520
572648738
651025234
592887332
883296791
744460741
5111323
438871014
890024494
422968239
70528855
154057984
787582319
329155048
569689411
853989697
548839112
266561644
533783631
245931589
15880547
419531755
237764622
149076635
306588277
877783595
712486070
736874205
812087068
553250812
548927511
67560340
382639788
765847624
453012652
682910759
985698449
920340142
453593190
724885123
310940293
622842064
445791558
217177038
644296412
65879593
46516310
582238798
382727403
781532690
9870108
290292720
321367819
652887760
325255491
552655712
506896611
918870430
548446158
411637739
135938991
87339424
266401066
333713083
477299779
709327870
116066874
47723010
326933814
592191989
909588482
347410505
397404712
588621816
92479033
108755792
917938989
91550216
409249244
700988978
764164986
892789248
414211694
622050290
762400201
292168745
688853832
149294988
319849721
960660611
150333752
353872544
185738179
151071402
736179679
921643501
267339927
580009648
156462312
412279869
629303208
851845381
212017911
393134154
300714797
514053377
816459457
751000315
765969321
773471333
522395464
284123042
266120334
625760100
394587457
864411824
799450978
656763267
429751895
850215511
758306542
773756056
787283242
266330410
137982478
967412737
689683608
880892373
227546708
397862918
563169004
471475768
6245674
4018406
45619139
347118474
711908321
686968416
936644589
462848327
97667083
182600222
394764497
190274186
95036276
219016758
970218219
361421825
333433158
341288781
163622673
776937396
481495446
878689774
28719829
349094736
160534637
676205645
295391493
61576605
825785291
120029309
63947761
210389131
195874476
796678488
431544940
386885900
957002066
135514517
788349830
928453341
624226225
194328513
79118408
475157301
445306462
577670792
441629329
635473523
823111355
621406488
762187205
307440729
574645573
53821765
974924225
529530432
585477325
172569637
271829878
63235614
176230048
232350259
38243079
35385672
929434047
613117472
623929008
262161277
775905248
399301135
892448601
633801676
79021809
327283476
876051664
735153678
854875181
122030182
989619266
982042974
413636118
267408584
195382405
66319857
399660486
116023783
952390796
22705272
884273213
325315134
216581729
408228007
64822241
600257208
635968403
666300619
148606119
108782950
471029437
772400435
911712084
479632164
393567156
319646676
234148590
520705559
371638457
319410536
931609205
426057605
184509076
177947292
761669939
268036007
864285881
195305083
285756911
300784187
88946283
167068809
657830342
677723653
696642729
149480495
800609784
637803413
915544061
539815793
517321227
425865090
617697633
490467303
788045254
270125273
582000638
86281830
217299435
355985664
690096134
369141423
292999084
348632953
53318339
170617574
295375437
172399529
186388830
732552288
243850344
939532414
547007592
842133090
747916128
385040432
165585979
578607445
398105397
158245391
309373322
702991237
106833846
133613440
158750281
613441917
885386846
528573249
690257972
529960248
441653266
97112866
16024558
268749390
877613347
869156149
420608075
756692395
627152605
965266348
301643624
289698894
591370803
210817640
345231665
587927089
991459425
767903563
744713859
561626118
742383039
992567540
399360766
111987582
371912756
163594828
862404289
151306580
841064183
431124770
825444277
144993610
596823862
634204891
544995143
258301541
509697337
132802334
529529061
778736889
664383084
142458567
957894641
724752657
773238104
387145986
879609548
489653608
462871856
187864693
88652885
889241382
941552732
339531205
863064023
103117039
234034513
340865655
65159025
799238520
245596291
3579626
730487295
509928222
224802260
979033208
78946353
84540627
448574333
7050411
889066043
803121308
801834869
352459673
233136426
262892711
762942815
397070318
337396839
332727775
383448800
483092571
525486872
851153669
332362421
145482942
517995991
448274557
378962054
254845585
585499304
278032566
530531727
42611603
284632846
217666822
589334787
391407664
322677318
863980463
570916300
151944770
832131026
321892255
639182815
171544922
86607621
268585538
357895221
576814007
64310801
265497299
923530628
900448311
73821466
185842756
311910986
606422620
24652818
417534293
231801117
825254691
755103508
92569842
307018607
207616581
85786068
157687969
241574932
535339801
285699600
711745989
185271296
649868026
442992934
448161077
880196801
466135395
91430351
969813633
120399983
13673693
414854135
473014947
838019711
244102836
785069693
32423663
647608991
632487657
754201193
138380861
182547046
838424800
188345177
897580254
353415346
142465639
407435594
669163643
297259761
217892454
802925959
701036896
642727954
492335885
642116783
455636874
541459772
595422610
198629435
639532197
849257637
610905215
295718518
383745521
425816335
994934929
696533131
598197230
932409950
288082711
617924409
253710163
602453932
636191205
143793879
219962129
353829941
320073222
886023596
551769747
147417920
537776629
372003856
357243421
920826032
146598495
378957868
614536175
238584413
210306383
47406903
729615082
64621257
441406971
415276142
436233491
895575346
316880412
40111668
94266891
253427999
645777015
18781296
991591575
411148595
510359535
437495610
663143880
643918040
841988933
592566716
445587964
30099059
99627041
470589290
156109960
42251325
404699202
223693240
217421456
927007211
148469487
467634306
188289372
788833468
891225711
495856910
786842230
272312313
145170522
235145565
25399373
51364591
222071336
416016193
757122500
179676703
635012411
22750708
665471885
858048572
199925332
434150279
625177384
496928498
982574022
709196766
478207523
673206061
26587747
703055355
711870407
138330890
970819074
336615849
561825419
881543344
572529471
550523242
258010523
178131507
868774830
778530755
80766636
226171152
771748063
900682134
900384531
460448052
443747523
299751483
300679618
409708574
349080795
716826113
535948561
222954909
617329038
540456607
806921348
634445751
781278623
957304806
946269988
147393705
471186406
895786242
446823367
559153455
282869987
97963093
381471618
323549681
449679596
950472936
228882942
212504037
948963007
107964759
102264301
230156474
127878278
725493242
901619006
485101338
593745668
202430664
260553795
829344211
107147625
983076996
47924712
223559959
775292126
449289232
909234676
501793687
18197171
414735006
231488369
423559202
192895506
994405676
128590267
891328431
252214681
180386733
12906997
598562631
97933883
995363761
169815910
944195091
804887408
40557586
97522119
183125448
150833735
290448382
874008353
737087840
204836663
704326403
262272599
537875602
424065209
816110964
189015641
425679740
633233180
60857689
140398214
909492506
898107561
776285187
636092500
479976777
241922226
807280464
99566714
791928927
437692413
331175979
448921214
661913638
337588052
797172941
705821297
779680986
555533885
62661788
547111777
105994427
583021753
307031007
280863283
69124460
889490722
129907255
271934673
416247753
829291532
126578098
83146277
972904374
323433587
169275469
148732530
568035005
839824048
556230231
877643677
823440085
860981507
948228528
386104864
698920861
102449352
912109508
836604477
196884200
757410921
860378696
205520845
901175564
656023957
597412413
129203180
176871287
810722026
735352009
454477668
525423990
679434165
423548279
907055766
367543640
994757957
418424911
953896539
799610317
252081457
262153838
589169250
316544530
322387940
307499203
64097003
432941063
125032610
916418354
341086525
481848063
133832518
744440023
63628133
690722621
574063466
654713445
628644604
346565184
760534197
667773923
414449427
780863555
636392203
988236151
292314836
181815224
269725606
824263807
241935440
378390832
299472315
941046571
886103440
788055476
111533882
405412680
336549530
317040515
46641982
919762930
533378887
756042140
480730387
891513036
204250556
603412137
363417405
879581379
285687729
750828820
435806843
233210848
954991878
419956546
904019521
876186102
596358581
684513979
389439579
258995556
76438886
875143796
754091911
631935698
424924699
472579065
287695113
524749078
848495598
901707675
916987016
713609023
170302802
709012987
793325280
189125638
505772359
670495179
533132502
868438432
889317759
538999176
351799524
734817682
281404830
603605050
295500434
889277272
222298456
263866858
705717825
310384194
416049504
167549846
417111759
412223733
546297933
650358453
593866153
575646991
430903942
917764508
870268859
480503270
240226460
632653499
939343416
908261110
769634068
878117335
694748762
435815525
814704458
334507325
480640437
468793955
298068631
568656127
743560061
636199225
335683557
491251411
994417338
790016242
551533759
535853005
994976175
931353770
71268167
358765990
980140662
553095790
533341505
679934876
480804197
425459873
780469999
652477083
812479489
10118097
209762236
152868632
813571987
187995109
585700503
985302370
7285173
988117788
95475527
720643978
364784185
952768189
839230121
600870227
732602850
140056796
367263977
868168
667994846
63674768
104947355
490339946
533339224
171020549
789772112
395224712
444894523
679136516
300640967
877886301
219354363
826643767
854898559
859407710
629228754
466180785
439058687
609832567
424019033
215103224
68919080
895634766
377975196
263162672
996514613
997491649
845119915
104207052
78418127
163909271
1999669
439995906
600804322
350323380
553482644
46459684
20816919
357056564
174179243
359025642
965932079
846405868
985383095
213774901
453989816
376971481
36857148
754457319
411900230
340307019
49978260
732244013
573212957
542709320
194652352
317069804
51340486
959924092
903476822
592332020
652607824
223368641
221706242
42096390
785529063
989200926
499350225
629997802
318844019
207514009
950851184
467647866
566335567
685413659
783020366
119862260
689040449
838824045
291535814
434454831
80080529
603755555
722585182
886909315
661780428
571676601
417760514
535791107
742590582
881462159
423418784
931792508
667630939
756171856
590888474
245283329
125473308
589590487
23732653
104380961
511687345
708308326
671632230
807765632
476972579
50574600
847975798
267069545
685758176
819527435
313106543
609182889
732111170
606096315
853520738
359156648
454106755
215451124
638751161
261568646
471799528
462019994
230861896
121678896
894219320
32124199
264944614
755203516
222106220
869280994
899248359
503337433
956851747
375305164
891771280
312831040
753888245
954163920
590519956
177782507
649631711
421483128
342963111
262169563
751109609
488610511
605521846
720926886
289059074
194336033
815917225
964075445
377965825
717923303
672960114
357720955
557745194
627628808
537531402
738053856
503914409
687972947
833000359
749342486
893040894
564378035
667397030
968286350
617775653
1701014
818670970
729476830
965369272
300840373
228522210
856872320
552506786
495548641
664743217
151843583
292143942
370838372
123264013
597153889
50923960
290295328
927676734
816379934
506524504
256040018
169480554
237565312
634639577
171962473
832829398
905588952
39693279
466035965
664729354
392803339
545551461
180764786
860380019
127129899
386070442
373330773
220104527
87022034
549879221
3131348
460106011
426519138
290404238
718090666
28517337
127130480
808698788
98671990
77729663
130917553
136040682
884060077
518184888
943036425
668721351
537963213
299552808
242871920
834502852
983408320
160440407
427923503
634249109
947926960
122393180
388834060
859635163
217199553
678824810
629118157
914006986
63395774
404484351
318337735
691167598
597528317
956587644
594056561
220610637
219751438
122570524
740329206
164132275
842891042
15563083
526397756
402263284
632761941
249223672
289521652
460986349
593233920
726640698
105018535
766901052
239001392
877399550
609687416
656154063
165885017
695175631
618796873
6344126
426916387
747650003
236647424
192630486
510715273
189775712
522666258
149720737
795082071
376735397
452754271
291736557
432495976
997172284
514310753
661050741
562156183
551437230
818193949
753397871
358363371
997913202
401685828
478418016
335190605
470903600
140070263
442843523
565414801
76702777
812578659
138844075
482284769
400395805
364515526
549759604
387067945
740667081
83516719
786325912
741621669
226156925
21805580
935836467
73514039
528900365
691693473
176843348
406930626
128566217
198153133
801572811
771217577
21269108
377997723
570503158
612213717
722786066
858598307
276288580
69131611
236751642
249621832
681582464
844146341
687856622
982448086
675770234
76175262
191557895
523905083
485753197
564172422
858694032
382363707
205628589
472861157
430096453
388828454
36676213
701606947
273742750
508045725
139778401
545023986
292174672
631234538
604061488
351291816
689425267
961475355
502853285
560594421
693007403
727485474
114698670
325552748
594175972
441278156
648389946
336205523
564483605
575635802
599258574
55154437
522728118
282622698
358368684
521004570
570303594
139178655
403520062
616094016
231276609
883567502
377296878
695955805
611863731
840524015
562284828
459610167
80033908
458146146
694723256
263255689
516092388
545022339
340926802
727834275
549848781
428023187
720979719
164039217
821169010
520365366
371200837
297986207
470266886
347465443
674151717
648800800
67417422
694916500
997906160
308056608
592180656
768485881
645662620
417767491
800946801
323896795
268519662
4629710
567826489
465944454
351817782
489431615
345177401
767683131
875080560
159029457
900684790
630622037
652304673
648454934
498547087
276862131
166351764
344147180
466379106
748240978
390364549
489765159
381714082
773573932
232751745
804599803
41267197
823852052
463473830
188294224
148163330
401489612
417596296
27960148
380171250
137077294
976663458
141706050
542768675
968776113
239653657
584018721
374191129
805844630
683745334
576531666
84952674
169192461
11575484
820051332
909202422
964032840
274300586
981449653
951996766
818813366
134586389
446485598
624878502
566129555
741829366
594383974
639978299
966363002
689780057
414090400
754934442
609497560
457396969
959423428
687250038
238065013
354111610
516208068
520329544
477390751
416249865
895940106
160107674
380697682
910407287
890705198
54822704
231080157
342809530
147470564
566467605
797837597
660451381
302501637
408317703
514999573
795913692
95527221
135918533
345769224
52980605
205365922
196623763
730645097
129762497
821296329
949914709
627797009
479430402
156776871
395291397
664559999
504412929
224936079
298426642
153464173
759311481
193270908
92431516
530742674
692048910
87867128
388012143
969471510
941952734
153657958
872553972
645789592
888975212
488168489
71767557
714590565
257327018
781708537
633351347
430278822
968422383
4735922
116620236
933520975
682502850
509319333
973115403
234865891
535722998
543836405
305110365
597318461
271718645
910206143
532458423
874430358
587022966
140094583
150001779
163990343
14016956
70105038
41508160
786932991
298146130
462373940
388867321
572166615
211206127
278025106
598512443
864086958
669598288
849698949
152441702
334303088
585027073
122198839
384740927
541748772
477778959
827448800
652386382
699864226
317082259
280753118
123315935
105064256
988860742
317149698
757902965
267688295
50733342
101198356
412880178
980086713
751169077
687251092
639217073
884231171
41758889
529083858
713675705
663887926
573564344
793513905
661114048
409727686
727267421
501172908
683046530
427051449
420131566
855859932
613208436
673395579
177421351
430414523
707440047
140719099
728594947
930282089
648290703
296376455
860523939
696404086
246248827
513415119
249698522
620632116
792303629
401198923
454459403
436366625
68648463
893906707
620564776
747029282
837684056
750556528
864537565
335382397
464532934
851496121
756866276
816246743
792690413
507512574
37144438
521487110
383956960
723164936
414291483
916462318
938496312
809400527
478763977
31129373
203395107
745525534
976776000
901202763
47205108
224260560
962059730
436005314
210412063
662363035
21255324
195313011
491468671
111441806
231372786
588558726
112740465
244999143
568842646
268965335
901604164
651174545
424906600
184107940
255705039
889810827
735562492
202136930
228014181
559869270
787341395
530411407
623553694
376250379
347830056
72978792
641722060
792919578
724263221
540897003
183714714
637496175
841548946
609164683
525224794
893325246
678695782
235624824
350833114
314126921
70307548
540352755
126973728
693636429
663750870
362921724
587913114
258699442
479635211
488059646
887374340
838524802
256116157
874728926
950757461
67887367
979394789
772034864
422335268
317420739
833364018
143314216
555617617
612266651
495932601
968685092
62707637
528711582
962657583
857963939
659745323
434031934
553111835
786935960
346157918
902146440
927162597
21233716
109691910
402652650
123721484
868998832
894153164
328367758
133376344
42815845
459588564
103380264
935838685
739965103
657482207
703707560
262665402
251730318
906163914
502098622
567419412
720627578
537805470
62543518
385715800
166448972
417895498
296438394
794243471
187891279
395627281
657677207
137410410
20670897
352870814
762135308
779171557
446687295
39118400
478403084
112409528
298459578
976206542
517897495
499416100
342547427
502522401
885582665
89173968
475639784
421062635
57855714
322435417
211779992
361103866
467559666
651479022
108219290
69852506
619345111
158514524
604818379
956437401
111850565
823003295
943741363
90725689
904022558
681452200
118532312
916215080
556746116
674401199
414173040
398136233
198573546
961322211
433941761
44459552
214536455
790567192
74727365
357050156
963499060
666789360
207789638
319524659
724737752
337733045
759980883
925056448
471101070
301225795
595289917
615741380
156214629
923263714
327673457
313891633
419580838
389484845
154915658
813758413
211039619
515304570
106538315
267086874
439969963
228305076
621763242
177998103
724217616
111285999
422345068
69923711
480849859
649691845
221737535
381798660
241961119
218027241
815599960
635382673
718101785
594242874
639848480
115935165
271988078
172693840
125547511
821339241
731852092
140715298
297701972
327124454
569852462
758355520
995582283
380780185
444730773
452395732
107823735
379182369
184168050
466879238
16536310
31963534
292138787
756323425
612901107
200825370
57623331
233265805
859006389
728232927
422182157
16634492
816443001
820770472
41129910
478225963
681765986
930437094
488493050
722282587
82966551
428406195
976821797
443725571
723224013
467529197
611457628
644626913
736603930
173920088
373561169
467042628
529345699
793433699
573701886
996986455
667762865
849015016
592663366
390313428
11386024
279020445
699828716
395417045
450021007
24642064
140005694
61472269
435845293
150625189
202407828
694332391
901568799
248324551
626243716
140919333
625412380
670733268
891716405
749417210
258932568
396239653
967415047
98559598
371719719
418332551
327614891
156821710
623446370
529864381
931067647
132246085
885023651
267076961
292026635
497208884
742335296
794839027
348580518
941786660
531863331
157074022
79467689
180073862
311276114
501814610
659192157
943733159
398066464
567343729
545435521
640997195
197114820
533302867
192564458
200953232
675323504
776094122
19887095
964082784
994007811
906927365
9764196
391661546
902356211
322120537
146026686
968679122
20920507
328658039
226955935
965173231
445757983
779810557
625519792
887978899
936902450
828276852
418678460
506402381
43665090
222454403
46652778
987921278
986607394
247506480
757747450
719017161
926930773
89824475
272649737
362744585
488671734
684373962
743465513
293895966
678244444
548828448
43170110
14939913
624718252
521553815
979138294
750169552
639835345
670342895
777694185
451854931
263444350
788487490
850461406
614130896
311388880
23843339
337691361
91862970
507295403
503645647
618525956
317553407
572907624
547283479
438531741
932967403
443611274
317989633
208522128
387518758
7825570
609144638
401559831
43506046
580755540
20691926
650657391
478334291
32856314
411051292
291242668
14489588
292193407
677745310
581570930
691101918
352994477
623603399
663094512
480670021
213762709
379008807
541783922
133549827
391433862
374252044
743634317
774489674
810633008
759941886
45190367
472441701
975302651
864607723
564259121
302551178
892135314
159647810
315040558
35028678
679003565
533249212
602919441
532177866
861021199
813588668
398688141
451702883
873326328
956280223
833680965
76601493
1745787
942416154
83927355
555584275
421907242
176315351
397447166
4893887
683760821
972971912
41351611
759617298
665426929
298933118
763465727
162855765
392884137
590124248
945202322
520410831
207839083
309193928
986045546
770789983
857505732
586809237
73852158
178222310
48591099
729956293
8706766
166523778
499604274
711022283
338818362
942979979
734030933
403004255
425007278
903663917
250809883
448352685
323780439
122201494
135389858
523492842
37849428
156545203
827610999
394074869
785797115
954216862
727399116
545810871
338149128
933114350
998762467
263683093
833540285
820723888
654770031
313969419
769440037
131750916
322538538
642016736
317812287
281320981
830127946
768428260
487681665
858364192
139490063
759771263
124365892
667570005
324052637
152462507
287286364
139882778
964307668
710698002
81752975
181572954
7803158
928913390
747618163
627555945
188337768
963335674
501578523
726467481
291372766
308136322
599939417
648970636
872733247
783934964
8142958
411432462
109222725
46824995
222024865
753669922
778977850
573811570
287435745
626457523
462354018
393526441
145167651
350764284
665959712
859607687
809900291
478861222
111648668
661375367
660473758
658065893
416249289
805369549
211561943
785716883
737063547
151138141
828334920
839942810
387342092
612359570
280004326
70353574
7667688
959441390
248529489
403279855
377916203
251986480
530011421
219249045
288838705
903885210
717154394
782532296
507900443
631993486
333530270
545998126
349236494
491296281
42000912
961634010
18963016
157689496
580424351
323227462
5461672
713481204
418179877
557974321
714561306
225225636
911269643
543677173
416179394
84738769
87360474
566435866
330417732
943207842
821880244
267975940
210269710
975993073
785608490
739177659
617593496
460520238
592791077
965814330
392906881
242203625
891650790
188654876
111263974
85434197
558644477
787568645
862437738
869213010
119897687
304335049
496960984
285728778
714361894
208491845
450519314
785295200
723944371
676805587
684591074
335639178
11541006
258719927
60741516
772656423
182306523
95866388
491596313
287578524
5510864
379640765
794848812
230159702
45153234
607415131
782959947
96115281
75478944
837583817
130436592
861367901
560071436
317276164
608909511
19840923
924263894
255644116
110047111
702712434
627777860
165356989
540676074
455493768
977650404
917152144
281679312
818916861
502964941
800012887
657108420
510306863
879786569
596428929
921257259
316192905
47905139
498718021
404844208
237860818
504333285
456045792
984563611
208191163
34612822
965181905
575226728
774732503
262409309
293076837
197429847
712082232
162082715
292298118
548133017
731090537
603062868
453478729
136053696
470390028
807089042
913618603
790088586
565955062
239696203
92031064
304048719
270029128
882710579
320602464
403845344
785319864
990422883
914917070
256403199
123400287
683403533
42735718
191446688
694057205
391428543
926997509
147604140
64755738
730621828
598847716
105083270
927446891
689135283
657475944
226694161
349809237
263890344
14909576
31867303
760352921
438171342
102821354
573495490
853287342
911286273
449399117
704677489
378561074
570799885
426802524
130205921
123163666
843039969
310411833
909882212
512882403
854571491
655918496
984781429
542220682
882655346
938752410
13778381
498729501
120561163
162445659
982745875
401086445
730428909
925990652
600974931
665985632
485692004
840776370
589569841
901626676
964941712
346528481
727350695
357312321
70625398
576351333
873751397
356889555
616136787
591390020
831206453
225480137
576668466
842234115
237421081
582789239
621619786
737947732
221392297
803466578
215486094
998054796
360707180
272160800
214216663
176251643
787090599
783279498
551570095
645628517
834021018
651630809
298583706
724657247
770744714
767203106
373225300
932407717
69495917
253513764
641518946
712935582
286119784
692480660
784799760
745836845
887606126
601993739
69328458
552213830
962477814
719729705
207486036
291542399
52667209
979598630
82297659
192012123
793242329
747198838
257991880
988190753
815166953
659261907
94174227
590296279
337711685
295702061
11386691
439581838
330151242
218166460
66500906
319988239
929285583
975657576
51378494
297047560
735529088
883210114
898146618
339453756
430295763
322259297
687214044
30377984
211385128
388125548
91144390
778673461
849229919
260548151
325848674
247309276
226833525
415360471
564998627
24844202
628849549
324545121
318672609
907498146
484743746
778926804
986579929
617744861
504294757
516070540
463777487
797332144
92936065
429500487
90009723
519299608
446823911
317014864
813781557
932444361
30632989
830393111
775862432
252835955
557330115
95763982
151437103
291757468
747574369
238308493
290118587
438764437
775573442
38263395
117488262
448641066
131308920
817990217
133559802
863266117
886171306
495139313
850677498
762255683
509549940
409324614
98926910
537734699
627240137
925681336
133960573
124288092
22325302
834944144
788563937
732194338
589675350
775747830
750191835
111237833
895058223
360913644
557103764
26672477
215453010
633063244
871804959
808053468
688040579
2648660
243841667
644683713
674297661
878027262
182811791
648163950
366090816
405649182
807070211
72334471
594879819
400415781
727434828
886792834
827948209
234000270
217644480
954662795
323840639
782142656
764555761
507679665
443050827
473109002
730320033
578281319
621498853
809079965
12300141
481098399
312820659
742698519
519957890
239562621
704825265
975175984
127682090
698701631
553321566
104636548
70183662
860388243
580823538
752058609
978540823
145372805
420747139
881650013
756448714
230838134
584257486
610594512
428148752
520523200
718615576
499927483
679402687
114805507
839036186
740808128
280686303
361913568
385284820
752362863
112552427
189872090
155238603
352551748
455449930
789952249
704679211
38693540
911094087
52547893
443878375
206850611
128665791
967686840
484125582
281870139
873985547
534928318
161972112
644251531
473520666
796656153
234574809
351301345
974924292
957802307
453685460
109112444
158621201
62528815
280720897
580640985
142327156
547094549
689221119
380997686
694576243
700816691
477052503
106410846
180328157
524944969
491712069
828470523
377447282
782546197
306193995
748062186
327395221
101263248
143321963
296799444
961594538
935565637
213422617
257395916
343612421
294325288
469361399
524910495
548718233
99318165
252935648
612280692
346165862
762557409
405189300
287265708
566558355
424150307
660784080
711108364
199908730
828455995
289374075
13538576
201596559
496286659
350127710
901373249
323024498
530040908
105955417
504000078
488193708
280641010
728441684
387885630
196324674
516606865
9669065
635773707
355014942
258043910
733411601
850782641
890506892
334341311
486871670
809949609
300726087
749618014
326482404
495044700
775565235
253392819
439905633
677454768
37286782
637086635
991009462
595142664
241046347
961757812
981842384
217315470
951610377
113329883
114502906
285492675
263137664
618583526
878908501
682482028
300255838
189680119
778024924
450892988
116027115
698870224
114041957
325206867
758462660
540850413
51704781
282801060
190774813
40084735
436115453
699225085
353391438
870610806
558839503
140315099
50702587
156664006
316714439
899714410
141205060
514190668
252859294
557019898
500434965
507511189
592543310
683743423
863638632
968889679
374227796
11206909
166849776
125610336
44470126
488084576
253791318
764527121
984735331
933972132
83740057
821956838
356963310
110002353
896344464
103193755
20952427
731772609
425496957
442144375
350854560
796920353
970391963
690345320
639517342
17506041
384165063
450227295
197705609
451371629
474735591
739270996
393980194
238053611
533320543
749462940
564148888
307582786
249437176
889305361
634946003
965073466
160787120
112030214
813195518
746818396
127589453
144891085
463709063
406355210
563695125
666151708
799219511
288493345
287363372
692715898
654102175
376186295
44902017
990147018
297548410
730464090
952097352
312810976
301235136
633553110
273083908
690338543
174019707
736126575
987963268
625663956
787354892
565595926
641597381
118159669
592665260
222160874
925091630
611891763
660010143
163764048
375536367
790461265
353293410
126089429
137456736
775212129
551919748
75354091
105493388
470970452
245091678
844339094
872411517
834028916
307503589
349882199
588171686
77695483
388109617
21934444
398361140
274470628
738943962
309918169
80812049
589436784
202112437
629865956
178335784
618773537
694497336
584555831
934967217
947999323
275450555
801009073
66351992
640489081
410085400
736257202
614386460
345789200
904583641
596051395
973658275
257975400
971641430
123673226
401191768
410057629
891924197
344907329
968441031
70938793
465984235
263725800
187762816
17684516
310471733
803965059
983167886
49805203
688338634
942075041
480509757
607671084
240476640
467581735
782533859
960721806
267374613
880888334
613769145
951008789
182088116
816162246
342399450
877670462
486544097
638855031
29518918
454199967
413479763
148163751
369102681
291619748
481240959
158690934
780538327
326801720
565483245
917319260
257517051
463817892
286901000
20262728
697174781
473669456
669397915
228435047
39882344
843817246
730230822
975365601
481864165
200961051
70489014
688932570
793738610
232786084
571041754
426131848
973819987
239844335
815102729
49521145
581311442
244143810
903138007
836484805
965127859
778591834
702801658
966654019
511630493
97092799
772555244
76107511
222057944
658222257
97179125
679239894
266665726
414805416
263927598
297290113
635209179
889074673
98521832
159888992
641412412
880432550
567857168
639134464
518791986
431963983
431188582
646255332
350192473
410455447
74286890
934602752
237978133
395754657
495559524
171571952
343491995
769297141
53160866
486969151
996722129
269836567
8046867
364331904
940871574
139052340
403712442
668503109
358890760
307980181
356605388
757212489
914004537
408008452
592617178
166555432
444586982
192507833
47034992
541801288
29046745
472922052
132294349
151870813
728392379
706997293
607695389
14060184
473697458
525974463
686720548
967810943
435649772
400399678
965795462
856599454
40788608
567069399
105841829
804057930
899880606
890653000
435132738
863073253
365195212
373691635
354244740
648005806
467759577
612017556
215908464
524155485
758360257
503843117
976258235
353785739
547134303
878925567
559160466
733352597
623497996
737414559
711531839
822893903
442275419
817958018
902154474
147799650
233941001
172690647
858881601
725703338
513107917
717476972
531198807
125759492
415495515
923648218
663920069
448089907
167627825
493347511
916064169
213195993
562146990
911459975
540473468
549455762
768331112
713713896
556970593
919359615
362498602
103551818
316286527
798277719
751517771
982039354
29097895
679942472
606425744
975121728
713847128
832289482
418699694
290551126
271234629
992858580
581620146
594983559
910315978
567408521
124061473
999059030
119190994
647986674
378256492
476777231
526407920
919118241
708015555
841493902
982735094
140499799
707449620
987778017
146590652
975768795
150412795
966356511
569327190
569454963
247107751
737135672
307618558
404808630
220968496
810979579
542215564
90358687
387941692
409552352
583426363
188867632
446771408
860176798
667424933
33157690
639707769
6516044
861403943
183879556
976392650
17444102
505415754
303989831
69846651
433861620
714931491
815057371
779100671
560426628
297875373
853138216
834425354
692237034
509205146
683225439
323484769
236430229
760318672
577144302
38531978
403267513
321738213
175409622
578032263
803583829
910582473
417069934
670521966
319497074
145022825
638238126
938779206
686004020
837620368
64005079
993755759
377687816
87219191
810988212
565992723
99125398
841962496
34331827
921164451
431548738
911671737
594919948
590617249
932023451
874385773
441608065
94436170
180717843
142780162
534381565
466491532
991231898
441188295
945315486
742761492
220757424
596481592
766503146
446722678
358045094
703487837
380972112
694249558
192769765
149731386
644176296
264819667
597858405
895931066
512524512
532355790
298180587
596463419
433196199
269307424
915739866
244870890
421027325
14996792
805644478
667331822
317131759
908214521
841917515
382506530
969688205
965271674
635868059
247275687
856237485
146233641
502515754
861181877
196882323
599085670
475407771
273034940
296320285
393426397
476886281
756673057
893101016
248618619
888228812
982633288
705905330
605152944
728913111
519566698
965657744
403108747
556885372
228729672
593662818
673225039
889613740
699728531
355643854
561353580
941288163
959081372
509369261
795010412
673425393
468564778
87043017
339632234
516229460
312508443
538010477
219698075
541993717
463910775
313322783
143590
408473093
11740549
748443291
707123574
137734256
351282895
709061934
725541697
101746968
287512968
670752587
569177229
231221080
210300624
609640777
845285694
863176272
765944976
800002007
871350800
559699140
544469112
399306521
802026639
704666288
41280841
699563357
281992421
420056570
501544501
968443959
232261711
24949118
751024011
645821384
883623899
912011971
219985529
188111378
24397608
103174592
410330546
838351515
48549077
430879108
928882802
574550156
678674220
221871411
285790752
694266904
387700243
67345847
18547480
467487653
421374925
217139768
294798520
116418786
491914064
890473817
644687048
100686136
31336670
741920197
687412687
746946004
108336273
768541943
488971137
426813945
229126428
481429782
525681619
832608397
364644152
23319510
44680431
546660079
187443062
355939934
179599201
159407912
873505936
381881082
448538687
310337603
271139618
30177187
96767885
76082021
619129330
539091972
448356064
135282330
860085576
885635683
119430603
934030173
807992641
876383939
513762262
998661595
279869324
354065490
111292634
282017989
707279772
638054274
487244545
447932418
445737014
608264894
320415444
11676818
487384030
897315704
179463313
874823100
849236487
389575635
247767861
595034331
711371093
152382114
257594961
350580821
89799392
97094494
716824309
537090611
578243115
847741207
872620543
298759523
963640012
993815501
263380006
805183721
591414565
650830423
687118606
424779822
205133538
717564943
519803062
29240074
944120552
257613336
774062651
95772161
641050327
900854016
101253387
833629504
740042272
690547573
790079902
253966109
456055187
832345334
166252734
724726801
362695794
311046709
959816932
99244307
296992619
247616626
663237167
404971104
784558383
570000997
744612763
482367907
698800024
394723384
761350401
503741449
804188322
443275395
967346697
51162872
617682385
413453674
7336646
894279421
11620995
887117655
478674882
480190467
135348112
223919108
953817526
115518503
969218525
525150104
627355014
352881842
687601802
314736507
853889699
448970478
982173056
322381203
833921565
38343902
42347769
857072548
236362625
380593409
926751725
299098959
292908030
558368119
875945795
2355872
986016677
203769021
420938948
748368367
107774818
30914202
772150902
708954949
763531805
821058106
392948615
420550523
402021987
920087954
620547085
419241475
836574086
742721909
375789494
584055363
391921405
680749616
553167176
115702443
621302734
127714478
10292504
236991478
399396090
29848525
617864237
167821599
982111279
653435091
252226040
639087478
845621782
647568870
684782311
117013017
756594452
550420542
483848788
997201698
758698503
246515583
825467193
510561571
311334665
535414886
777282781
105205555
184547751
181149218
576884257
78388663
408965811
815935189
798218431
11482710
596188292
354052350
160490586
911421130
341946546
873924819
268752861
614216652
720341651
198045030
736501222
209202896
438292492
235253043
226144774
901501672
67367387
498613684
659799500
704252201
876024756
984887374
947914749
938027834
294525100
338412741
457282457
792985282
227828489
832168265
179520679
474932524
945776679
520010284
968461513
132681574
251244500
93921453
656934836
420158902
473069425
604511238
22283949
510043015
142943567
487720582
635469177
303575758
50788110
39484564
441520018
405516787
190655062
561589566
98533137
687736275
13670462
285155794
944534078
74221784
214097815
467294700
493700773
183986425
775673828
2977591
449228654
78516783
97855725
72602821
644313652
260714875
183121094
842247946
811608129
873087366
189551704
940889363
413889761
698277411
420569570
148752347
727192407
227898601
448377488
999587557
136928198
272195649
696838503
975119355
511008991
394322572
890823773
502903476
306281730
115031399
996491456
532122451
869334485
867332773
756754292
646455423
842561640
637315295
585072575
251813951
736998775
856114026
82785233
229828991
624178056
482459100
757521725
702343133
420280966
262444923
69177344
144430669
403531147
290286110
111475367
532019340
884358389
595644609
420736701
702542942
49161314
676922003
452103684
308763646
981037460
200011415
426449986
13202765
215801258
530579979
712380852
824908542
121708361
377458218
760393584
805090108
420342960
303793698
807014485
120531467
159332662
703307345
880609296
915350924
393359886
167525027
400304697
223238872
591357209
145923484
117263008
208898835
893909901
773306617
121734367
770650582
229823187
320545177
965514282
511006608
754857260
761430445
801290580
860210897
407306681
579654327
309005978
56827982
667621948
329025443
621099056
701875390
565623788
29386511
150711610
118365407
13529847
739425595
381965119
163400701
395404309
526892118
83932921
738563437
448581910
398843109
50297336
595074011
65064794
791741461
244877637
795202648
641575869
349236811
91614134
11858648
882054456
838079065
598719838
296685071
313291277
550863360
172503139
414666579
653189241
855820461
942614910
363452607
879927845
691475245
445896667
993253970
739278379
883410353
365253455
772082543
615618742
672142863
300529173
900225776
264464889
230166612
507901894
920693159
663836530
12613670
819983281
809476758
892381973
899288718
876131742
817293051
810151654
649466578
755659916
910689177
302438387
5939385
799511354
802377636
58042532
169273127
797040862
983788297
701236693
441964337
270977566
413296943
215534614
430014118
793102475
799733940
491208908
956053028
760962452
234138581
424104173
335304041
319066943
516828322
847750683
904841043
771440974
869774762
275528568
310770870
7029248
198243181
260554139
935742414
702012523
167673688
658577012
704897478
412495549
949875387
916800813
503417490
425303100
776189278
89460431
558792985
922024843
811883113
782978227
107423121
375468189
576331680
623242933
464206796
270954215
489004308
259976476
326100365
30819043
54912578
113926155
183429551
386384383
479703768
952764736
488613997
741240048
32234859
708937477
631139966
254822684
625526056
148619801
720757162
707962615
475606855
30865342
997970756
810718282
743710766
359355613
186912661
320771156
571730185
359307379
741378114
79532412
561024205
586576019
207163252
718735443
793491166
797386550
241305179
46949759
645044090
749582824
135832485
831799899
825925561
169175246
865158594
388549997
468491926
129908014
377986281
475911337
386161066
317022335
757789347
525575523
310217599
49212118
249161512
529858445
164606268
991180335
605775209
206562744
920593931
859426791
937099011
73095428
375741830
467572831
127545358
548825812
38158578
248672584
317554375
903353944
528259911
502662116
367632163
210267527
102514308
177873413
889363466
996127299
209752749
71125488
777864592
338672064
368714797
870510090
646604941
660655842
746623244
720717293
221230484
307392306
805560568
536113274
171886832
652189165
599870364
208152965
211192634
446546354
766688452
172449402
428460463
887530143
827279460
279407305
745066559
379931612
412922027
143075423
480501065
326044348
183720651
829104880
915373661
362405188
407966795
510008966
199099381
159481930
374505852
301303540
280973790
995866679
532659910
208694030
26770136
634945897
72726365
197300294
998307294
111895256
860157938
421014514
208912675
575912876
960214075
119390944
733882202
805535372
58542781
168656484
222715630
31992399
528570591
141528236
784834314
992931955
994428804
637291075
663843712
161236835
317759185
600610005
818507423
152643858
222198003
893977610
866100842
266885061
174201274
400023769
353101115
878521816
290045944
115193259
760001456
402719042
581231740
430014654
464958439
217708037
681744963
512255864
195593658
749502074
191644185
630482850
414442837
449588034
283550249
185895765
583150478
694542577
554975418
663684423
216911215
731351272
353404380
219924829
999240213
509848059
236865955
368162272
168696895
832728011
809554877
659138725
739710953
966983266
255601322
345318168
327159575
171631151
182965070
433189051
278033294
919022640
944528219
217866471
678987908
909285674
815058555
541180186
125562029
470991521
126193149
31847682
478332598
435357253
289240473
820602603
141863077
904296372
255837183
302441987
871091871
327532044
265576646
281308870
781827342
893369849
765621574
263036288
180454432
194227034
644178683
200689403
578676853
141064293
837428362
43785940
694710560
427712120
651996534
783645090
94708459
417863191
372939515
877329110
558759340
248639180
580248807
142503997
390980026
596642983
293605984
628262931
166800686
473663317
581544447
727979124
177219557
619211841
94797155
809930087
828414871
587209514
234120577
480604164
417138317
95510246
587475512
430754626
881725889
214115150
317054551
939219459
373390283
197903292
531271702
576089454
776559783
557353393
372189527
555682824
679448828
908054069
484248196
9782100
959153945
696359618
472413486
827303957
567807000
744219273
552982819
727062944
240232648
406420477
126439191
983038232
125405439
454451233
935480688
323949721
714396625
48649544
308839553
195607794
561811581
143993923
62261640
591691222
906917997
3167102
101979929
283698904
462293462
825559787
840209819
477243410
149162354
340835913
889413212
121642330
976581149
311860372
443229541
688638268
237442229
459988676
567576413
381663902
847199760
399117931
61171025
678551219
987670313
171343968
694235025
792270335
225232324
925200049
604083421
343844264
321193455
279182619
677602926
921570135
687201647
425518833
873182153
415726370
371818333
394345631
354110850
29427540
845643826
850309604
703274188
202050173
705659759
1229102
839665664
899984140
493573978
138655699
859960738
530698930
489200946
896390087
75174058
334410151
322959729
939265787
368920838
992398764
605562267
710776069
904237999
319970390
580148387
7382226
40649566
257109492
90320783
292740710
653565017
488429471
554956736
789298481
269099641
417338537
401594619
809069590
51064629
714547737
937236660
5520250
43364747
727896745
470999236
128329029
373287871
703227735
507038439
533013845
874390461
292683997
892471661
331993192
673956872
215937350
786299753
101255250
279045527
975602848
951877356
634416887
896908032
394754635
938175900
430917213
866771540
637330020
923068137
415428828
117812049
14557220
236766788
352372633
954039438
96897854
872296634
103607569
960491531
891675700
293211516
309411213
956985750
59891619
12448735
371560975
634730014
486545834
433482873
248074856
643318810
784566494
464646275
222483121
730369466
329151293
71168820
881793444
370697392
51813208
799355985
793705329
250233572
503151896
382546948
529039290
450953082
288971769
237487005
95206340
115950741
684116081
536220752
664770816
161829867
291367790
823881276
143141350
533486827
774776308
118102305
44632152
435944684
439150676
209524674
991078467
825001894
395386564
459298497
471990708
787524618
523726645
525726232
963306549
588453352
825227262
833425667
795522615
896569934
346568244
46038655
608020916
80987922
206209218
145755441
115133312
413596733
676536179
583582731
878245211
475473512
968687550
970386486
540585907
629069996
79429328
78450903
430382816
222639315
430539854
545656941
312411780
498425976
963679913
948181588
287106781
801187492
650812303
770831429
522070022
943856325
758635087
527688873
124541837
574912023
216537398
797616379
236899634
711975767
6517347
980021374
101925683
716604251
340191488
365514592
765203152
15245038
193318835
161053955
449449753
543759982
872250527
616720810
20902703
90297783
811168320
259035136
982692638
754264789
152496780
458821767
97450140
899219753
172200831
486240375
808438621
94526653
391711263
120327599
302741706
686574750
165946423
441500171
37034881
814052669
716249749
60668199
648753922
829808475
289072288
252120487
959689692
392675901
837782088
865455542
829252488
333145885
60750618
520519472
54098029
734400764
319660759
246576583
764310060
683899411
661206948
207160882
124748840
945507242
814000132
955112345
723273346
409173368
320657649
638470481
545392779
35532861
883247914
667083439
879274809
796069402
386624660
102553296
765540511
945799888
800390725
836197659
866162241
508833317
376638861
981342477
243385921
444474833
513112619
918505468
835972414
518541437
54026861
74866879
185613251
167356333
826713697
867522016
950192743
666878283
355703240
83665268
714147440
364574593
877819027
123628861
663494672
672835792
911158822
639212105
709169724
918497786
532102404
172738781
424327869
490629161
728460825
208655885
970346001
454825955
968177734
395432921
777211376
856634986
987515402
78122549
709025866
776645448
51221662
992180427
744190661
114946381
649312892
621041683
135304750
95878309
705116816
496533341
609026577
528317844
440872362
895650990
157168315
425001152
647087983
733387579
28053622
840918841
590064241
135060212
537238243
434044618
370580984
99983667
490301492
823003707
32928153
237487421
593943099
63660252
583768937
762405419
766819738
688018434
547063482
492392465
838480004
865405017
89014737
457227813
744759360
633824322
588472914
210209878
415160180
331363559
968244643
313328009
201165130
488900282
592751976
424149601
984942574
135761919
274621762
594987554
241374912
321627711
687255848
855053888
805071520
550078070
23530194
173979011
480855754
367311275
749607465
591023863
254180520
48273945
189169963
75600055
899095435
128635929
43041144
554155013
578392910
155263490
978964059
335059319
150239015
674674303
618461183
615671491
341350161
654581517
951205067
538683821
961119291
363610339
736653064
413357982
344867173
707490059
535182264
807522231
418116948
633672188
18425837
990622098
126749465
704318088
757038194
192622524
957838279
497077878
609954287
940791371
288632556
766996314
656784418
744207193
821605173
662438096
555462146
784017044
234598384
309163838
511634831
654338143
152638258
282915542
430703452
195997486
110981112
443528535
46622142
843233433
838827808
933495785
184465237
535827766
747759179
627072974
388338357
997252823
808110187
485519951
896000325
115994467
904399363
780770750
234807100
27538205
212362047
931619317
889012406
373154617
999021982
361818265
918019150
168388670
868080747
507233131
1591253
396004475
56698945
230086306
231892495
785091918
837226241
202308371
585272756
525948129
178635730
430640528
889517618
373746990
165421754
100931599
543342655
678140868
442286750
204212104
936095088
885236563
475232908
683937296
816082910
337118051
503631534
908245745
93232981
379628024
904643061
405191454
200462783
309532836
637979916
311320800
545067630
933753873
486585307
646205121
723422793
95680902
418589499
733142943
364878495
145425429
488573016
453471074
184179090
185533886
26644442
746041646
507188849
687652717
940903527
107524928
500240396
867776618
677400247
833793625
691078816
99508854
175332611
80200641
604134315
326953248
142009705
957412597
242391615
362710580
728043306
399775990
165081472
407880317
895407821
862925221
941255701
369579929
334542832
965123002
544695316
862920372
68615594
494880595
605290032
14732782
321139118
561232493
261650822
496511210
56329258
761608849
449916466
262855563
947800841
14217096
213854125
885993354
154650068
456780430
369683371
740273865
735415584
341359689
507236082
658298585
694440559
28696471
654540324
269617806
853139146
806988854
561819279
747836384
468233886
35378361
57349426
818414261
53922572
847791719
15867239
624188665
852572090
327089868
111677489
212345828
823297856
883388630
329189278
522581516
52692109
497290473
411415066
357118370
933059184
323985090
121509849
231817828
86675115
307591192
537252728
754749612
743230830
519098316
243128256
101603592
63697822
759218739
698116944
62101286
56824029
93155459
993289780
211032957
188155657
68133937
622499196
375897396
851784489
199967364
426591581
331253453
990779046
858633872
760200518
921456085
831868208
823150232
948759779
998039223
848377485
775764331
200907764
562919958
179178336
460744133
886647824
489627588
258394127
432366138
799246670
458927428
352652427
776069501
739040849
296895811
924828839
183611987
776927918
60533511
326360325
196425460
968116261
126889660
942790917
927391902
181460061
343585436
704288143
137663938
83706622
477414255
789826921
558062978
768760580
479646471
552593307
169766062
722882427
82237414
218954974
892647335
344018083
221487587
268604983
967901162
876501744
374646667
210108272
210083915
612784799
651466775
591475933
787522045
660116265
978098777
112464058
74722832
283277151
131013269
644877335
644547366
43539019
696205665
113207142
973681748
821412864
473586852
496339315
921280839
384053448
612038413
505131358
204368603
300563039
445332936
38343359
474058888
481063926
271474402
504763138
925046548
152215240
706459697
274376077
28404024
898740077
400217210
67183689
534460593
898068790
566134567
162201660
694121874
763846760
179144194
984800535
19291574
738797260
958970678
112012191
830960591
150660834
953430238
207502027
323421810
734304754
606641196
303359854
366549927
314997188
137107997
867802005
873343421
208295356
840570456
603849667
492783822
312031128
262441868
748377349
357692172
342903687
794905649
775976309
891340439
358141193
894487259
151687951
317730725
522118834
61483872
8511281
400672546
522596661
633250940
136214397
574355104
475565860
707613195
570275
988248871
244580235
279807988
676301226
791870473
198037538
913131843
202146773
968451388
277501739
773501462
669689061
130695219
342769263
366722342
975224461
818154050
783371048
754890218
11903683
10685909
56061768
840883378
557549256
584492410
362602534
409965733
731593266
24987685
787981137
265101899
466443921
318033128
288563344
435867832
26265751
111808422
600449796
188672924
154206328
578480630
864917083
653821405
722834885
405166199
373874223
295366369
114712983
239194272
715590787
174871918
471223119
253172313
36470946
503416704
127159708
8055883
181027652
914879035
870797145
167395270
377575737
535337640
585146220
954288609
357788481
384091138
855443797
523054628
399967708
200936729
212800538
830552290
759913278
397962538
183532904
166904056
971999396
218110464
203528892
223518329
752271588
574525439
4175661
686767061
361001268
703102565
245943410
898108674
699409196
818499358
140527626
978345550
927984322
12405513
204990217
290203397
932925928
921377956
128220579
380553416
111990269
386191281
682181537
172405971
237731006
483134227
808912395
196895611
369432426
963350437
654240695
408387054
900483775
186511195
104913456
124439768
495024211
191368916
411725708
504015084
395320174
136434234
545723268
67136489
382796413
426757117
388034366
368004030
872033418
798689421
605350843
213450379
79008752
862653884
773933655
273116909
897529784
81283964
788509208
705454462
476077962
826310363
986937203
405795885
456972002
771339520
490131092
494103018
652494622
910786622
154770471
853204814
328675082
171293158
773160869
391195287
910483774
136357339
943587576
782295584
384501971
666139118
161988409
747107849
809697034
652083446
657691176
479992818
339209523
27712925
340811862
760377451
465536854
373375028
728752429
25695552
909656795
182529685
11298012
782913589
12837428
22032162
774369864
256359617
539303250
837033744
27494277
292475250
463628685
264877874
841401912
469037010
270876087
847184312
101183985
571107562
659911227
718612289
79163308
885839295
58817445
639708377
776051533
754319224
249572876
998314195
844624191
121807391
856223546
414437446
164903790
868040624
755995294
947908923
837422124
880489578
536637333
324193526
187258584
591549109
720061310
925446854
800694385
41926806
344108721
486542667
515580969
663135091
810613032
34282391
890517350
428600506
216198383
937814556
876771599
789277073
545056276
461688338
433466380
47346082
814351242
229094681
826766409
47367836
965373553
134263954
697219814
177167759
53424888
582845855
234087552
182420833
464226070
897294391
765176740
539124471
369365578
600638343
626804268
737002512
467306270
580778399
165553994
574597141
291621579
578313666
192829771
781922739
572339862
380918579
481721653
434787037
788274520
681896804
922699629
986484205
334547416
75381712
402422391
571972389
388299750
564335229
363734280
870788162
837325314
154162447
752951569
201801914
94385154
640557997
901801307
175312085
918473324
779364404
382605959
12141070
337890426
524137170
130847592
123695470
458790508
906559634
235588074
580173398
712855717
766287647
679999683
715354107
872844218
943515122
581182343
473988811
158969282
525311406
719270860
444768043
606390591
670076409
406608320
763138417
796039336
923707367
458404029
904076452
211334368
204400443
518467272
244557789
923625995
775600652
912533968
470391459
96238871
803202229
893412765
131218452
372104611
650583717
109033419
897438250
977864467
148385930
164690129
920469041
656870942
668540001
46086543
971113208
444933884
714283689
947474041
436496020
935873924
74948991
969685732
400416524
538169910
748099653
396611989
361434891
493989222
511927533
892799680
437105889
804618449
782383286
408864523
110387453
601807083
653603927
803940428
242821323
562335017
970993332
172149048
573472416
114288887
659513455
809297201
172122101
88403933
670467527
783728497
816719042
932552496
708490346
478281687
998078366
113986699
275173234
965621543
723236059
375172807
10004022
28127489
259644008
340012692
832383475
427958061
736453764
402224170
764535015
854755769
790844120
18525114
204699361
142417988
317218034
30709436
776267423
980293959
669185838
920267153
318359197
767148355
426399475
880190266
618786331
498750659
796867871
212497397
777481348
804255716
844325456
623963721
947228356
66492647
420838362
391166768
595010751
158781602
114388567
526880727
865910192
62226008
646915424
916762362
221425894
679663691
248198119
728677803
577753551
673593610
850077013
552054051
461089679
83358231
747103920
805354923
564050390
913182053
772023487
877301009
393622960
591006059
249549790
643299185
173583067
856958230
246746789
73475503
365863875
594559764
865596720
143635324
32479827
918571999
807816079
391034062
253201877
158559877
426353336
780583524
682992090
947109931
443302602
731805787
522293968
552096227
196359792
684965851
410313073
961024023
391510805
471745306
193963388
543699926
465185254
185523861
177522380
991065683
960689781
85327304
794523549
881549086
948706249
493926497
72111772
291781062
596555053
442831408
149271406
659396416
787485844
813997993
643650408
255717728
270034491
552962323
909830216
878298670
695432808
286819483
403607591
493164177
74579705
901631370
542070615
292819124
39840953
983542931
280089757
113069290
200494489
890113313
440788157
454746239
553823217
212543616
363420620
965000251
251072096
868138057
601471947
237756009
92608855
831821575
882746269
567582195
559408643
555697008
40520893
202448981
702958415
798323360
725912105
591183079
535958673
430478679
364970066
465699865
298631759
423372182
983975408
352182413
319749604
44828462
478933251
825368505
161228039
503409850
275374112
859964426
62809877
193668244
576179376
452225243
380585109
587673616
861490526
891574347
638482707
126389447
88328378
589501216
625133375
682200082
494535709
752707187
911232152
377874018
334335811
609340154
756090256
667042751
769428219
63482161
219375208
760438686
810375585
459236916
916387850
311431806
788943103
219802558
455069911
427747461
121531965
276075830
295555463
940352494
185269375
447947513
800771457
238879196
780409784
665269006
531250453
849331310
133524365
653126706
476069825
457012947
642826861
213320477
992514049
8087557
867556837
24183859
404435698
778134836
216913186
682107424
664578046
138647226
556897951
309099802
299276611
302816399
643322659
266382083
566782957
265057984
959510704
289345867
552237893
288036394
761865766
750764133
262735950
768517208
964764642
863241360
383028743
982962343
376375457
611883160
33122777
805321347
666377866
222538368
926482470
335634597
517005181
181185780
178552797
744598474
692736640
661047749
133923798
937318961
913047421
315331888
695213228
477363395
646157266
436126853
77909373
600594438
243515541
151428206
382601273
669860189
230927100
6427345
458147741
720950015
211863782
651481760
661017626
534646265
485488509
81955403
134608290
905392677
957683354
527837723
653835585
287554362
676007807
779911794
900594448
852977747
36469805
817647042
139467230
877054282
151839697
82186765
765332523
153050716
954559022
820001296
698143069
806949983
661363407
267408378
387685585
474388799
935385099
303670037
424909176
769925228
424127895
660669219
857076460
100842675
250097320
319152128
513521798
687219503
461982246
623473091
72058281
597993320
817899898
281348770
307836262
20453860
740649538
590642615
866304840
645581716
721806642
593777745
28813951
410612750
519265767
180230146
702935271
356601700
44410211
391021332
690884890
356853283
917417661
993721587
945927200
728640345
140779829
549253932
33579508
506590108
150436597
432067699
39379344
453369867
570202537
187957675
441079922
584528139
837215064
635608743
484117672
178154394
495377349
740538020
382325429
804649409
69806292
999051132
295664096
745983616
26358664
89934708
55294101
966937838
869947432
573358383
184123795
394881678
809123883
268588027
958343920
314212955
682015619
436659285
648320386
601938885
621362377
358786847
350514320
771809692
753448081
715402387
160573511
71795750
431715601
443451163
454254930
272613400
852886887
419443440
629205268
73053490
701688261
887840334
802280020
204725698
713428881
125366509
11671344
477565927
46531100
3677144
581506784
272282185
754294295
971691181
541781880
488041927
577605210
575598073
969093197
742242015
907869561
589823645
423018265
717674608
471958313
613205603
250470354
37679251
771365501
397823861
739206436
299394188
256198964
63609386
974385172
668118670
202669878
966454033
179661166
795472541
49217132
795851797
885739756
60882659
67124851
668220918
524888683
601493731
227402399
702858803
184787335
121355763
103279846
2342302
17173686
764108282
409876293
237051093
130688450
329687009
440717530
220201472
144736057
854526882
521196023
803902796
688029242
785945814
811580792
611919770
285049229
478591672
745799456
610218765
979441122
693455892
429363829
785414292
428053262
99570125
45987926
104070393
21069918
870637065
886963205
801791460
398225963
913934166
705722562
805438315
692115672
230547696
134600022
546065274
369722286
449565456
287183187
286489533
543531936
20055241
228712410
958647926
903264072
563694307
826941753
881913470
920676717
568530459
850193684
397998851
504231847
174926946
875756384
578962123
253553044
503840939
684908278
719956137
705950927
121153329
191375111
550095898
659653753
753610551
354455724
822394522
284981048
143348832
726186192
468237115
232553275
445711800
650044814
109889021
299418618
381540086
215702477
599065737
399278263
742803372
848287933
218558950
291212585
535067521
452446353
34643318
791430563
595608723
880385796
719068771
232589492
234848459
908770377
740851677
945927404
413669913
743571039
631799094
220513750
193054310
534373919
36167530
20056657
634860193
543332563
876195886
284616471
372310146
433375611
460899775
279258672
419472506
804077118
3083744
600999065
369146278
26528507
991133359
875381942
328816701
97616888
266580640
874311496
701758181
784912284
147570643
656651479
28440040
430261266
987092478
610011457
800445978
438337923
943700295
452628246
462950407
892200694
185186876
895766371
802874477
468646441
786025655
583360992
322067482
992601277
769922031
800066165
93965216
781848810
398877054
66919776
842233062
184763951
800967810
912480476
50706271
9827562
272925120
443769480
141503144
579412636
489962213
786268555
813638835
513344065
958378490
127451784
771124766
688361798
528092264
106071574
455640891
388247873
660272952
318218988
901614307
920916310
676615895
468825908
266856379
701648735
799161171
326753010
538462583
981339079
816729799
200973457
254565177
485360466
345033182
299833997
472791600
692324066
529829689
834520962
591857221
308613337
460602395
568648192
253097677
780896888
208434849
965804197
136875117
635675192
234401057
871604823
403172559
350488136
40067707
277310321
682411242
975337771
258362486
451831476
332683843
780688334
812116365
345161258
867735845
742846440
468039186
54531454
618844035
642590566
428058358
489768773
925165916
702580962
589749723
977321803
393778936
296610401
103629741
294982485
432349781
72243763
77232003
289006481
560237240
838960270
724965214
333715403
704322936
368855527
282508048
204554758
105525121
362919536
567595931
999105686
745163359
21434589
949472076
957859858
490851799
979933376
911819301
585166246
450357893
273743075
891425178
620730047
834576117
256134837
658886030
896259113
38577326
444753479
584560073
228419546
855620514
346990204
407753747
124806078
151163613
24042367
156046139
82961492
852856948
412745987
172944953
347824600
661248582
387101161
239265793
583555712
101494963
214968715
291813076
101542887
334866939
243412543
844431819
242990589
741932321
154829255
770996641
630002741
582295014
573908550
796333118
787230134
205880040
866166385
566837428
404629194
303665363
806735353
955347692
877169228
836764134
193500446
749243572
854216230
33112825
497434184
561256762
763051579
418917060
381002312
895713098
405140473
961416081
232605153
800975760
318519327
425776275
424390603
584228640
355877448
77911541
521186750
406480420
207283369
692726816
289980787
297346352
82580368
701620614
90510071
990263025
220143781
714991355
204401537
881295027
411962821
8430768
743146456
786914420
486301752
466537311
919257420
935331163
965311130
927024930
859016941
910700164
888100070
926714251
937149843
71441788
604759044
578462122
921180257
283469341
930708384
49453998
619896689
935882039
39328719
607301146
749103831
73326097
276206115
691211261
231782875
513000320
59288631
783801354
243371479
718803749
344279043
707508701
686834537
389695027
575603049
802918081
151381370
143654321
806416778
554824369
464183657
325468339
271555438
788261960
510990807
823622839
498645302
161721212
805549513
972184315
615021178
569197955
904967177
611395682
932847365
771892805
194135491
91281195
138048415
989125854
385149953
971259795
963979705
312550690
975267542
670534194
174435514
478611063
988356935
593680106
369976043
645896098
299504661
458418950
138149478
852995588
229601681
90562705
281122111
751303667
114190791
115919111
365014288
632097553
291800441
429530848
224866246
512048548
565923593
305404542
211637877
364844767
396782858
743355265
463698841
100400114
568364919
577313075
448501263
369836876
974226231
638374644
274322806
462578619
62502278
135979684
731041851
284130937
455199256
705739990
778593324
371694985
370238445
769628565
103845802
668815466
924826263
422758904
401647291
583537543
332259689
585531832
343629834
592537325
356775058
281945558
91205354
332088895
717914854
734504145
103127940
695407361
236713764
672647324
890353575
944087240
152638491
84869750
747980147
78238752
146829974
87649479
734408274
560073256
982779426
212607472
223334954
914096109
801406231
910853426
862265195
894052314
527801289
176338258
257580840
209036250
711308602
228451440
458790205
689777436
283394108
842433378
835170021
79239966
321111095
663693898
949610799
278351732
930615796
27714934
985927608
168313231
314567480
804592823
358753396
495233835
84281009
744373172
198204386
154821321
993422416
232734077
925246607
310245454
476553565
877346756
570964539
993775031
265386041
700403581
724545591
620792633
392944743
137386263
617988987
282287955
531679215
777942977
520706863
879464813
837696190
461897445
116369323
551989512
617708590
202310521
913894494
277246941
214990206
553440548
200491529
978254771
629852945
749132321
739548761
118153028
62985394
353533589
622866925
701269014
213770023
465190700
331378573
58771628
940594173
669641777
852521704
444365663
125348393
492043651
390887123
764385286
632501799
958671198
776795583
890362940
669552193
85559464
796633512
764841339
429161198
451872640
972051370
359762233
354572459
355209511
42547301
930555752
361852325
819546558
210603071
714318184
650826688
159372947
388166024
180471448
776060405
70692881
173364678
448804906
590707785
73437828
890397591
462605849
695946960
768611181
384438086
797813865
159260728
59323166
935545504
555716314
661277641
112161464
596423207
245737516
75846598
666535275
738521499
143870269
948736511
161904984
609348498
305707893
542997435
686537622
9079530
86690699
442901320
235224743
47594804
814874132
217750231
971398512
281450193
688620090
176630648
208088549
174065555
838446626
15095816
610526158
231830644
446210203
509907731
292028026
913077528
651216339
238785716
714243460
274122290
825200529
842849564
95545238
441310362
477523357
760467100
217090538
24036690
582335974
963169714
758377715
638906758
247154402
313103699
154718808
704778184
194760683
176499352
359444684
384304568
993722882
769536302
873138871
988337721
483411015
657742496
305665140
325717565
789203394
80259220
285621074
375731682
351657217
435132201
823041706
882782452
551399378
380238941
76283773
562212678
790578261
427234406
383030082
193883691
595151139
987275783
918487809
794532252
446352685
696764737
970238868
936939459
185728237
359667205
268877286
150683036
771786824
310537955
234397521
672560626
71397782
133016258
127621888
981078230
11723436
608415211
852899910
410393931
208519694
145564826
591112944
376734245
664261471
679053937
914069160
895087363
481080966
662995357
860160748
923210705
78039478
519621009
602529423
983235273
181109779
552611327
55301221
5222242
419613656
739673006
169907701
633796555
487969999
482545702
722658437
295474140
837588540
155540355
528119897
893221102
115073554
276165277
591958796
66413128
112378794
140384920
146573788
502415678
974177967
859349161
679506548
393570946
553491837
499682872
234823953
132755498
607397189
776236838
269664073
719160195
140005088
553136391
840944863
74318964
277461743
279950966
394575076
191837814
629744655
399516077
406671677
230673297
371497185
34562381
30122416
312972478
17444692
851105112
466784891
218831931
371003124
36769589
787012777
8048209
513920774
348913678
709954586
833657085
735033941
706999416
289204132
622836400
419195163
824862141
477022618
406956896
897654086
609636826
72843788
127531133
923868173
725833633
599677371
423814991
983550538
19617490
126197756
585467257
291042419
990490320
242409290
27598194
376937207
972128821
225169594
341708376
530797197
296937642
238891701
849840414
512329769
937105597
468917515
835879162
957918345
216317102
447727965
83336467
957114856
876477673
688418273
565078618
367765829
434217393
333162643
346442169
347164939
233069729
54240370
508993204
147930356
518568182
147180602
243871672
784875932
114978803
745910855
857592663
65326309
975831260
788376416
109215502
121878793
33341874
477828055
102272865
477475541
567194013
24932926
661147194
85307073
840530227
557231491
777938005
5164790
413780656
371708219
312047898
310866845
510004950
229247811
443640584
327472944
707412882
711340344
751985895
134506351
934536715
201951291
923779144
923335521
37841558
895954635
171839743
787085139
409587951
228032056
377349747
483911472
864207725
268463737
746308137
134095224
435461253
278774080
807673371
131672270
992098780
114251379
276264762
763096327
792038444
392896982
199813415
544706855
961314570
450265915
262202573
385048612
704062808
87436870
838628256
3723768
289245753
400256400
583113287
31324580
946679429
331377984
83445075
717964581
564815060
145831833
900834513
524469927
99653803
771744240
106251991
400160300
610009293
761147728
960304478
45226085
4813031
99957008
583904019
929567010
423293174
998537923
535272971
854060683
856622929
589427143
386970883
928078475
677044408
201943000
611161088
942842055
510699240
319227794
778678688
522533623
577135457
84339856
136026115
651968529
465458467
132161458
291995945
174226776
535179187
13068966
959497164
809732237
629140629
37063022
167038608
801823124
507330102
304979985
122684901
121822951
40817321
373497668
321053957
223558049
992695703
127083182
641008398
734263087
251314308
72572243
132387949
544208976
370509026
86211506
126494859
781188948
94846591
532114921
616357673
399786566
691728104
608383225
274720408
390604096
453879534
940905979
805035877
604733201
151057717
703360495
275947842
212110899
626684899
815405246
179160369
43731796
490848123
625371257
436296749
166402131
854798247
958777759
616654593
105263045
442082037
211762850
965288128
713100413
94677460
71572144
442491855
954840695
368853231
958267774
40268009
79860627
565475291
23060744
787375287
430283725
135017568
17442694
658708537
860628693
191121589
872235124
645360855
444750734
301296149
600046852
268443784
217855486
573037251
893909679
913052517
201204152
444726586
459241140
952066001
353645384
247924063
943088827
703054227
593529894
351512717
922822015
387003223
540157812
23628589
751050771
448348948
766446725
698981412
966628865
190947265
650063599
783791105
951487351
44343150
336470375
168642347
592334376
520020267
415359402
659163938
708562716
834415803
525158636
875963570
516369148
224661617
665593616
900466702
976218270
733221912
791191706
372460770
814208863
330933224
100720860
376776076
401576182
883052033
39944165
65468737
538976543
927108277
620560742
403754568
700338733
44260744
885371039
440844973
224676452
490901400
884657248
589425633
345833971
848534515
623826775
846914588
887891926
371096516
835018320
164297477
205788428
800756175
705367548
421068776
647747460
852947392
915021794
43992465
460353814
486232315
490407916
979983865
405857098
703810547
939925716
442283006
315144802
353492638
294596439
401210321
447599672
381441990
232593331
748251421
702778819
639177335
933631860
330129576
923451962
221062249
685432907
190244844
318512488
867539372
60671552
78079709
188895053
284615779
51234333
254330190
289409466
601064381
143752899
98339718
35770093
688920113
390276164
862711965
659719796
446756992
464204244
210919110
150222751
112023034
240678412
334252117
926856446
376571054
179531311
10281854
749546064
47653953
104754317
601280665
803867234
798312650
923193734
242892388
187803018
994679533
502380663
926981022
321501899
112603354
730035907
859538447
744752380
714628773
14741747
93550804
60534223
509084649
600200820
499454673
232654498
736641676
321782601
84122443
38371232
665351380
745290956
141794504
934840051
247982953
757780068
388843937
19916629
243019296
498270584
28436633
536134244
242061796
57568977
4192872
836821030
627427015
48886697
246034051
846897099
987540899
595370168
823542448
206100751
288398645
816984269
854566489
90352483
524594366
460627790
463862755
476492708
353696372
638249456
126178478
475518591
300510264
474723843
113760760
24438578
108482328
125292657
537737074
459748647
612620673
641602544
276615479
714626566
793888350
321229859
79369336
962045517
813326130
227907819
9985946
244404401
669409213
560763230
556295239
83821212
780857803
64970236
310181036
522658800
502938569
546052391
458100586
432572059
821893200
344181758
745950269
971045880
933372544
245322792
206699680
386896676
657147456
441620163
195175833
57152534
302640345
642175741
14939941
482630917
247278902
368675421
738085992
253900222
703443968
190755948
941995514
941870677
566724055
405487959
809420002
475116356
181516056
20100789
352196602
73118162
749659717
693860357
453200303
503470970
762299255
182703972
53837849
457507094
445909091
63370255
491902732
236426706
250696463
662920812
27361017
267042415
167105238
619871523
345299646
40381056
136796901
356688092
245539177
272620580
156743226
418682961
504666018
862757895
570829402
770613105
616731997
121465274
387467846
6250515
213605756
273095390
59730230
735101746
427798257
859692183
49127704
366122195
663008731
498523240
864161399
106993464
271591972
997490263
254536387
974648183
157623438
167018153
638496420
253186170
519975550
248596169
327810263
808531914
940161623
811132900
168039621
660248546
691564853
765650724
212604966
487359302
203684478
900643614
674539526
263658858
221861830
907886112
372664755
968379554
212180474
186721191
869704541
17709755
707993030
562154869
283441392
654224709
672064039
46072606
631249131
15341978
587992439
651141432
208399365
98784793
604409880
890445
857522814
283562726
343370599
894920368
711953591
735553642
201318163
726377510
664600543
738418138
401189540
237015969
499761932
833333393
66578033
53823669
497700858
526936932
734025522
667171519
362794185
21764010
901601514
282293952
766127891
693381166
434641198
614515297
1496654
180459426
26758170
288546532
266709013
34385149
334950429
807485759
556521395
114620942
760869531
81244504
49466022
773622728
99632953
485831444
313360097
675461252
493739054
643833490
172292997
336465990
971956457
353687339
276246891
107393843
839685948
937153611
152480515
20830475
281852447
170338520
459828168
101938520
882929750
509291115
418958695
697844875
623349282
439894504
223379157
192111888
871662641
529676381
818480777
677274106
449137928
375286780
492220954
281433774
430687014
521356412
324202326
651816758
195278514
913960501
643675064
55410659
354149134
800610815
636323302
834071479
518275753
820880990
426708242
669839406
297558861
87666592
981071000
786622262
11829084
387905286
550763089
785976896
237445691
902376583
623447210
208353970
548149585
764930238
209518218
954551920
514051805
196597418
365418390
548797781
927462886
527897781
673016056
99843656
916926732
359926427
487373176
82743614
507460463
78310284
620344329
695294228
699788819
710227059
463159816
116295249
196579535
639512527
97678836
942673456
943328278
374656204
873077575
813843495
554466144
886346428
148824754
401794803
467390201
847798116
558910557
185754864
640385196
612905439
47033261
861642147
517599288
166525387
244322894
290073218
64030088
449008590
29054408
940038821
135244272
335827856
90603196
1573015
203060245
830639275
383739953
337030637
118824295
460780438
644930373
533703961
744114770
191371328
795694142
527900257
659089237
220068975
999368829
168898333
175454478
302777275
884072697
441217088
624864799
706372819
987879870
644270753
814532565
230628885
636024213
682602595
73063844
439641693
780322657
214304832
979048905
52503921
730590031
421481623
808113796
725548756
259795798
597931282
454100917
455782458
955700554
293721065
59392008
934003232
694729598
656084979
801015843
350341922
51151211
657055614
302139593
7849533
702792149
117121182
155010879
125643786
726724457
143844824
212542880
604600350
119257479
408141566
663494849
614233179
791795208
294966719
5004764
346045037
127438065
185065690
447138372
226029013
170119201
532245671
206088576
940902875
763677080
732293553
312950780
306182
625609311
229593176
371976726
904533591
590222458
556997165
154274700
569283250
36367139
736715546
661413912
935147525
147627711
869052885
810422235
321522396
905730580
456875041
885984540
842628004
250917424
769051415
462840745
244348840
360137858
399062808
851149817
328371895
464730239
584457676
124156206
237620150
980837774
487526668
615106233
250812828
448083739
225629110
974597034
577489377
246112588
615416103
888033802
911226164
81833357
805116331
358581568
608247434
340979734
669902101
76870040
48193679
120745774
112252562
284990454
135966756
988511291
92643436
558967504
106194933
971262866
702172804
21389147
997697112
260523399
331160148
919137800
206099145
692958006
286423003
502085432
472414797
177583697
82015201
808905215
803612442
596434074
792996864
189249427
62964828
887716584
445005423
263710227
452064508
787803214
153332926
454395886
955301851
673996440
956177647
986458712
247407200
346130368
425162686
788879150
198532303
779066339
856397903
117497554
957699127
16030070
80473469
618808553
508496259
165092222
6300665
533150780
899125316
827371932
951864002
338227641
222914096
926260811
646884406
432076227
573683927
297022520
320052561
637498871
56135140
872517900
863851655
307252723
476126563
717214475
813431815
174946092
680163024
467259823
167910208
759470586
694351934
908436846
657547262
94565898
695352974
384304941
98500644
943869587
196769119
710565985
896207948
669206407
950105901
947915313
853328753
934283733
828497989
358528158
146699284
903755365
788259111
428772647
710231900
605284551
223283292
697714883
131754835
383722934
781806596
866777726
582420620
394731871
685113215
319409120
148395534
541914515
571318685
961883429
274297248
59475970
572083871
232183961
650118403
93777234
300623743
843923749
948457012
859817093
117416231
370901277
875583862
593199808
666904445
336403249
671166635
78168989
277061127
112354723
269537970
289767282
148995670
680450351
999794737
214957437
167593366
376903412
164221127
778028979
205979430
263790511
633006675
360882417
464960200
777421184
549687526
328835632
183341505
349830723
774738020
998793886
851131499
914837686
582395933
392363402
86255463
385825038
462664287
903044825
341591247
105215825
420983911
521411055
858966483
429792403
486646253
661946503
721501772
575083437
167754670
691447628
126518218
493318676
690063450
721818659
670428213
925621708
324956502
539047503
605619018
447515138
384384744
456934431
761026512
266035235
880199826
28491075
871363899
277468446
258771553
52155050
382014495
680514555
438946272
802365348
561634356
776999757
361851023
719213044
522104300
198438265
655401481
695441774
572533291
791144687
815037287
937802374
232625511
605165255
998252870
803308296
401850660
975679871
545285551
560219576
260674116
92618241
671259866
713198173
8495581
562123654
922419409
274324601
269589417
973429217
733834613
274210570
155562982
97761920
17727363
120123963
997176621
713036681
119786266
373634410
850777272
788620451
380123848
342339197
656212681
60459901
887757133
81179722
13278540
533108012
222943773
98092658
18276992
386073320
168418570
884458037
323105762
840589297
942152905
695873018
357384927
645291826
266497638
675989171
567833511
517903689
18461531
520357227
322601025
593813980
709060376
729651969
489077250
954060998
528776453
935393826
372931289
546408345
288698097
907142799
767562126
581712106
51693198
322608954
726815028
812752067
207972730
543193511
451425639
264740530
535077704
916895831
48718449
989698568
599141220
800900754
869376791
478591755
801143250
373955648
295509197
264733134
845583842
208597408
865769474
183625930
809716522
345269247
200904081
969608300
114693066
161206798
997849759
547125462
83351701
704341122
200770216
21092028
775417754
259309910
541611537
175921166
332810173
296248133
994868294
113548555
770462545
280158185
334974794
1506900
834435413
317292810
537054592
424468924
44256798
606385400
388660548
740666680
132542711
340244271
148780040
25616595
720188534
456345048
155578351
312657654
553391596
265355317
563444756
332981101
921747397
883917071
219737399
18634768
688719968
478659441
141062138
86083075
806511951
397249653
502557312
477463800
364714099
176853906
190591291
721387092
391673314
793882372
737716001
389681902
634114781
74653385
975821688
416881170
393559249
911419867
30204035
460336385
360474361
515023279
485595749
636813966
523361470
352600951
574396628
315158473
180639714
846104863
89670398
423437576
835847871
72585553
852120274
143956046
908893682
988178724
929372340
140609169
560885371
524327026
666121603
936380682
207277960
643171890
312891508
162305943
471822181
562483267
755173782
837948082
852542616
672832828
756389969
308809116
955310058
82898271
294155968
308054118
216224306
837731450
24849731
49360814
832218228
157065516
199258950
36887862
826429520
96582297
465300605
495949493
864875909
672092356
732480638
251332315
383245222
514578629
497374209
211768585
217585924
66087681
269965928
856450345
246779561
816158586
455069863
144224579
406832434
681307907
345363719
297615152
594321148
669141069
759152482
735094480
964233341
199999822
535232611
472240609
669629764
986795867
491694832
776834967
721150598
993977068
70905910
252428960
826235558
690177096
201840593
342220063
768296939
454968570
818387631
473695802
656294666
286445293
890055607
423354391
649976471
498497208
22461203
990639422
165722100
889817623
155007168
138094554
831638765
862701971
12386871
634874865
31818951
672636327
583640779
247378916
583649068
522157893
534331642
923560386
908161283
231961450
539477831
766603774
551900356
100182642
415965881
304036602
733075135
412067967
394630027
462922803
94911193
81167484
280720866
835244859
645818814
164959907
649995271
800777397
895775877
994882240
499943753
619492717
765796662
165346303
622476999
744655669
380323842
716366414
994520406
990218687
592514482
982691514
755305244
810413078
868468815
515311261
460864722
711046111
308903897
524410356
387986396
514911669
714659260
649538841
986779698
464592836
148539356
869767397
331810428
812114087
646369119
926570099
618262480
793636842
206842790
913933129
888557486
806249926
133476864
720779622
971008470
307123195
366509768
645034543
818177664
351456839
258115493
487367207
795497059
979192219
838461530
598673921
584820860
559264344
16224693
357694206
322091379
920790930
804083498
356092526
54206238
676715337
819812772
363391698
631635426
774547104
552171051
423077654
60687939
352167088
582371575
356722808
172635703
78894346
849299984
138427438
704564979
823851851
503261085
503932129
366669381
770000285
972866867
996558294
540889816
608334495
630551724
134119618
146067248
560426227
8794359
993140601
975026728
136261480
704370779
222626510
789088107
317503380
123701905
972802833
913712754
531994348
223738613
624974017
847611691
334899956
270785467
984462617
264308970
261443344
378567229
489346220
290270138
800335026
550884196
345739046
565072369
794098306
384231806
366318297
209171432
831624429
990612500
702860751
544598725
436877240
358676251
481761333
622850628
257659234
237115561
965450023
166042719
753725149
141027384
454822083
159033926
600103381
103072775
48750162
951802210
869237042
664415590
90380111
747859048
8323682
777498432
49786724
695966189
566108041
804710022
845987662
880456039
139508413
951232200
853529382
101342738
677667548
52515374
424803009
146644202
314211428
646805960
210056622
334763354
502694801
297619691
159392783
70770054
188199934
17635366
457651885
654094475
115361075
892263228
546723124
461521056
187567286
178197992
469158599
855866700
634742758
376721847
99861535
734785531
910210141
28661753
100058797
906701964
171678887
134128363
721779599
8589758
546596063
329135411
167508555
605254431
666047767
644476857
48307367
29190622
417197437
512237688
847387602
163973319
365952247
513294243
394142324
755529179
803365742
143213665
819787362
470917108
244779375
338421048
650021003
683748442
590076774
496626374
968641946
555857045
835992062
559519868
530039139
37305781
683926781
888293135
839665453
571807951
354207753
94164508
162152159
400493509
934063468
282961298
789747505
136996286
772927234
149134218
490370275
247030936
855456057
874438003
507085704
989777877
26816349
693068971
361028201
119716813
717960720
516439901
995217199
841299169
697006340
66342606
367883880
996882316
104542797
713301971
976963596
81725985
706315700
747005847
215722644
309437326
709874360
995199730
826138511
226935709
835269448
844139566
733179230
618128167
163255986
115328629
707215661
858812519
654317809
185303174
630427701
686874263
839499653
628673191
714448511
531038803
866112553
622687375
764519553
96276058
836449907
581955466
390693945
951019693
360870186
217439074
371650224
477511218
603886334
812902407
160873166
999394043
22134493
530428250
800956807
202528578
235064268
313622253
970452426
647385617
158304696
69202348
838278475
568789345
632591693
787462139
897615085
443187265
774429349
476680057
923844431
623415339
464412754
2632194
121377335
490842329
705829873
233923732
732209178
889469090
673190615
97924458
296998825
682478137
898681956
698673752
832107674
44087412
338157605
512298216
791517137
134647085
195614737
846662536
290853220
6146577
561845760
511726004
436383003
175834137
593789237
702766741
343359190
32602346
889386821
487820561
757374714
655277403
115806713
299968501
869024418
779926699
569608891
462749079
732866308
986257114
923957455
347385678
317293297
994990795
472920969
666530906
225083197
800293785
800366596
117213114
492226772
189601217
178902431
445439812
188913872
970619505
803920644
993706570
278196486
140454322
907707915
541049479
135633991
404898014
106569127
261872145
252241297
606295732
71313959
475622997
581734944
898557926
965133739
858648693
668753730
3339353
588344066
298666098
654558071
360055096
43377022
447254841
809945408
717768454
921976988
73938557
880414988
424854300
675815587
308899658
764613756
200893198
989140971
747137673
26398569
147912346
902741114
198624828
338607732
520292934
930827096
882990317
789700474
480977723
197270968
563114968
834569893
538553831
194473370
701908694
65955698
585250124
285122900
209205332
920868159
222223463
623037325
399796157
177467355
639594747
614677679
576027620
626522239
895896762
162207071
800830458
44338481
636241015
135297980
376799567
569659634
392366357
5338939
110139308
607432682
747689322
355940042
533185739
995417987
217296479
242359669
334114176
12175579
406215151
278820345
263582881
776456548
234601495
744105812
923111349
132532678
504578667
953176059
95328358
794206723
526566649
891384258
275086073
87934958
100216120
762283780
31626079
110561544
714596202
224661631
302272030
416042217
380976010
637271793
499880063
395952548
492282896
718598633
239011925
583128371
115804979
405007475
516657451
525376405
421341005
759489848
840772195
327965394
519552943
891210615
783032204
513528804
639078688
139117713
755008847
62996815
960700566
205089572
364717882
324201084
836223825
456047884
824168082
688787179
776640309
777762541
476276211
314170948
433638233
66729742
871228285
934850766
863890779
391695210
228460838
193506469
98047112
860068088
876961060
34152212
286464929
377767437
410778240
261810401
124200798
99442469
799557152
891743535
266076789
472864123
417622606
849006064
809579046
784463348
961461048
449506321
279282163
750621828
581662036
103576978
610377709
911616932
985981752
970599861
920235918
285568910
592241047
607827616
596502466
891286355
890741542
859741282
129891229
986646475
70517297
163808785
448001803
349162378
236954673
356516486
562531057
12083476
395411709
152467621
373625471
16461896
11552649
505150276
821304973
758780297
661231263
172288991
417499211
658652088
807287686
477510581
514910973
122790979
556976076
104493235
527746698
456997651
998147059
494072727
897357552
176987663
547686677
92433639
800215377
920983462
519529230
750986582
890753261
934362354
333023885
690543703
272841104
911061063
208052128
978852490
62093601
338608835
449513885
561796338
45355445
110841478
674834333
603457349
600829698
27868998
866419972
664579109
153836601
259860154
264360016
999633986
718319272
757197298
606572162
332110516
416802256
981515538
578754547
711071735
544189916
447065571
866345181
448346311
52867479
638169455
374912255
70370081
460852932
267688137
974695284
313890670
231150751
206369596
40928814
699766743
699001379
973426032
849528044
127552162
6874598
918529660
302747095
833010817
35368611
913551647
856288137
565684773
305739934
536671914
69933144
977756300
132617276
209530868
40479185
485828734
242436370
788754815
593640956
627243585
598648412
981933071
508756433
129132333
68876449
555390526
794339136
594109838
264950241
275241657
642953601
443772710
64991088
943516664
263579736
51108414
810435748
851887055
901249228
381706903
806469433
182450983
678053133
579862845
338407616
603192895
181909698
909835378
842071503
78072129
795144571
458624834
341255060
999606050
498082843
904720359
522276321
528344456
34742025
460458184
454667670
47659784
963767278
633029154
336015824
627051411
743963002
608114942
893760031
504404019
424844927
620042550
990208377
290546213
533081070
91082331
444066742
348795553
413666319
913394034
210055526
58812796
884844451
71330014
55334322
762553578
787021071
834263979
474282804
736737158
251489950
573236845
262537961
319079775
180845186
524993183
255051792
599811566
589332654
988309615
986277668
898096323
579756053
124868216
724960286
28202971
938503324
814768094
902322437
500174115
617703422
968293357
610479444
551256070
155717232
49052546
519091681
146516699
185759135
60232502
376990772
351134043
274119087
721130114
237346522
998765474
459107432
570769524
79431978
707925522
856111168
788308601
789893721
191528676
276790400
886062059
210385027
808081800
502571534
575327946
7163346
641390065
957858812
65962319
896314018
232241579
270343951
559436957
748920720
805112290
456795247
345733494
83475439
280424909
365290769
176321534
31880432
514840530
120240326
68348644
759014966
552081126
281062660
969846999
76189165
703193425
484163120
592345985
313165249
177838622
449863863
137766215
469930341
154654297
649942087
283455925
287210352
388187685
398426533
660306758
416641065
885968043
28142751
783486024
982039760
338509972
355352513
400876092
24165487
891522424
169748525
508069550
355609204
806529412
791689825
93539759
945252365
933520933
435828056
225292090
239748048
356519705
579677581
227305108
662508613
206625794
292763400
129855838
366150946
23365707
279584589
262652166
352773468
683685664
514088742
125966366
943309827
67564507
278528268
560821610
613219552
95562354
736699700
245310651
123786445
218501868
639098001
60135387
978722370
56259769
589660940
135798080
770799411
255041356
42050491
796945682
187804253
403546854
279199963
924848766
56920090
726103576
979734803
447987190
864442019
391801939
253509181
361187442
439405547
219922335
951928184
2855090
400807014
7568281
719359708
776794282
163670761
942665759
123698911
745566347
242420374
822825972
1020792
310688397
523187621
221477570
490349507
255804834
467206769
495863519
58484644
956272342
558272241
653649918
278913149
918113628
877650327
948628891
693897100
518026966
377979485
974637495
454682726
166739735
857785915
864320096
33144596
224490232
736473019
302804035
57834783
137833299
628461254
3724443
376201255
908944507
340782906
563545072
319047996
387504671
293508950
374120544
175572194
676054308
151807255
3184929
110003112
803863794
499775018
978301117
521251679
790006898
425629311
621886785
11222914
911377543
359361510
350657939
873647747
743615874
195480888
526873603
27842916
461729308
605344963
720375447
597490507
560711915
363234369
757679784
767765649
246335162
919570251
158604246
208939381
479544238
615891532
655707836
705313897
791881491
479753007
35418976
481175896
730627724
84632526
515856981
240017726
511573117
844175238
203312943
501902332
750803609
219858606
635105693
299533632
559592319
410271094
229998980
840362334
641284760
343883023
389667753
712338946
936375581
455817634
256873089
830064231
626128415
395212287
206238308
324278430
867570157
514905720
656927016
958039073
224922964
77931551
975372212
158878518
703383142
419979135
30671444
79858402
941692279
57512331
951180000
776084294
218408897
804232288
919334666
366398275
60582755
606554448
794957580
804404876
699253405
108768965
49488513
4398338
482300865
233948232
938466780
221757185
710213295
914321429
232613084
763400417
259798714
385971436
297547836
320723207
972964270
771705780
72344749
906546839
681532456
707921127
888215510
437886243
565101005
414656857
746939668
170489281
741053346
894588985
856261921
661153351
866951757
310103240
206327531
961348398
601276034
41283494
224152172
688356157
100566247
783959341
528659247
700898470
456642484
598912651
862580021
569550313
782477361
733380721
690192423
127909194
700745595
5960642
399023563
232526880
296629907
764183091
482175977
525158863
995329475
510927912
384167464
927173162
188681290
414949925
728944207
564389570
245779391
7472359
40993643
737669961
750083382
275020955
725432911
501948918
298434214
78454093
397446943
449636948
218271940
570503112
306867121
206123077
256105568
932431861
530168863
879681642
312001749
326594907
61448347
164061428
907684855
746580713
510056250
16880926
21551238
546270103
463807746
632779691
618611318
544375853
681797031
386399356
165330196
579979078
779859246
778695791
992246220
103077999
407803984
630881397
309726710
400888988
6413635
610142807
172402482
977542528
866251495
690927767
22809042
973721042
750000112
278879769
643902385
513801392
648502069
478791791
942608305
970024603
328552348
377093180
842327397
235233422
958549285
105602398
606468514
883832697
381615188
393460374
942482306
271151761
388332292
164779348
568592617
172934333
576579480
388172220
404946716
122812470
534662237
716527659
201182382
560711015
766535309
416233346
291027326
474568595
992436137
520489431
940094124
677460658
498374051
635275557
77642683
962979226
529093248
856254084
931777967
83988170
121940201
502124537
991690812
474811256
638794533
422622405
409225399
415888169
272580727
302015202
533694203
14049297
292175471
108284659
224354894
309180572
545987945
360174968
302146060
488465
267712285
190612649
39934489
867492742
501594955
66277473
92589692
100256135
646803272
587222751
397429124
58063726
995687947
260067376
552421736
792142374
817704752
994662369
487891568
590824502
756518935
730188059
879241503
24097531
441261549
827336185
504469108
901233202
863517412
492195035
242605389
841826987
242026556
55974012
489461947
571845872
491817903
792778425
671429868
753276046
572528334
948171584
232473621
826286137
967275350
294183566
279986699
600246847
274360707
487118085
572778363
398476051
549044343
203712923
532250053
999322598
604099887
797800873
12445423
75356267
942077308
879715885
92319796
162385456
208640207
290285688
124951744
352882729
969628240
390131966
782955913
868610669
213940840
799679955
469930129
946611550
337085831
700354739
529067175
54262064
355116440
278893843
637063138
302962877
959626889
806510111
396997105
994380771
785817092
589108259
975624834
563134237
910740985
847392514
338630688
933382797
220331792
758697644
133554845
221578863
533973977
465510828
627555072
763835646
714529564
46573560
289348540
896845390
133502155
777442370
646315676
446759643
544490499
646124424
639363191
185729777
175362684
7308072
351181562
394841473
171447765
629584518
372978435
976646634
820180388
115338842
695674092
787822393
976353260
36709322
813444604
396558452
272456859
464731535
451328139
886497812
801520209
729247202
767838094
448653867
970357022
819210140
988056227
678355159
724473908
987986985
767479450
253087760
873277528
610376070
725293086
757688191
435667612
94219903
558570110
278576928
488009959
69038337
775549938
804044292
615748509
22487050
474420
767284368
638354001
397316464
436998648
840468617
479087039
389913117
654094582
760992542
560409593
118887793
584853480
381439785
203220515
267606519
762451469
654968831
553805269
861874044
887052417
941499903
51882552
108750569
697628335
352153498
636062410
541726040
597977604
964863699
261109501
641832763
594456028
689811735
149054170
500785207
247475225
985604448
340847107
88536404
706543558
205850230
942882856
934913379
25666935
308927224
604946616
345908665
303787254
440664608
298316999
665300645
219184521
587782836
791772463
740489045
986916150
361722468
832358238
17554733
702015791
289470417
688733179
398724598
647935984
32472269
681953895
115360555
762535694
173156642
540626907
572610389
336013794
799434072
108975318
672144959
445834070
342291711
274103633
572067390
591526276
957561990
746800616
219223714
721528327
491121010
432946571
112746607
662009850
656938109
102631641
725990394
824362932
260072970
303431536
690007799
959949216
139664185
645045086
527645460
805179661
461781685
900232615
932502680
899423414
841593872
489675632
824760578
427650017
123038706
913028665
801299478
487039832
840261386
473795008
386355728
288067750
126144422
414495002
601925963
354129550
831798333
382137538
888143474
856335954
733935735
622318415
660359300
454799407
745205620
602638319
678867084
866841207
301777394
829952326
139452802
814546720
518347921
769526506
631174268
921618600
889950477
593714774
176793246
523358061
854020059
546997179
580167520
762098349
453985885
418773802
812473640
11646369
490624524
569355547
99796895
92838162
414377198
924768463
544069207
483294678
412962356
280354855
913783997
471316257
3996048
797974037
365619254
786004175
392223926
482824355
48575558
456386362
541772310
851761408
853162408
20235112
341185336
667776734
930472852
524753376
200944961
637792258
741774224
910057433
7032460
191679868
671781876
623101445
285386528
16243502
343600953
436466166
475841797
766679631
176255581
918082956
309383735
837194155
66652175
17447034
993985284
214564582
865858250
554304930
518549651
139341136
135002919
349702565
342128672
592155447
377666608
812045921
40084797
728078445
65021517
362112986
396058740
969216656
589753697
789725175
729233144
128392028
459911979
441029518
414885027
176180400
690865606
769430012
584829001
419951163
271481373
906903566
757535748
492334031
870919363
379367186
496258291
375306658
632900089
357897917
628342122
496106968
591716962
816415582
332154291
661058818
405989960
797417673
412018046
720353282
82903175
68217025
810874102
893264056
229358211
186952302
918484493
969829686
59559472
629921540
707362985
36143187
918798078
303670398
918544291
612469881
705020355
134453293
430500371
991966523
468195852
72957092
667005460
794908717
300884041
734900695
876608904
434945910
97501291
156039600
787757730
978796801
270288441
903733221
822176287
722252115
19543167
286375499
80022651
380007669
189210328
396124021
875460907
93133160
309011838
193391580
702999965
63785848
514475723
116441576
949643928
50957794
72338462
391047447
120184638
960447782
761341365
93808515
786229971
178015190
896909491
701460280
564504400
362007257
992090117
404661080
91132558
837091574
676402642
445429893
378064533
628881026
655077736
261004599
253623058
515898863
398113418
77894745
532722148
638630858
186108458
522412261
822587114
113874109
955359775
416737999
608459366
871981187
432749352
626762346
296616756
100750755
402403279
417611370
464915914
990391922
415083674
555532303
250231713
307754944
34349078
742569703
382345566
752935786
148785756
792539884
573030955
795380308
321497254
264557405
542629118
671734579
677761271
882415316
522816232
361797884
782544729
854622369
872248517
319074362
224729343
409840461
269268246
718521349
422355712
649349141
221596979
587679796
186448595
524142827
574323946
244712187
269476231
54220256
120477854
754992527
23657928
449527132
163348974
645417518
180770350
750270884
400607317
968994664
513071237
781204455
477605830
997629819
997243883
899313805
748217561
352600010
134340334
294248041
615533390
995988494
36278629
644303669
997842331
571196622
291629329
180846423
935615783
695940952
514912274
719260308
573585852
151577316
102743184
64088372
61445253
696545459
552980313
361773986
573355990
669800681
490962619
350903571
782435044
715930599
658408932
633238832
575904712
845479897
982325728
734854100
638030703
772142488
785208672
999704194
302261499
164061203
403751775
350486057
246459966
473346769
914148463
657926692
432828724
829033498
91860915
444810665
409576663
185809901
305905953
552641333
535544084
745023096
896727063
318602124
371145584
737240730
56352212
98274197
987033231
878408564
524463460
40480518
219588041
321283602
167233131
712537777
222749813
294086522
389007201
955319314
803995559
914443576
659930623
136153118
137405996
217065178
2593966
604227596
565086706
735566916
584962107
827384738
284232390
22434361
768944379
972613912
262539308
896810614
265388695
38453128
921554715
236985300
301123473
769681809
233234000
280084070
608845173
171833649
716696153
218349873
290668900
768132923
909989379
211497755
710060591
875011168
32078292
322189650
498412826
421131889
81935788
891078869
730798869
823027277
486952586
24110095
377702522
408357988
52564357
349680633
780552717
895415094
179354570
670253596
552683397
618891524
868142363
439851453
923796136
942097829
308036786
799606872
418088701
501155229
987515052
359679906
993553446
892561225
353668148
52197434
148285654
19346670
69055345
814859991
750044833
357046653
398808845
439396475
663556221
949648438
198047132
852218075
427261666
717017792
516095790
374702995
174363890
262262315
769316624
486423602
83587478
467401563
671009383
653174316
952636108
105533339
148169188
303628144
881468954
313030320
782189566
503276908
670979956
794074967
877831860
132303220
801145635
97097615
860675230
301410068
317867816
664993734
616814478
140348348
731022197
139978023
318793454
269613226
636897175
94909163
805228106
209977309
358854403
529385992
351895485
489516936
825300880
345072534
738625818
808067882
909953279
165964733
197766428
332199322
235381591
626504636
692295295
253557605
838777482
153259278
764169191
515753654
577318542
701783186
165941503
199292424
451960718
708297363
519668351
15252271
425094118
814860237
323439547
756731168
787168219
226603146
15490960
451875455
582538080
278069234
32061507
898228116
736508853
166215616
485450717
444436108
102105023
147273932
314002442
765456588
58361383
891570070
605631838
234586502
103422926
62946248
345732719
561298223
392345138
686204795
725015112
717810623
662480889
478071165
268250306
867311286
36843438
657676287
301480936
774642495
758056574
899240172
566418098
184275938
162521727
579225086
377698883
615377946
442720775
784539307
751820514
962507340
110209586
975165043
165754889
364182886
773127304
23414734
695586452
118861183
13305988
265949052
92807628
426355746
680485018
804720464
289227484
437639736
896438463
50008664
860361992
55874773
926920182
979448224
172355151
17846660
20065071
719725047
374069344
553317403
417728951
57591092
26492027
52320218
896714004
480832456
9421046
80693402
300220408
461691878
567279807
11003977
167163900
910614586
816592506
581427204
63602396
692372377
768367484
425348328
225418689
22166899
633354659
572268011
995437804
675695696
616866434
199557932
57610714
537201536
884275789
33715884
934717194
176965078
494134673
406670847
561697990
814718222
466622548
449426743
920705893
381328372
444630815
367519159
679860626
830448777
893959434
462109522
585384159
299581058
600265637
351829936
919976558
967142916
983513685
295737965
689931598
944080508
622566892
226958393
487466375
615251545
690511584
979040243
10129960
350609822
826402378
498235409
922092004
362705281
967358304
891232180
934661052
187598454
953689017
484872273
895035109
506666408
480946825
909628281
472311826
772306574
444504080
778585365
880510038
573864850
681290464
582285525
853470751
77208861
270855557
598535740
478582975
426628098
859399405
959547186
551637451
713592233
418219998
443841052
712856161
896060609
105562352
465450992
870728412
252811421
317460977
72470443
576540262
736032568
183323534
516552332
647528660
134529452
236702035
38726456
706963429
638437830
923650814
703052228
724814735
533541210
441402412
115553290
266179581
196617352
97542350
2312045
122048682
152969075
545209684
45048302
842569413
922133765
564185796
511632159
119903946
968721566
428819690
623369022
547905795
689425544
37205332
469751832
439929913
916267879
595814630
883445408
99627161
913375092
192446567
915656666
457664840
225961330
686946105
757813266
405532720
648516046
392834537
278356940
140653436
600634162
650543954
7216053
42451400
940750731
415630426
239775204
258322987
952807972
17659859
134951299
861492905
778338008
632952129
260895852
141098516
908409570
873617995
12633507
611367446
350130635
994472123
377996024
875251579
12217061
331369119
575119447
92381963
899824883
459510192
914854982
500961175
899162630
71321628
607877895
286678544
5790443
787986298
793354067
546513272
865584674
587023969
843213701
906543629
367223654
904384702
980299479
616801223
710610531
696177607
202069350
155730427
170087781
944133138
251441417
661684511
51136297
514246504
738993414
704801159
105322361
692732287
353425899
14552841
158262921
720581851
567177970
840233329
929292217
889822918
300446717
583291152
711000442
157986105
565398732
518652222
758345795
957480572
306020525
856860532
878583727
856840085
993529892
634120311
729715043
587822608
65069522
684534093
826584632
275103440
897917810
951893401
461718704
430587485
454854877
920002714
428515504
927844012
488199315
268097247
259548697
842757485
595808965
780426627
976839508
873943083
171676491
411814687
280051656
461196046
749912625
764560512
980507546
932791170
157188517
145607943
589799082
523758112
243722733
958590177
612616863
475024268
270568012
463777537
329755876
220471251
747056963
512284393
918247930
355541277
153094291
704476658
961069387
338120578
239350680
991068627
164171038
498847862
482580241
919431187
631677541
506908986
922170281
655601877
68290043
817325131
595192919
63683385
319117162
272855639
155329473
44270474
717837666
589242323
645644893
678948165
374293079
403785452
690546038
574392028
261133688
149948888
122339248
714154503
277188960
248577636
419005943
88122791
849799049
593476220
62773556
266091467
59667443
61395848
528732326
907086426
186800628
188654428
934247449
92125712
854291301
367509341
946816877
842398669
146691622
279388213
962409550
93008829
52736465
431358593
257436707
587519906
559834677
947556732
226307685
243808677
72899437
150106812
348590590
233916742
143742370
146377486
669572146
240907416
861328599
485167417
948669253
157582076
664593284
609081126
253590978
542357762
854543887
386897854
793902978
474575655
144783777
295025301
446234334
265667839
189506315
554114823
50849421
339431047
544113912
738651875
363945071
605708258
182737863
719762051
650844715
549709416
732616830
238850954
952842784
662791401
426424591
278071584
372534188
309467739
280741423
894255201
557623992
209100427
410313560
463813374
875019013
421861990
405153054
935139392
439860096
643544939
95820000
545381947
161103045
43030713
66471204
476656439
444667865
837157216
545429620
343661691
556415513
966296119
510070400
243408150
206824613
427646758
333521128
805888690
945857353
749820872
746754264
1064708
140670826
440953893
982704424
682305946
336471533
979636209
918590246
158308834
144787939
131695211
552038035
838164474
32139920
366319776
920288020
79078771
10904695
724415385
406523357
325604839
114571081
40839141
264558126
857701737
219700131
942006128
858958200
528527869
524343049
765955557
83485426
721273883
169925567
260182723
985712669
233052601
339096841
596226892
384406038
367363987
477757408
709176594
578837483
18647226
606741558
36861343
391629218
296771855
922751202
436716695
653213543
708746616
724586849
609350532
947707909
387738232
595140890
549762309
804376889
321130140
542664654
479691357
207572991
337973836
971624790
784339375
605622614
669894288
916437269
43132225
318577927
668751067
447092557
782819724
986144924
5893117
676975709
806552029
501878985
839517303
313079982
273248201
309896865
123292007
936084852
78637726
320959413
463840596
63322526
99081883
762653893
927382013
276957438
553716312
554397920
561890182
524983261
383105552
530834922
767623396
804055445
756537248
761921385
681864623
125042371
505417758
651245924
156600156
404461549
213981310
404334772
661266520
991124257
748230121
593855202
330918911
11570212
258119818
681847146
114838843
987939540
866068730
823411468
682281962
37777955
663436847
370076933
268375677
631853732
508741098
646251443
182335553
763292912
282933871
347326361
66608449
432011571
84488287
475220605
827406021
31036007
37297041
887436402
490044672
626052171
345192148
844405664
318717944
314728431
108980895
481664509
27547453
315599292
325496932
394006069
596840844
80152907
315319328
596313784
293571416
4495464
841430013
906629241
306345622
438114046
262181791
877130008
613518370
751707013
631339070
187570168
581378495
587098024
973445203
778269078
887605755
771873212
784532120
521532877
86351873
358556591
642490149
455979954
983769260
488473975
748944648
805649244
610706798
816351516
148387081
884191870
770120040
158603190
354404221
662403737
815323684
267851030
385224272
244698809
217320250
466905122
708399384
262573350
417903144
338225993
161887097
781611683
827311893
780055485
979167892
969358701
572694735
454387805
450931296
269820275
74862956
68124153
961754116
557555343
185224672
886306486
80055579
886263546
263364727
490940933
260486844
289474954
669746930
619078430
401206716
282005841
460391055
663737310
938241189
468186141
311166123
455229939
338163227
547531729
46137442
944579203
10000638
247554160
433503658
165411851
800156069
991775448
48879213
580594218
813113032
649129776
784660566
724334621
645563781
826678179
385716239
89670076
122046492
686505916
551546738
741449432
752528620
876147195
597864343
211462986
393084352
158657998
422791688
91390967
791892525
809151498
240513701
486491819
104589176
985376506
263239711
224306814
643099163
210777834
131582499
310567073
391514560
490841118
791306922
422467272
544326949
847715325
445079738
290647145
185713188
710050504
485967892
920690566
771703825
530090422
855605784
448606660
179301427
685235532
503348132
703607086
479031571
99642338
351983658
169592310
180559328
806309466
919241041
409912731
450344352
638388437
387414624
970041088
901928124
367968346
941139762
252923138
913491328
60168712
645477590
270891598
408008254
697555122
904415288
84508255
813692727
213192643
426523382
185681473
51664719
633988205
703991129
315543014
911161327
309368373
846473519
664272423
321228322
602641511
341092612
827556891
663130718
278123620
612162946
909285933
705321353
741127045
388234792
55435218
333170682
732810425
895831413
638351615
277758182
284233072
822354830
428139779
543355824
388845737
461767559
182956537
634001463
331912991
882834584
359472393
572228266
56526662
686016842
234425016
182213706
963908016
700093054
87323447
72112519
246646285
429187179
621598489
318828708
755759806
682196197
508682450
786594519
367451299
350453058
908972396
522983041
92045763
6237000
787762020
245552896
976602464
619949887
584384169
496845512
370584997
313524107
394297664
524172895
947630971
817213281
142504644
28168694
470338896
72166246
168957872
460056840
406340815
570243765
112529577
474865196
78199610
110834441
545888092
802527983
3933871
369738255
100846556
71887298
606781369
565190171
847791258
108322481
259516502
497263303
388862116
469618414
970296005
68612580
504112186
411539613
897202391
378614792
550605266
942349236
350622883
488765268
926894338
698980647
453273715
100246205
795164468
493520016
421195954
742588465
203929813
97191089
395833906
858464455
400182348
574854995
109377647
614648735
737442713
809263698
833312751
589215013
864588647
784181400
549681149
875482186
444087440
365975085
584326593
684764038
321049671
816885072
224311572
292940596
667423675
785025267
675116955
968322423
788674894
406242246
864730268
910217946
94705159
751514539
937615004
39082395
109659650
723983936
398633482
354672943
588495313
338037856
895931866
906590349
835186814
208335640
794317117
162002011
174627124
827331850
566403492
927148027
722438314
187023885
585151620
990128591
222336856
54004030
503731929
629440433
512746195
640688144
544411755
184605580
433759158
611388172
717479762
17910060
711191349
870561444
487250420
396071468
243406644
274916579
764731768
9579830
640195215
963596913
340137753
605760429
722609997
305475999
600990616
421760025
983699313
444734445
640199672
576033887
151272346
810285434
910583235
514105204
155394494
80630248
489996417
440509082
125096854
778233533
435410301
140084669
523411781
969591722
475638489
291929082
366134868
499455277
790980834
596181218
236066765
139950389
331886927
718472545
431074432
441912780
740047344
812446085
982183502
809441771
722865815
550286185
649087889
784829078
352731685
538137884
772829064
420164277
477598156
641696610
837723278
675800930
652004962
662003252
593973904
601476904
436829424
619972052
157063042
399212886
108202012
603787106
551778623
536074599
519391783
496702814
350780953
759263104
564928935
762253249
582463483
181212223
256278765
302057072
402220053
585979425
896858862
619085800
896111995
521663142
573452246
32799342
238344578
754797144
700755620
49840317
490320527
152798271
752714797
536316115
21778877
836509597
588744207
251083445
811289517
807877464
148342076
639384428
322514211
466986327
860280615
12057810
324738123
85651189
396545759
492510931
346145573
718897085
133592530
524170813
104292005
186568237
789672201
488926204
321690115
339435889
806534922
166882643
29097330
703265717
947551439
842721990
922155725
381935762
134060354
852546200
487869869
349351062
29928435
281504341
745470419
27605469
760046233
928269912
181713603
905130998
432878826
807083925
231617466
449820394
82826805
622038987
277701340
370413414
582717768
435236764
832554183
178800675
308473036
888110733
704769110
745847166
222451153
303557440
979365900
78532976
203036285
82361259
447547613
335442032
948162100
970400745
374237482
142200089
441905830
151385991
616306769
507757940
37298937
673591116
153927567
59761285
109106959
298887151
272637132
805850369
805607471
87124472
679850743
5070669
213770756
471050867
84844432
9794922
747089539
514506681
113248899
213621891
321653009
382582135
663282821
578449301
650479928
632684950
79958113
994881356
929228437
489572600
574554591
847648555
889887591
440859462
952095819
587525405
625598167
299990742
110578710
762109005
431516955
740687642
648474630
671680627
980199889
787081712
143261806
450984691
838339859
907156749
12661970
940742186
924272537
536322721
123407799
863557394
14015188
840476328
642513280
992562019
78950537
12933274
851054577
222389144
266183269
551347731
182442648
972365700
338897482
713938898
900175008
289647844
625791915
875678103
889354105
693669971
401842312
726956094
624683255
115473700
594519729
491894123
468805558
804387332
277323377
191716004
777437561
252016494
853454971
566396388
531211313
109080356
771143651
527443605
660451385
872428170
907345792
613808779
445868056
611822607
218358275
675711874
591120361
558808766
745445378
320608396
446805503
301343690
961399838
562410381
520202359
761814622
805696856
530430585
442236149
907437751
897429376
20936563
245019065
135938292
602956377
907115088
591888844
73579992
33431377
227667193
940251627
973071035
820099770
533637848
573271668
870447390
899974771
519577344
426270611
990189481
621748381
345561812
104693191
990123136
902901480
312064762
461926640
903561524
221768929
720487852
165539701
408477210
447131443
912026276
507450369
444077315
832762115
617430790
52854286
665517061
424775180
325745039
49634222
999778518
304841691
100641598
394512628
59502282
165752984
680246289
350187208
925440769
725458154
172958355
465367765
747514727
926660105
919580269
880545886
32791145
870386209
146167333
505952021
27985960
538708717
358474874
189810746
513754505
144438391
604064528
943436590
749795614
169606460
84994172
172490828
773556314
910437277
886343628
385092669
509428148
990773168
908218773
232518881
388439588
150238421
692685895
989438804
84013113
921234101
528801566
227155038
636241263
56576427
594379169
98485524
156585652
946715548
372331572
719054079
440347139
306444155
884828190
294201263
397110554
486699045
415885254
60920466
336448657
793869526
565508346
519943615
968147898
304410932
111197221
296642616
305326152
249190375
413003808
663385676
609872171
498804727
248124969
311818106
15664744
544895852
405869943
917488063
426695249
323363605
216922788
567987925
541937690
620817221
757729475
65032389
359097109
967073602
115518580
297221513
76920139
613592842
225306615
418896291
705842362
424652128
971424340
994627499
590856644
903774374
438036342
902379706
999316468
765013604
975578643
915524165
272472790
933855040
991524878
617428808
118572186
397481017
920919609
605142087
204941872
565331617
766136684
288794293
72592993
908542624
91499799
506002735
670296966
553389793
990447800
73367532
598851091
291540924
706409737
78599318
475070088
874316714
368323229
754455120
391086510
669189359
905577758
681396799
5407564
702020190
90603
607919625
539661145
392884990
240869886
671217705
412589081
235729815
286745958
162296014
493083638
909619747
836480702
575856455
547718372
249242525
18131887
509647593
654456082
660588440
840784535
840441908
140949126
409781929
387182782
809706554
683245353
164034537
250060819
375902997
995131370
656903779
179295628
859934273
920594325
638616309
232402380
551389727
925487292
88190078
797607077
217058695
863111885
5447359
972553843
744712102
408700253
591063357
127049617
564574265
480439668
812907664
176250079
464456876
90497003
897930586
587395633
906339821
483652830
668139761
886190907
336866221
485674092
790151942
577936493
371795193
123962621
963307313
531722993
478814184
845525223
632783485
11838341
394855595
705039158
968330798
667763464
440640590
989611958
439064717
616364706
206343676
940784250
634532645
525740724
905054997
11120573
987928060
358286844
745054988
378662161
951515394
184853786
319355907
478353027
104535969
681390780
497302252
387759691
309474048
461717118
999958125
968161186
114471824
176131959
470269100
189994621
589444666
531795540
946422790
647254683
224474685
893507188
804473466
697777756
46338805
897437304
487650419
116131827
606077582
161001340
151630803
781154153
169539649
186293431
78837919
862105643
972591246
177121927
570840974
974380673
996154199
988544464
325203883
848985725
515202967
45122504
553440714
328349963
604707814
986008012
491350795
67089041
61440346
83705947
305423995
530220772
592263768
899718288
68454441
283546566
957912821
211444897
584605794
310552983
326034639
299619133
619163817
294964620
398317581
423336994
410749239
659387544
567965685
746620630
980042057
899814210
108995501
649463280
803009304
711771780
798323038
33688432
699424799
382397730
407939322
407322856
328503140
462143246
465087759
938435437
746300441
316512222
603526243
684958283
187131526
446887340
783062419
98733667
959137290
221318881
220698855
411325494
76007212
344043921
676881752
466501821
335513384
1206387
761482377
206614918
444622051
890011792
262567635
120724080
85416446
203348713
331793972
920128719
116731900
770906488
969421428
909743041
871756093
734583406
349966252
726505788
165320975
324903767
481174782
862342776
803956391
95518995
160693332
302484974
86043160
720440086
898613139
596544326
330832791
441214561
664068733
825422433
656804034
664367198
248757115
172262098
224529230
85025623
190772796
268638501
814116991
687251768
409606952
476748444
578108287
218821741
426670515
610785522
550131292
441371328
805842931
61656225
951580174
929012099
988745613
555515162
2392406
423255539
671250187
768145555
272583039
600981447
675762093
885082457
384373977
297557003
993366448
259463573
638451374
119138571
436792902
438642901
376935195
277896000
218274035
36506839
462192909
46944285
338478883
385824143
291955986
255037260
564969782
978061054
600244371
597039716
546396071
151773535
100827690
605631408
134014471
863724619
725701924
400047499
341217368
488930769
116396070
756943346
535160644
850614204
816665323
640234525
769070472
589368459
520446984
287286183
280292563
988112783
22855924
779629887
605166154
670039475
18836436
826595220
895383101
750818061
103192365
132242198
424975130
92971423
556721132
284874488
814491313
959201218
874112732
251023917
728726081
176967214
876226449
64553870
180334852
436071859
157033089
989478755
467118285
31096491
269986962
602244662
374423626
524104568
570222661
975366403
921478981
159831032
406553962
990908403
917241108
470146622
48363777
241589409
119452106
615424884
173068349
931929256
332116538
43601297
401755448
769344253
800647415
522026010
953371551
202559168
877991140
642972284
6278028
277655556
899174614
347225486
64159830
375307367
605292046
508500316
68290979
568334259
791035910
60568113
619746020
886966445
518870549
889337394
154034400
872681015
594306791
111202742
641392301
256509223
289659072
688160299
125215104
32196319
19063330
549270628
502924534
931967308
649900068
669203346
545580137
655722804
799808002
686031941
137037186
902567179
100651260
914163057
321442440
553771332
726529370
232070521
948715917
135758138
324645550
189897391
537303491
241766164
990547936
994238700
417119605
430841030
25179035
102652465
696082216
943233063
544175083
7959166
309068322
480972576
309683221
845685741
55377617
679507332
653335959
593566081
61298041
297008434
205326167
56871386
375231926
740314038
223739658
155859026
685894923
693776756
699646717
718974990
709434251
960987908
208567987
977558668
32626704
695006792
988782481
944490464
935907095
692502632
738956686
784747455
561338092
673068407
311424055
49184721
51784276
51780292
991148945
881092282
890270316
398325902
332027971
33995264
84351893
22994427
945909030
227495035
229545690
961390140
592592782
352351530
532614185
444882515
365065683
172865585
54276283
255593527
901216953
480778645
365908714
110058646
834698498
561353634
178458042
151381865
279109140
424374815
838521633
293344241
231353220
718655560
461899590
532378162
292866773
944969533
43035378
362603406
84248180
93750336
80606903
223594556
177205738
437598881
492477233
96995454
829972578
957764845
40796294
454682357
480209725
604039623
943910702
269141564
869531842
959158412
581677776
448959543
341422840
109503605
434800986
40499817
539087364
806982893
726512168
700660822
96554309
213673359
812070128
922818505
861272322
575302543
900943285
430992296
668911484
16191182
944071379
670811221
186775391
645362617
15569593
540534537
485209160
595955547
398769824
677720845
711273252
991923339
862069348
804877839
997927408
651040505
592087167
555072761
928265009
148257944
604380438
985534068
275982430
832888797
560410518
267189009
881996276
20561478
111826374
44454832
910146423
139564032
563159905
937425538
141855550
979316127
397731116
304432256
578012221
302732084
46737935
172214756
199351442
174943921
43176138
174537943
479981879
597713023
976959832
173592239
1347664
965766714
595458216
203807237
293081029
196337646
434586156
760925199
739333527
733687141
885663068
949896399
523276602
380992729
506250921
749539434
239944766
491928390
199095483
631058127
471826372
137219122
739245482
204212796
375850325
565254684
977990236
705908180
119973059
690154755
889653164
89583359
534221666
652012576
524850120
94740689
273696731
408318570
269263190
960392575
427532540
917234726
916442585
126484779
835317148
77882821
473192082
11612646
26915568
579338962
792062406
491511669
108834973
375234948
919150920
665574731
254026014
636558691
829110517
85035695
470076433
357039812
426394603
607374156
726910224
919017777
80619387
653436411
395629418
634110460
892420572
994852201
770237459
709809250
37597126
551140017
722599290
10427602
574289231
619766793
29073741
320696554
980289705
526601237
42041136
84601896
866941255
991506766
821590553
107488654
338968888
764273034
130037563
686548483
181063426
359353283
546005639
236052742
596664999
321519473
929469208
715135125
10468956
394641925
643602004
94714084
450727135
546744035
982441538
493518407
18795674
912269408
910965884
571423191
731678789
163751214
523745305
810744343
273214086
16799002
919749594
788079365
515278779
674889350
230314212
260057055
638873914
627520096
445403023
48919008
877328210
276042396
153807167
250969510
429051731
849034164
331536411
986723012
740056900
844842455
321682183
884493326
295716398
279926966
930370775
367709329
698599279
364025210
270926928
830705703
175714084
228629816
109382797
388244564
702516077
755681925
178168201
318149539
976056960
759014514
915345024
736843184
937763763
119147473
314290617
206255795
878797266
261330482
967742210
387079673
676366192
79254393
44595830
518623885
586753894
704945421
321527644
865268873
137497229
198595553
895664953
935359568
981150476
847791039
476329664
728644419
76196387
547364434
423087320
660011463
161335505
570494804
761646870
467226583
864013730
555509193
517100136
44145723
76085939
941580723
320307930
816824937
275670658
770099720
802038987
998355037
872921400
199027545
232614336
850285038
346832223
175756647
211989379
293324107
778719841
16105831
428894577
345680338
799442870
574895428
955882294
887067863
727143176
133248323
584487761
565772450
645961050
797108342
4970455
639719663
961689108
304215890
68386384
505319774
830944927
555410282
534874423
907246728
959891159
938048661
762059648
209548340
249790562
843439314
837414972
977749817
590918057
947592404
335101216
219705537
574768077
685107633
470025727
957924701
546826029
634962382
353846372
964213183
468528518
487129397
383613636
395667036
702373690
307867510
58117496
420601479
410945879
505888905
175206369
38305332
50005881
573132112
18367083
794479122
386390415
543905146
260209694
170032911
178879552
313755774
987161572
901998025
860774842
830906875
644021581
881245523
718512832
274311772
899007094
595180938
256755985
245725538
149347853
96444670
383983671
29819105
966225988
148695702
57403991
102359610
355796656
640655077
23502476
583770012
148172446
36998000
832692364
318467826
483532090
433228757
974725094
168035372
83648756
895373933
799799557
513337232
66415631
439060275
774972124
804073462
917272952
512518506
128124733
740033113
721174106
799633134
146113890
227811257
879403365
822957655
807084651
604996714
736896753
648230850
32069593
414389086
263368209
426056861
560180643
424673455
530280933
384717800
975491444
20631514
577209838
803269440
162304311
380570634
592736162
575428637
844591466
294020966
729959661
302102367
599762810
743216913
100399208
887279237
14310696
417287610
613656175
240669621
356697559
395036480
239831405
566845234
407746871
791618135
953343278
11390334
621679266
478930172
136944677
345828237
732983759
513237870
891618139
629489060
904743613
163310639
506037859
765211372
664269211
869195867
726430133
301657429
648071592
663834247
246805604
757328403
979507545
929124971
290087554
817496888
25188111
524334434
994332026
503904136
184634892
71333183
468933374
831075553
439146453
152309479
145543804
657216451
132975449
32233933
309010186
150168755
123025727
615855098
199367996
860038176
741292380
623840763
801803450
962048290
909514110
955202436
411192456
743087663
782763366
141287146
957620993
204505015
49908890
412857557
260085917
982847657
279950041
976485477
239618025
743422060
20751076
444883975
428308918
981338458
163392554
281210263
926240105
921970415
80022086
169190938
290002930
991059095
346795394
155927071
878636492
869387583
543352557
7327693
783244238
93198909
996483613
248073986
971681696
639857797
120066214
447856560
657369649
719998175
882548676
949744512
134114234
194132593
244786601
834066538
332306759
502177961
881734262
23789831
529827406
457789394
736526858
398318695
936689560
312698383
76380563
53902021
585772665
170412234
156028551
817560693
651812774
678939921
398274704
833065106
117928304
185225197
953761639
334785239
697179009
852207832
892810326
964353964
383125842
453415671
264250592
549475133
719624920
331525376
422177787
14612791
597915551
299933477
623177961
46003175
893481433
479313224
934352913
960716598
711203104
366881624
395302856
202985705
905649158
219136612
672168297
357391399
786143252
83184257
989705870
483415226
534889893
250653628
297513037
975252012
37011264
780062221
380028960
242727976
446683907
325117759
716001477
842576536
27650414
81955121
584032963
763517175
295563254
845193250
438760644
90442064
490001277
971400430
134882162
236692054
696023599
937525882
681867324
540988868
297538539
584733945
758757740
921086904
997776103
884445603
993767161
836245889
522801102
990064612
252009315
365149923
581319963
871727671
444746153
221713206
193472772
380973250
278734032
514331644
954707891
875357322
649671502
179893223
366380704
69531383
705162979
992366790
205892873
733837805
693321806
690702578
655960644
865479362
785901468
759834852
217668684
356377953
903780192
389496467
434398026
348745167
721624043
51746067
903987296
384352396
95400565
987130810
615966565
781997204
211518006
163226141
980343903
910695705
312000705
462730262
42168314
312007334
246530285
898590967
449021729
539823807
855456227
49882121
224988942
277921426
108474654
995607064
502754697
594538612
8798447
740563866
150061250
309617677
740401102
591095793
900625753
301584637
30395323
699143852
575678251
896625067
765889105
544972138
172589276
239340334
611821842
999776493
846840268
773330800
944486722
533314007
17219240
938684995
171688671
561336297
404206675
466507705
173030262
68029697
608508176
903529932
418580218
964172250
359363511
141330284
54947482
812504170
742714500
325577022
56423248
181400571
808750186
403904324
749988300
123289847
189844977
138857082
363577610
614985230
274200264
54076586
59044847
625347591
229271851
259198489
909374514
269102571
363136224
621173697
98518081
860598277
616370878
819546373
464533409
989411195
467749671
758037126
59629403
704686422
50176757
9660916
511644336
100709345
899961647
973061742
211579681
75719153
845469475
502792945
443287222
57616959
54797217
838510495
374928224
620089676
947313668
818580732
661906662
241663930
222576150
904556109
552247357
348642348
229361455
253523295
175352085
964951596
92431117
879922100
128420554
135920315
757123697
910236729
784822403
287326200
120373568
150239821
713482718
846892985
438365842
342153318
763230746
413546013
626923622
301427039
264260668
406516999
829843433
475832039
149063016
201189686
910694303
363999421
612216470
521313541
366499955
470875362
573601903
263790781
896283389
290118116
50085636
930385806
337565476
810637413
204024037
354222166
771508125
434650586
806229745
59085439
541869391
175354167
567066505
399479023
180583283
605482150
232142867
199984988
424994573
731277270
429963506
555300268
982994427
125569672
728305212
256927045
362188367
982461097
109408714
39268850
651288594
364366848
772981371
338446051
873920754
874418856
34762442
972200829
287385727
596868647
419462017
62258920
525425536
255579317
467764967
23068793
924564468
661973078
988513992
792255752
91882788
527550464
293176185
996275475
791600747
527858394
728015928
867013616
323211338
440471710
722674604
817395728
39628120
202011311
75279647
10383398
20378053
567653532
53694771
169487878
97657857
672078979
918788229
865918911
9773199
984077203
199797320
513721987
430162050
359702359
853876406
84458713
668030842
492849905
591773152
421320921
707026160
327996885
572784206
938662036
356229591
889767201
632791141
836962256
493509790
596286604
821814528
393688293
647763633
428789165
42012672
34815595
752032185
6602705
757530568
605235296
795245568
358740374
628742801
5532699
234740994
211845621
926575601
643906204
120188343
6865404
88467535
582583675
332720295
677189721
530209231
20892970
865498594
541748499
611850984
538435745
42586282
509129968
695086541
931968152
375841344
784987610
653158606
543667172
518798317
626836467
618767871
484557971
81139605
134972011
614020362
727214978
485815170
588207576
497302302
346717005
440977802
397980158
351128228
711964053
393395086
742536259
603494256
528365063
541881765
310864498
628746197
412491710
167474635
110478535
325182116
399809945
965765727
859205294
19741747
583399693
590867197
533608224
11662412
896035916
773885668
472109211
507507722
291758470
4849829
11657708
725746622
630497024
383821643
801873122
62732343
950013372
80172766
205633029
551465954
983357894
278806936
620759531
960659162
30516161
70450106
226603049
130410954
450518731
892338042
114807380
560535761
28031037
40740588
78071232
981628892
577938292
219567528
327326407
973584094
17662154
756949158
758775529
460909918
898051023
507071164
508332717
191998808
981807683
555101982
631173330
416417863
887249488
534389271
846980153
116111121
45265570
83609429
339197515
774586330
125388934
738157033
373698384
182985418
898000418
464215057
11301314
402321357
878610123
151869312
86519243
449026681
325731405
689003528
840232967
647063366
936614612
162697728
887951680
604499133
764890646
862196019
263736024
680257429
779782747
658345410
790259769
628889802
140171219
678400482
612595821
405647270
393221974
128352593
507134261
120361776
376601877
120091485
49305959
960888826
268664892
792750439
254951492
44712666
555839706
937799337
926527239
521493671
503156038
38727628
14462426
934179974
48922692
302420715
702693892
311081592
783535520
419432102
349703873
606269708
138148761
596662685
90940505
469886714
754750512
14367523
156315107
968760217
75997083
472707410
738294591
610375292
31107546
132374719
551709465
298947624
117252287
91670637
37697002
515322429
56476769
858138213
252166172
472476474
95746836
373897423
728754003
757791563
757979178
436040633
646709611
279883830
855065644
656611199
198544678
434691448
980945596
154379579
549330364
206441796
106040534
356148770
930907907
329782385
704167631
211322408
829596745
20451509
901181242
682620798
74225996
480152703
392872869
786098375
184614494
974712231
896911802
722915314
128762903
360003145
117863935
756574346
947869280
811601931
771284725
688662123
790689379
198822855
699467985
454190464
680402992
487549546
583135228
188759178
31955223
268845289
572183773
644107477
60673518
715346003
158388057
178483611
917831265
149203652
235732291
387349252
565042488
514351290
751100307
169122693
898603554
219278375
819315740
315174827
660806545
925780670
39045902
343235248
594092569
462683219
507130443
907760964
998832989
803911168
530872824
878734763
934341033
609438431
609599511
982646648
70661426
908878860
574304291
923756554
800317306
62766253
683835342
912143452
499947314
176416528
737179166
660857233
465729693
285847535
472120435
837653806
176930317
885876986
216122520
486357840
894582718
813291161
117696784
173269100
48819956
207412284
150552434
360382829
816090529
47009378
405324347
599770923
485304661
789085714
479789506
215944193
75976365
679362272
994334518
823964721
478447470
568705464
728903264
71820777
741147678
576717873
629481050
232686921
290459309
478467065
363632669
458436446
529554104
438288843
737485349
615607734
776210550
206365288
124452185
797044871
595281888
553934852
281212422
872602243
520305500
360878137
107790429
766779626
169349948
653641801
271308720
969418569
86685444
373209819
816972110
618136675
992572888
809617459
848406927
121474352
385249829
160107153
559962931
637047626
261093175
265550543
380166638
215567685
669262047
123262053
158992134
80664155
272701412
608719752
691428575
776019540
334202497
980435968
29357076
433761708
217987959
390774432
459001418
392730710
771488890
333044622
955882547
910408464
143337331
843645963
534759610
909543324
849819846
459225953
910028639
37363844
840065702
64139927
355703170
72531722
486434701
791546665
414125615
705694665
656803915
130896414
637624530
183906008
370182824
366587863
614387212
535242131
663437094
433132008
236783183
917451062
58653920
816043233
404250198
947218548
690212455
328137925
998764681
922236680
789682251
283067204
898735010
17058758
203213164
503099797
396040939
283973513
692872491
652195178
298153159
388993384
959626521
730045712
968890033
886487001
406899899
609953317
402537197
12106243
750112079
623969804
80908393
49832106
427876524
578440726
976430686
993143950
855587058
33335877
397746776
313732857
854459443
365962403
653584667
97657644
487001237
545474105
890842271
848357124
853501821
551367690
667031005
736976536
685964292
285350611
835801681
803960885
732786315
416661419
644711117
206027520
91033471
220039565
268485342
474785707
558966532
277999321
155524190
51870647
235731419
975826290
274110823
510803531
963398489
246761312
792392505
812946951
885079250
567390565
532928216
729689419
917840830
967236772
964819686
715608
599038269
197413600
905782011
214339900
417221991
447594950
554229915
3079223
849680053
752943275
327691946
368145660
919244661
192396383
774937576
804859929
759663135
298369448
892814079
930101037
233675698
499222445
387392875
846697649
778219896
461861805
802930311
867042763
491545778
694745985
677655684
457767835
711573273
196065308
525845208
812702676
484968886
111140254
550268302
45903703
61462418
505482457
431773611
782543917
387451584
244183101
61945529
644559466
844098267
493729129
717400887
535937930
746678242
21763333
974179607
11717635
860175541
946865130
501136844
490103103
102051258
912413928
600547745
293229881
250873330
653609523
738129141
999356466
938299446
252933704
722537543
979261009
621628504
798706681
156846752
693368486
575216327
177488992
695660164
980061930
389863164
255919570
695881687
441169214
121448594
850971128
449677234
573630934
219585250
786726493
501289738
475702605
837844735
735070273
266104671
99004844
492233652
885946832
745955612
33918135
651305189
298039279
134237906
2956816
396066754
132064619
486559526
594259761
585848921
278287982
177674492
647481672
167441535
491606538
240924733
293852591
379325051
612703923
489773406
254833352
135684419
385774226
742793733
887651178
118939650
601627594
961245741
971006880
345315962
675277397
116913377
941877183
434579323
190297230
262705534
36939538
410975914
319512251
216967819
788599155
911245799
589403367
696115251
111021723
176116299
601543851
575588994
584154699
508182126
641856958
669864778
486244914
846127625
497412833
279897359
782117108
639455161
719679984
5373246
712004190
93963268
645701866
702487550
523206936
136706020
986299242
671242555
703255267
812791852
431363709
417764815
598942124
952723716
566544915
496482687
490188533
792363824
906569588
326245357
334059805
733811344
424075239
558844528
709927693
192889114
3733638
611667326
920290524
130765556
33141942
997397030
69020692
276065413
343783005
280175955
453384783
104941550
954480866
6159721
280345012
855193109
13028384
373463687
448086008
990001913
616252412
397718166
832428302
349316960
766453174
455697746
798699436
890569654
28036406
776183386
591256006
133451907
958898930
191399476
136822288
821350049
596076345
138613008
457696960
860843173
406889222
79889834
852246493
888186084
463346572
670228029
89305021
498398400
898692607
649533641
440887604
514381415
320927108
67993419
866524940
206857062
637715033
695144742
519738995
149314844
948574554
181797099
584207980
191638632
381181281
927251935
335339865
868102007
918537894
22405556
581862699
230816812
560844927
120321721
492994509
553576805
935844637
693158780
815004045
740693455
282830068
890808793
818939547
648571356
834556626
126650666
306781089
759326541
381735450
244209845
641949509
636992768
139434113
690457495
69177720
236242078
718278284
258534753
121691324
994278224
189512903
214209089
941201221
213517380
321312755
351718248
605568297
889050958
649814682
388753811
551829308
921039351
860176283
456822254
31717375
878577972
908653193
532600536
683512820
849299038
924346466
832146678
182548611
303723851
543581118
281105255
8223667
287738998
981561333
773090883
512294148
245855072
864281069
181363684
270638209
709954605
757530134
899117261
234717297
401406056
859325327
679859728
126907852
302368236
199292317
321271584
963090769
154726026
998261810
721132592
897047410
833778396
234195050
392240989
252609694
19081106
276491049
539866691
286137676
886488224
187618202
850988287
361818094
830983383
253413516
615076667
55831760
99893184
645278844
872652343
859436045
535479706
986193398
289060483
7452023
598273472
253405533
793515192
302551800
344085531
779704939
820248190
394603577
274166765
288218936
427017549
333484908
720336050
71742141
943701570
312865644
674688038
161757749
203074808
656026002
454596960
762690119
977750131
732531221
361365275
16199348
190477118
459569829
5743389
676563191
317305130
546534385
661809987
808977252
98422207
706087579
155492914
333507772
413867962
744227768
553662086
546413582
391518825
983756793
860193415
914307019
866376636
158495490
10538646
193300497
189317406
796442749
407752517
378322497
304362824
589156028
903359862
823469616
189686068
95500667
237345213
525649833
989463529
870517760
86485649
961913149
600438088
643377774
792441963
655781446
16464640
451644970
98678197
614951652
288900577
87248893
608528405
760485753
282565110
962685613
497962556
382576375
711437423
895167312
612180750
789566665
936141967
179391631
497033961
887018533
186118737
217876413
81159603
789502950
517783791
109360155
315961290
71735966
890495734
820328050
701533824
992731582
438052727
817448815
32711121
131025148
344403273
258179235
710251021
379411075
133839138
513134772
185823829
633312619
776900430
678072870
867839296
445939273
951783250
420626313
951113234
139996610
554213896
244733369
947206067
152765246
441389114
283997064
270184977
123069314
66896088
578410814
817327059
867833765
724139804
396286465
87009529
751906731
936503432
743022251
291856436
614469401
251672349
520102811
95872821
527708693
652053066
236517790
647222590
128252375
523862962
507553248
277506240
452980964
998173112
744191317
112750613
596256177
356885000
909789096
196568367
216375520
659076859
662472554
494442199
937798706
458536227
65489738
136554478
57573167
410380030
258870471
964621565
336550007
924759036
922623178
679647971
161515900
155148987
746705254
694274880
123371299
59172801
408258118
642688083
376156960
545175737
817785125
880423661
324393704
99636345
485943607
274336044
426068303
34011405
252719994
617023046
447524359
33053606
765184101
713780304
576633566
413313988
388290430
790278681
284985650
25906028
197523936
447595174
383624567
529582316
376334855
923605117
870921833
463800929
116191426
380744399
530521332
293873184
532188168
351709706
152145167
832526468
904811787
917174118
266829137
919928327
692639358
164668645
185094739
744209221
442870330
373645920
631896508
550439755
945322159
681646093
889913960
70640963
543650396
894403747
6523517
627581652
466892965
219475299
462119626
113134649
858959196
890168383
318077632
284635837
171054559
336563199
142550373
712483274
576021075
988512059
547321798
156338219
377074872
394234646
230282550
704393163
496145132
771891469
110537066
23373090
514649319
77227847
909455974
715087784
524710725
817894307
161811264
19993357
60093810
394416925
561000429
626313658
768708411
930180569
79651701
640985393
302618797
551317020
605480063
446337962
140409289
585677679
668643980
878312049
327311232
476882535
426691332
763645091
347206016
539343578
151382702
89552870
180987786
651365180
507293456
145134130
773901558
107915445
872616045
91332640
176505415
603760248
388882672
182698052
804765131
69642031
96431123
219320457
216071422
288888973
441169481
514894803
663530869
555435355
308547751
328038498
881397087
10201320
311970542
308463770
62702641
298347504
16608229
528799049
38670793
990367748
674624889
464370591
899458434
482607874
566193595
375696639
456349451
377837422
629080007
681659123
663743279
509074960
147963155
301055789
219111279
527186077
620851099
711635357
967742874
602345985
88318604
40447256
672035940
726509801
280258515
64581369
100567114
610242467
313398417
51511887
768325255
94578775
327184516
285346722
567539091
568522905
255289262
320221050
856178711
549522240
968100267
857700255
363189009
232371576
722422394
431349492
839324482
991027094
538314013
439465609
445305638
243693487
790889158
484206753
807467266
663952637
867301805
136375530
617543376
235780842
79791232
872950447
393963782
105624251
859147513
622096301
456354044
84227081
986576521
666222603
850426065
695643425
283663876
597152657
139949440
669503715
71922044
804316616
177192098
684875884
810537290
578141052
171027464
271893111
92437699
9141702
515527706
840249497
570743211
781897203
189050422
176908630
675114439
756048142
483299997
783066902
779431650
963092632
758283048
647287781
766276140
196979877
740657995
815109509
493411219
251094585
93029627
698594711
981944076
594449601
134298021
865768330
301126535
932356378
308181512
433485034
469557770
388875049
684514913
945316150
849873287
367243676
618804395
676180473
711489552
554760988
680097417
695762353
792105072
88973321
846281138
265459105
250766170
396805324
586765750
955166270
430648128
305069681
235096720
969008410
422896437
393719274
181770827
488663849
689780033
328520296
771989187
215498621
868260929
679226243
778434337
176231766
332591424
244740044
616637802
53204702
589546006
28869076
769389446
223831449
607201898
601625215
410538180
37595587
834997581
957353422
798015316
986480680
631212569
520231851
669188669
509102630
559923994
643898210
330489216
29304684
533745220
617228377
859229113
759871705
446004583
237944128
971267914
763833891
753310756
969038863
430450003
120145057
203665842
61146795
140614272
765398214
210504857
668920519
621072760
925586662
84884480
264561670
953986315
502235672
922141107
354590517
61228753
713949009
37800505
652031786
503514188
845701218
92292255
552921379
249496893
524573384
258164352
875858669
472809325
118951575
434933087
149956529
228976546
629389868
570544911
933379916
308344029
293842215
32854985
658056622
15421701
355119939
753110865
609135043
337674984
558286889
756117346
667517162
365313727
931271404
691730416
931450144
586329820
561500901
724802429
740269818
362702544
790298190
70345153
490631218
746543489
135385465
610518932
975478501
381607022
616798609
415995602
63196268
638877813
619888767
897528924
77156052
452723601
946080037
195671821
412029620
164825278
836265772
928270316
505433543
201463131
450795608
113506406
631909399
817564127
775933850
75880242
213557877
917421986
403849173
229338379
947631023
93675480
770835404
487134877
814999718
850836628
639886225
509660219
600520442
939598471
299252984
382652078
194892538
444854003
720747413
597132041
179604608
824907031
969757049
498371589
760711216
981032833
226670383
751271282
499008866
542141629
630414408
821319012
230023231
353101535
159713178
803603534
187942172
657895850
982192561
445403040
449945918
489922424
114782911
387913681
593057245
218154082
927888572
13992702
49589934
308666110
469809483
143194361
197304588
227809563
17806279
965936388
273798745
306143126
681485666
614125094
212525303
828968677
731990819
881628483
628981652
716989551
17744222
478426546
878658890
128638343
210672207
47773488
641135388
357300893
108287589
208209858
478039852
573140398
841835788
300596857
555567871
458819940
712553734
535515721
961825766
545844026
89819524
339789254
445212292
834544597
21182800
404481338
229777666
558361009
571273180
21370168
531047013
558231749
48401293
428980784
698639159
404556391
109805958
467003671
761994882
530303821
819633719
856213596
23791395
199005957
277534317
525173882
23856206
589619524
355049605
268398290
303954564
179265278
366914690
951542652
725650438
373567700
434947268
117013177
452610713
1989555
336793967
192533740
201103704
583520812
22641668
837575648
351507337
837533924
109835677
204308547
724406735
181342024
564593685
482755780
874366500
961306420
499509686
629087919
281615224
849728117
70670497
864435081
881614582
793955334
61369085
739714984
927960457
135804487
522376375
875298382
701789304
531744197
146185314
209930238
598946706
157337956
148970740
148137579
154887360
718595612
996348851
836518611
885924922
901376945
686089581
413300893
518417259
765649704
978910544
729551401
858854808
789495142
489654694
555874936
471547667
58429219
98032846
477507773
645019950
703816335
680873959
363387589
775917749
878127301
83169053
892545513
450039039
261551660
108035710
389948993
393589630
331965606
781866900
71104484
345661285
282222528
304518510
505245304
715713268
4810044
945449760
551410594
795450576
384803875
271582968
878161748
35007684
873606989
931543591
281946195
272851455
888408218
206431348
326908857
707376869
136142082
220325305
654626717
911742769
88568816
92547116
758247602
927844318
297210525
124972383
941029225
299637393
686492773
712710283
457845744
75323122
842659779
490282877
810171832
297209912
821844085
725478858
46487577
420948479
184416126
55709822
747687563
570236375
152991205
791987722
4255285
889147123
490281229
545612137
402002471
13679485
869908733
867378880
455249201
973438087
664885510
125309382
970276112
429313563
621646498
64716232
595248303
292985978
781166763
457719329
713637869
280091861
700258034
567545032
742845719
203508411
98772127
927860800
575290243
858235422
875921323
374038659
164586446
346465647
171199616
921315451
226047862
687259467
599741785
394780463
670798337
369854725
359689492
354896701
375407310
675772336
363170501
900787999
702838796
746839597
958946151
534234082
207405669
911942624
112270886
662001522
452766678
491715241
849194212
823807732
267719490
588595743
456516754
246266988
966267399
878486689
74141289
726073995
208457403
426337873
147878849
471844039
519007594
129930695
823819560
501794982
65417930
846330540
701160798
863897356
4428978
161794651
473037454
750273169
537606015
962329722
659505503
108548846
378569688
987229612
329023206
931048818
85683114
870237128
730621937
44709024
195805676
905411466
159891917
428498729
109104079
350292765
766208367
113558449
601020182
806030381
46399691
36640253
911631912
253025600
776120676
428730475
318497452
559687541
809395136
242552604
123145566
559883640
91953594
664134269
963175944
152838454
963088906
909150254
549838079
792688198
805534015
49242621
194115810
128026517
601819743
515412653
113085162
780120103
268233075
283276879
32385191
854300509
413931893
706900812
84518302
794252445
454489909
71385638
608933079
573417274
691281946
143487362
505418241
441203924
473721800
852414576
840351974
224176164
189658190
33217096
716129754
659007044
61660505
326771975
579212201
712271388
459346998
68000068
654570920
270726548
431959031
883486744
660603345
279842953
301294619
305474030
777477184
68708045
862801072
613329159
586433023
112094344
317000523
81418859
113918885
203490426
215459713
353295740
674502894
67452680
468871279
398953675
883388813
772895441
686628391
11083252
663079398
330443384
741203507
319450880
836244862
553507453
782666051
942583606
786482489
281137272
337110575
227438286
630497603
144557744
508587198
920969967
989983853
558160993
745967500
777636258
351863088
498611256
891294622
428459735
224124988
331164148
638706708
312507429
306797596
428636699
980419373
427604283
232107744
777999388
714579966
552027962
460673849
84421104
400805928
668028665
218207309
264271496
697619646
542307772
802685331
711142293
513762355
279589681
118244031
924278999
105324995
29488061
49383581
570911132
641767351
564873650
276742949
846062965
281538091
933669887
153606723
667923854
550158157
622532842
463766350
759743896
242639175
901542815
304094202
871739501
518106283
302521907
835058572
186472227
740693193
867568659
285746901
793761543
164875287
56684184
498291469
583956007
713079455
988338754
307829335
782345575
828750209
162887068
141913622
28173280
318881396
137204770
607757218
784341169
32864105
704729302
820457749
721810180
5929623
280048848
450337613
964022648
160423617
41956200
493154951
517332644
290527902
725996169
401935430
556263671
7276667
79632578
28027980
490759867
373325170
632855501
546082994
927329137
589151123
655181046
82844755
721512943
356637454
413230148
464180370
344870333
976949713
365662449
619198821
278792146
392888410
461960954
330516989
671482195
714226962
937841395
383101990
976587568
387777051
234397488
933109226
383089050
302752018
70458486
803977247
306817323
757184998
168698229
696509527
165464334
466341481
173462806
267089598
180311883
26934440
115291496
433825212
405076597
941074149
144204101
463629234
988738520
763399774
833799842
165843069
589972991
850279995
978382595
544438958
153596557
59047186
892559476
311633478
880359038
797979734
615627960
3297167
871065892
599872198
177055340
623940467
329761832
17579206
95112674
849581690
967923460
750311048
176606976
734175210
855560804
423681755
477111410
962556246
159877448
684637929
98992380
448568542
579786917
456639335
467855767
881105797
235745267
353300407
356489927
94010612
332789540
968003203
74385393
321008841
461622149
831965062
948160885
295707775
200117626
479054410
338103293
345126399
139145220
522039270
723198350
895976700
482034873
648668991
837378483
288022658
283511468
570690146
788772080
823363050
278486416
877710088
132911261
793640548
15038465
464852094
145239484
374065822
264777497
748568187
207306299
476717453
533541588
926774543
670795719
853665914
933731966
955900777
153626427
458099563
221172326
976516962
228448228
849590990
240754681
376167168
351647169
764410269
861484155
511823571
999668146
70717383
126879700
730769572
432649841
475692925
220362689
236813667
505882718
391658325
146363271
362886601
918846145
615293549
722071840
526526422
686134138
349862654
258501998
840770564
719665669
913444431
277123339
1523480
492841171
796509313
957810392
380788751
165271195
375749450
934557769
286767823
623216798
479695059
741099819
509422039
32205506
320078631
306179392
302482948
885517398
520373980
16012973
769168513
138530217
969786441
32054421
535033692
663230722
126100642
966724202
915045793
9967893
517271485
205797576
292110278
859898167
275999210
425230083
376653817
229564039
440493212
676060734
992714580
962631890
185121042
94182120
731459103
222442595
193590344
211622399
273867502
428013264
169958494
886460797
111700661
253140154
698315190
34755500
481560815
446767505
169563136
73023424
244305398
492063750
775623423
416766752
898984950
708738742
263315743
682601154
395421246
689707386
432768991
679939488
345900180
10926704
954982491
118235172
375484258
956829440
139585937
480911568
761776566
987302811
805035385
839397702
736605764
175021913
448154025
838376647
651965323
353076358
394883186
353605698
33434617
93707293
404083191
945676799
617972392
77559962
648495867
825958094
769083012
170941073
398813568
270697372
650536185
2841269
920028040
100858225
244647364
230505667
770992558
663351204
2354629
964538872
95798781
784363506
681376883
825368001
761998897
394402765
69451319
524125548
319027977
442895557
639906483
552842011
135563110
787050897
618933645
61505798
73758436
235705715
602606827
915945356
889477246
825636657
777214938
505005451
399061789
897555636
173159728
816633111
598306394
762586421
560481919
944905302
690128915
747642581
241773932
881834237
59216462
966283563
874052626
628640036
407732601
102484877
39183910
731384019
165997052
404951598
974239773
241947062
858006927
942500643
579712461
826333911
928828180
819230319
92733149
22696418
665214267
962652970
359681200
494768166
783903072
147027268
766006324
88041676
211203364
846720934
74792993
407195612
193904722
877109858
383731631
28193831
107528631
184101870
523613630
192012813
297496754
965889552
380852462
742884096
736747364
351714970
692830595
143928328
608638861
302969713
883122175
737582741
819783453
530243625
513478701
795333821
758436773
869396011
425619729
414625025
18686134
481248769
675904204
214451188
434788249
736548861
254923181
220630451
563343464
913343274
561680533
515914992
599298141
9616142
847310726
767037238
19578658
552311623
898324414
934873489
156902965
815063401
647017835
480178718
525029138
999025499
466913102
793478025
644579054
481328747
3312597
565388646
243194874
268699765
669946689
158526313
258573176
262655853
185615323
549634736
679014656
176792563
845555512
910399521
232829621
122677253
226726782
565240253
24948489
597211677
997849516
399790960
402433618
288309629
146568911
356479555
449899653
311539902
147576247
387486075
830022594
759345497
869461671
928173008
742387227
457507442
169229491
446973204
518338724
247412798
445506094
630787685
967327676
568794833
982159555
794090036
645274404
894904753
384413967
309532318
788665138
165146009
664757992
616958115
294669360
630137104
637775663
842601195
401925278
297499556
610919104
160979361
369587104
221694879
237854494
808343984
766628739
351940996
905710925
358006663
192411121
557004640
530410946
771039631
315478988
131123235
810651308
740332645
484087705
883057880
523182909
246433306
9559602
358637939
871414886
100164771
44040315
862629567
204485314
354839236
761982786
951818855
631034312
455462542
338237572
614744596
806515803
79598739
75898995
776364305
186685978
526049090
142373704
707819990
434114492
589487124
848016151
259617826
330665814
275442170
634937038
201534250
340309676
41310410
475101724
864323740
940963144
511296731
538665872
729061555
928075341
724036028
66340133
823386941
567170215
803518251
10046623
226045742
522206695
100660638
485972783
765436914
216087460
697080357
62152074
808270643
969726315
975007185
439626719
46463988
523094223
225529917
493615819
670914978
485055265
33285389
896012981
762697589
939128990
965024534
596948103
504170859
492272919
698280847
262498709
631326658
723111877
868640573
186319883
149659501
896139333
271732781
817231866
483620051
314914941
985575956
164868362
221245615
853210420
969638402
55121233
529177373
315456482
352403469
803310041
603147657
256910963
48061929
802509522
650976313
143582013
339166686
443954295
429148307
933266487
741200868
721787338
252811771
194015078
32816732
569369186
320289293
297280861
623588459
317781193
828058708
170300376
515832927
835604262
279889377
280714959
800502001
72610350
961356965
665437624
754746867
527899829
531407282
849100154
717269249
293516795
970726516
828119533
921758175
440076132
799149541
68862844
409389887
28696769
168210703
254866324
655970603
40730784
709750863
22153905
364003970
559147793
816626933
634872021
537697193
274375687
629849574
364789267
823867690
96818066
707850225
178725633
994848682
424197805
772428605
548282808
322236332
306793952
469066755
291033190
866427746
627528660
109800705
460826405
108594930
762205603
281585102
328164568
655252142
166373866
796934110
616939865
110400299
371485418
994430214
428800809
611027408
406233033
109805274
29074859
75235058
898350743
979116302
796566734
542821815
958905636
747392514
256542822
37349739
817329567
2645214
2727578
99744821
352767458
326279608
779407258
758308164
848217488
333733158
39221303
400405863
9276990
965151661
424139873
415692351
473513411
170407782
734669118
554178419
683335790
262234627
911926009
738249802
520295744
914504290
64978181
14501856
976976642
270256601
977586837
283495594
151758694
281882173
473601742
788378932
813006036
808059706
49384831
752982664
541582405
148908328
235510267
383516539
393416052
464007658
23023396
973710112
280235599
631061583
197724525
183978886
167392736
721112027
366670138
356907421
502667522
551027702
11932255
701468939
327871225
558102978
515806138
434248793
844294268
789789882
812596000
816535473
95169587
354152218
851303978
943198986
53443246
627242839
225401657
294690583
330457837
563238480
80812760
500144913
378806845
753405499
386539823
133437654
968854949
303564108
116787175
482922791
81347732
22908179
369062903
697575978
133288442
735501932
292842286
45603565
894590936
210418329
868449785
895963376
809564249
390858242
427927504
921460250
983173740
930185725
841698558
6130419
93015551
798880722
698482786
652692984
365627251
328166524
355115501
186658355
804468980
834311735
128856328
823815169
536570897
282941951
339550487
190553196
144282022
439626857
336714578
240025755
960386535
255496928
942793254
760692604
328861090
479593806
731103569
726891556
12606547
696175764
992508908
304938891
336688102
480403626
356036491
391928326
356720395
750588102
491551445
250537435
683452549
593124097
70852914
219604681
242004952
740338820
520714984
738061156
32781730
314948296
75373183
281516387
799889969
881861122
590025516
394386778
418817667
78608397
800248599
17209023
837858874
612454602
279521937
184054305
301438135
160762252
880961766
581987517
919005422
834889434
68471736
961393944
410814097
778055862
426860855
689869927
949409479
750556876
819832099
49458580
672797366
987254825
672701051
752633415
927588505
954136244
495761877
835140638
310153978
231840683
759821112
393636378
139251286
483909007
257385376
480788246
187069068
529737373
723401801
944122651
962537596
278527208
889514970
146950531
771892284
999388266
984368800
805017257
336534485
565937896
930012211
860715848
340032638
134070911
678598433
151208034
546255867
847445238
556977820
603099481
273727292
683793929
771454592
466663107
728156233
610409597
160380080
639345915
887364449
671988624
101618685
41132871
268342089
645967908
353994968
735214561
937093437
681857975
169803858
227249512
273017795
883020123
617593474
178790646
901346137
731857468
292469413
9888903
531335235
458982908
652098828
325414432
590203428
836469992
681910103
210070929
759673216
46877628
675284140
878795506
95909834
29940639
580156825
358701705
327463891
116863580
869730615
619498986
201318305
171250152
592600546
217035981
687200003
267568624
58522725
178435696
848670793
861001688
679883026
346863759
977321401
721675822
560838866
307851103
816947565
132880378
909844457
934361600
526344027
8635992
811475398
835387468
729344935
960796846
851625004
30609738
237601730
909529397
741319821
44901068
435445203
536052485
333124726
244294524
632360010
819245503
390996573
484197556
968632726
864852621
499767673
832753842
627880182
980506075
958879128
116859974
778403809
291389
379931214
617693355
176482552
778798408
948748316
307375307
83522109
48882831
47525167
561614969
473411514
823659849
940024404
916563346
281045858
211195688
996556908
280408998
717242332
960645120
984339001
794489756
188967460
445855501
361020636
145670483
500011577
134039230
718941698
443845257
557935564
298476437
887260388
60078859
64672085
443901403
818122126
537213392
467367512
755560472
363640360
665696745
627641658
811374777
80212684
699577756
33989000
540364411
258242606
260565061
675067434
84442465
344547604
927029344
108964341
181882452
347501501
737464815
365211712
643683176
335675449
98985660
306673502
684680141
694662079
148214741
798938473
577717628
545537831
885830095
989347557
883824805
448716747
730115919
358052729
672934163
225969419
241239407
311041354
368847295
529352275
768094732
207546426
864265647
5201426
884388760
672102406
260495985
225346697
33654016
992617890
790234612
346788717
135513828
321466405
252625438
447527970
222375200
144281846
451186204
297012617
276005802
255542335
683021252
620408348
507537947
968998786
693998199
879964001
841157813
488132095
441410509
9113950
198543470
197502844
82438995
857835937
143013078
672116706
560195936
84016547
573178569
355169769
182833697
747058931
833273924
836621819
578904363
599878255
752579446
787717557
795622795
551637562
919672940
314605254
83516285
487354274
200908958
355991070
223404791
197188708
354739519
309455063
147303846
914013913
170991705
244939797
885704901
81745842
761343492
380671955
482483734
762991187
973931961
163059816
512873212
207338962
355301304
725222874
149976014
655091136
770293474
64488613
830981543
716770949
409198854
898539019
83616555
941277957
10381273
498488896
917594126
384869573
648355890
91955813
905204361
367355607
856282424
822414600
463019131
153402209
83240237
932727916
302158093
715182244
922178017
875815319
476287141
197992634
103506343
843643244
287896097
859498595
96921739
231674229
203249999
203839768
976744166
100279045
561706511
686808459
794470114
16135971
367872257
120781916
983321366
471679549
233607682
532355060
762195453
45400197
368220414
368527998
866172515
153248459
216423677
378177302
311988632
790654964
846334665
687774131
544623435
566630224
736149987
111409271
753943782
51051898
593664897
316226617
153536652
457186791
507784688
283215529
168662177
867377925
883014606
390406947
156012346
897541732
181689154
142685597
309235633
589713978
606010561
104621836
651323812
606669844
881199027
595991923
891609897
671341838
919060908
295145826
773487061
601705055
628816681
102058925
951120472
119224898
483939605
2163106
402478488
58817528
51996804
597797722
830660876
225078221
25475273
417171412
574938789
924717686
307137030
108271285
927974705
743297584
581827281
567325792
557775119
854122988
57633936
310810571
763237375
513535628
306268737
387674136
905049072
502953527
340130005
677101948
104650404
318847498
678275033
231892323
121458390
40046361
63215656
189283381
432329965
509238504
61931893
727263628
511959889
16021637
417711785
286490578
861784306
825378881
682063919
113606072
547572636
45425741
223199914
723494910
531893001
583983135
173942495
32555638
172858545
325545066
452082793
519360566
783997187
33657290
328777803
81016703
816484056
689172646
678721321
643091598
846690606
290391983
117202644
500915533
310348578
801585878
946518081
782371440
478450960
834004570
355894919
334976079
486295466
278976621
635553868
203604032
329735397
426818055
464592911
16817610
731326145
154063013
344630009
697184344
847897312
365463543
167413298
586462394
255208941
656720269
602778243
384681930
343702954
877736552
141725318
685945261
47576699
895833370
89763925
861770023
184076604
589666516
154064606
698227105
35042357
560092450
871928922
610850433
571092741
90867073
107014004
753087437
425834173
462878185
763185065
810643120
271422063
649978728
551169400
807830143
999167788
335168014
564528212
674950598
617003839
789139814
951722722
304863803
228210046
364178965
715297545
51543476
935141014
289510494
582943801
870086103
977723713
329805762
725710715
436501229
516130828
372192069
223844538
467413504
463243125
778642096
873978207
572747808
925733798
205068976
568378379
767989414
267782739
617648800
108214975
595084032
776134674
186839065
63311886
945298162
852202659
644791039
579822275
42140914
740877068
769666710
144843014
500179953
472627743
870046987
671049683
996064445
162687873
943625979
712958089
322473116
192153698
380347438
231887343
1997483
312784677
920044084
429201842
869220679
378346690
62129150
115154955
921423891
779949305
503226498
508562098
841108125
940226484
502087505
73577133
509106868
423146768
116456626
102729732
417382704
604241750
679361463
964634206
501498716
564273534
951403837
190049465
70116421
497602313
418244449
629105432
830468336
229382842
577886352
756434815
674572719
673755607
286941723
842512476
520266607
218188016
561345219
49675936
791935521
835706936
704041632
116938227
64574593
551289197
728610556
281816271
902164045
907661775
811685524
710107442
490228586
414105384
629853397
709795462
759782395
179175060
219725314
899779949
799876507
428465949
20330948
43738795
320235900
802606333
534025688
698514787
500692792
156628531
351457375
642180217
512877358
58196488
16265824
961109148
392148871
550745647
862252590
666108482
20233524
289721833
699776912
801509287
808641326
128656180
172588825
804863932
252952807
395256774
549235379
534437810
822815494
294814538
476171012
172215408
200968831
293669482
556166371
460443914
747094900
69079295
74784375
469261009
491923244
870985620
66492660
483645090
21576427
830046343
340184073
382226178
506716403
790856654
464355591
929675265
414331543
120980294
715690957
495520741
469766135
179833524
457944995
445221403
352774722
541580013
869169023
387941275
672417774
87516345
587535432
333583323
319698550
952739746
470851495
195396076
460231507
393313001
455537842
150161073
141960634
158817216
2330370
152003997
134687323
151303418
190099667
531052278
459361168
264399792
612339606
75512866
769543177
231787309
693659999
987134776
972340886
621601111
949926252
972060509
656771956
250407940
981541977
529117327
261653819
968979335
571915546
721511108
562614799
306385202
193505873
871274459
780985085
727893408
744408311
446604747
805546480
64599095
338217372
287721016
2323622
227265521
676907438
295182646
205260304
147721421
88883226
830311675
509970912
901699605
899401467
828572465
121743849
738426966
654573646
62858501
776080528
860087887
56379635
120516391
242852544
302600694
698224315
925280951
145168121
219249961
211624376
337602290
201376927
21385574
281791523
161528494
512309497
688729210
835008571
10075061
89416380
29857655
192946281
462282360
231777715
927136326
498632192
772150440
485987072
460293678
998568708
890348707
547236836
550775786
753533927
434504043
459768332
69174604
745539575
131581430
130553834
38701045
411867672
670775388
593786107
8717888
393755461
398669751
8188499
992461709
256008718
469694643
454782978
250994041
473090688
576787278
698222330
944987921
284651398
673154885
580866188
514059626
827475216
281568272
148698304
377113349
433278149
585225691
85280452
524892316
31000253
580908892
233233173
783280811
492193847
779714932
162822259
552906095
676923650
677638593
812985734
451144722
838551465
248961390
718471637
446621876
182882625
956157233
561978192
84191003
696135603
339843687
754409859
266657867
708415485
645439670
806680935
210475290
647279035
952999746
773133186
496624898
775648751
747119638
812945955
730706597
271284617
451643060
454054962
473406117
543110810
198997579
64750868
965885860
351967390
925690182
770247255
338044027
5653431
354458028
631867089
792252657
354155923
536837834
697358391
976750839
54159265
426895096
414152850
638682974
459430087
270886321
563965697
777067744
980075693
712438983
362678544
813654304
780698153
798888618
114839125
9090960
781750669
286646556
32834795
184432626
109366414
126354593
976590606
689249748
148896458
664601541
618620579
980812046
721899186
348071490
989652557
274808275
899761028
344269327
457720191
817993804
581972005
928738217
996767435
549930225
706704776
515606825
550861599
883607804
977924893
143492662
876687270
360054213
412716759
436204849
459713742
678629497
405659100
867314492
491009574
114923373
991636684
197737291
643631726
211346254
615328885
306345640
963786233
112410059
205033112
618367681
856126542
135720858
501785160
550011329
174705930
71019318
220433204
844764359
485598244
884439791
263070335
573028799
437840030
379533377
22769806
292247874
688429788
162345613
551019534
797662724
486583418
899347197
694452960
72278876
721283803
943171767
176391505
618199105
534486109
325798279
179363290
698375044
912511688
834926551
815729907
646829125
689385524
205944675
942342129
698107719
490849645
695181644
265727959
144388083
637803346
105007289
310375145
497055994
747367988
151344330
925050850
840701390
857855285
518132561
753093311
366823613
893619942
234381747
320164971
565138183
135908475
365495383
295060173
108254019
729815457
698608884
345715678
535820648
986102885
756807272
480962402
352330059
952691617
979298803
113015979
763880374
827438986
85971012
343654130
762584439
160464057
318221507
341920456
610893664
889463892
641815005
541921373
954233356
671296584
15836831
948849937
438619379
404193305
177462055
23528300
163308573
919870391
372034423
176951896
900294384
832723548
133151411
846540223
782332757
921182302
48401309
382261281
386822800
435960125
80422945
464707473
136225563
606501579
206285893
833130165
564331886
296235846
161679623
436467457
860833861
808155756
563340643
21346564
268482594
534604631
958430508
812231047
212345819
97271378
83353675
487262736
276943035
418931423
170142180
517810874
48982428
641426056
752274083
454456038
232237241
999155047
466552575
588159933
477854250
84553746
967084786
597609045
262316281
349387634
891742102
277982916
245654598
959558390
719104619
9728545
692589992
490304442
798847045
72842077
582047791
401247398
755435904
458994434
757640072
251976658
920487770
244816054
214818972
64857294
684132276
455030556
187404373
884656188
558324892
353912689
16239526
443095807
834953898
987989922
592562651
677689433
162453003
164848949
709581531
856721412
578438177
727552161
625056547
845309778
85945643
185289314
338564850
626985431
261653118
41400256
431861862
921337239
10522754
559345212
459649266
694062280
206694304
63466767
449038020
422814181
401852625
484108943
161690076
247293374
914204547
67893270
907176039
36013158
992434015
145273842
998336238
252690056
685668333
781852755
391084584
640033207
979821671
384282186
628357658
708428185
547676276
352426433
135434908
446176545
448884372
495418302
686357338
699879937
823077711
443023274
503311460
33783794
692936189
280364305
90467222
818935216
23168349
904622199
832015477
706080691
342896717
239211402
529269586
340808753
102141225
636889525
523884522
491311253
457415754
54147301
848207288
96695740
201234759
991996719
726624195
500486680
266951604
832252763
584392825
142092419
411420679
447298010
544272885
851143019
947617525
60065961
313388386
488429288
415629552
127867753
196747349
634767028
306706913
268874566
284301114
353574375
623328199
823524693
16503026
774404683
609459776
181052922
651630408
73147912
77077779
471572455
90571466
139522550
715313462
162290626
475587436
10683190
926153046
706208949
947684791
840172793
113800246
4473388
413535382
655241555
327529023
879401391
691020052
678587597
308395519
800453763
980311038
459687071
7338977
309341501
288517668
554507405
650332818
671832238
520662121
535939002
982246857
883826908
296641625
691346325
902361701
967702837
441186224
997343703
543409407
915183884
214116649
549072865
316029526
859391404
67770301
329548409
505671814
105345662
392152814
886582943
617718861
891263903
198485026
843967265
75855537
942133115
460848062
412483333
831698449
964578388
812902701
47500583
633040993
179379749
543953144
998006381
717245535
687345640
792839850
424073161
357142150
457940198
951417408
836908157
794901556
725094075
749234070
7513779
399089041
945791443
136024548
498212058
873593555
218250490
937699586
187326880
563778757
918569447
952278763
840009350
250776755
194501258
971680056
698948349
176313415
916754063
890459934
228066923
981782469
784106897
555923561
315032410
997954348
532547101
194035496
985875199
973600144
656840269
580156757
635937081
60655694
973747534
814176097
969765019
976198526
131912985
144057954
337515484
294593920
830798946
201084319
935870313
50021542
629325985
162399685
278421163
179618981
929852311
945170549
498865591
733348157
382832287
134827195
169115991
865924955
312831908
699943412
423604457
591800016
910751987
155810738
340812226
493964225
491498919
589002513
968678304
514952859
311604679
572819705
588089278
250110287
443814919
998316843
492444442
923348714
399805256
606927431
168245971
542377522
689219141
53341691
453247944
127041556
692540059
259759112
659989450
969363547
80025643
878856301
501734571
784111706
312825955
742635129
861729600
219535335
782518572
873253857
233696147
528713899
648083658
707006334
719074575
675145836
156589209
219605403
72516540
251224937
900554785
623687251
624254852
682280357
679589161
366811290
464860120
584107399
678169419
741758376
642082363
842417546
718944989
463189595
326329706
637664925
366279182
103514572
777097306
535356699
43234639
458422679
437794711
911433194
313067544
699009699
440747210
589448165
275005347
197706633
290647517
36026815
8141583
670904396
174803429
897221548
284770359
477566964
943653407
232174445
936466818
937658181
457356123
409122202
274150703
919611960
786835426
441959485
828378701
762241310
549614161
708698404
832473826
370173680
827689344
489014052
425310890
748529370
599728565
749404520
56125661
759386683
633981195
508959267
449364726
140205215
693066875
270775643
847090747
552851748
527670324
123441366
713755573
965413207
751661591
285295845
227847535
510657971
45046301
826651182
918464514
388020419
295968155
919996645
908215602
163854563
440785762
838257225
708972844
821932576
544822203
576335556
815267683
522115599
890632814
296801074
183512230
284818251
910747248
930170097
967603124
126232916
277963565
452295649
978667383
698061353
173233422
754203959
504609178
29333835
69113026
189101178
999215042
26213867
344234753
42697344
535403854
604122872
545652872
27217661
513463274
991173397
660079559
612931056
805315906
502587229
647157374
700063344
902211050
47183954
679708183
862725720
707130729
699272202
648937758
734288722
469515245
104091961
937522632
453901923
226696695
270117870
655844830
712859446
225480872
649126908
431183072
6771122
982602085
485661820
949610025
214516407
178734273
720133429
671105557
971224730
22456047
300932466
764627920
822163484
151461244
931538256
254406333
87270046
135585507
723558031
784332987
262311792
177447216
95715353
629133058
273476271
939304823
886586708
956395208
994920512
853111346
845435277
512662199
136562030
454322389
699343889
554789287
980164657
331441488
153369066
924360126
173882982
50277379
439297107
132571910
27233636
778267825
111627827
234901064
513374336
859378889
98363596
790608162
863481817
585265883
213146464
552451665
756962474
18594879
137897470
599201236
713422793
277700301
15319742
879381016
380789589
215612221
917145233
542310198
440935341
597542695
327274678
834573719
482161618
341356373
741860662
606174573
568995289
694148297
414482182
950463439
158455544
921188649
190402087
869361957
148834798
578445912
687456928
934332932
422073677
534582300
437216344
774487026
258385193
638059177
341541188
160418346
365971697
58524550
251616413
186006565
869599908
999326895
129962413
552763530
932121213
861128384
426772336
534496802
864032074
799719343
745027442
882055158
602243942
265866914
298290973
300785130
97597423
213351969
858377089
653776590
294565476
597463457
835222466
446636741
492016863
39577260
942674221
284018132
152805802
24332948
587708838
704606475
469705284
923197704
565512538
950086294
149858173
870674171
821139203
490502874
854185497
558473807
176801436
276649656
392852429
528986260
243485312
251765435
897264102
329972086
330588630
893473417
600525977
309319855
268219288
855180931
852474040
298286514
313968763
22792097
853285805
8282188
860773249
654985335
991583224
538518380
415251998
793429568
310731542
541284761
875641353
447835172
481316379
175022045
545717794
710899443
995461977
792450465
675081358
464306182
971435102
114289203
590230908
945703169
875015777
930678791
316550662
891600256
219920484
771549283
438698094
274514257
227298714
823274960
965949863
778862358
669304141
682235508
141710082
665793088
313212898
871251990
209850858
665918805
124231898
573083954
602500674
411751189
472713853
956649343
532458414
79238582
86605696
967859103
81255592
419704368
843143461
835617610
932820140
737547985
289029995
62699079
667426143
121750787
162445890
438754543
106341
144480475
347279833
102254089
197858942
19546931
530804296
773781653
12751059
454302613
337522903
124714135
723960582
663210496
66925438
93800292
544746053
125598748
999969574
902957365
323222594
717968763
174960454
96004823
563395129
271857539
80746213
602605864
128482832
439871827
560049309
50072552
498084038
776984486
456320668
574808440
430567908
769317865
203352492
273015597
274578297
790036796
804714414
161690438
448573633
818702181
977368351
576162150
360398889
112041491
656688340
812080689
461198401
620474765
611312861
111994966
928630657
975083855
466735939
940930345
953552835
663567184
467633611
630974008
196585593
621279229
211210728
683541733
912871650
934512845
996217552
786049659
572849407
364951050
560989196
342827368
179548333
454034553
768918534
957463699
370588920
154301400
523877973
343807397
842175715
522492953
354830734
725038493
655970621
441125894
92744515
767478510
671731802
718794702
627504304
174313543
293720303
888938099
642330917
539345029
426173103
900937199
328321378
770059255
581370295
431436990
247007563
837910135
219557010
406225415
883863847
641372163
849981236
536707870
844976750
259201673
548056539
258034880
896480727
486863924
177056138
857514139
649977709
285858414
517156310
27475732
583450711
502054708
120746530
685603798
818226651
354973490
49011572
710717699
155370085
644942845
311777717
37362453
949089591
541122689
94143501
163289758
360595406
319195090
843805343
827485324
290028483
463698629
455106008
149889658
486998860
960612348
491837482
314788835
705440003
509702928
476216172
960187428
227312461
338875256
241092052
59355539
818039066
162863504
279554704
84265169
42524000
314137193
9051900
67273389
414826921
333258165
475405101
98820791
279125304
234604680
623883561
178423262
858422612
677645166
380887172
100869189
712346419
948379775
106460703
494577301
478625822
973901266
930750993
855059310
686723873
878092392
930350558
618474476
735392234
248345507
412165215
633555552
921734133
535962118
722383185
137197216
61734539
711662115
296393830
208657505
386778754
872983858
702899419
483923569
724748535
901694780
903001763
655232026
378623688
885518554
54115565
794430654
797554574
263173448
436580004
261786481
714546514
106308730
654625793
267322454
333836779
980635221
304939615
238347967
419303400
945033679
64252108
339310359
811188302
631954468
578373763
573148884
650191488
259510997
203288713
909009250
45018589
55000414
556185227
736803503
21105680
477449489
798454433
425328689
558709545
230337067
114166833
501359046
718625087
292282407
508783044
538449282
622232488
243030170
981813574
20935626
24701939
854569326
268701615
794810807
840103705
941781839
499300386
700761049
324456967
380304210
655627387
241589215
840230680
515275089
114398941
147430325
323101772
848692845
449575877
580225479
146574639
385682608
31713765
515050405
201080338
524712561
374845236
454014481
993864380
306776713
2265164
283754264
658021283
743877737
674445953
635591789
522273021
312726808
987515951
215160403
20198549
881563985
707745627
299710423
229542863
188190476
841123327
127323728
746751745
174592209
452369100
604510648
775228548
925194763
128240357
720211090
517075003
762683419
547229595
118890758
74325454
425989580
270387284
531059032
909762693
872549508
129909172
468588951
345746624
522863996
814726498
189878387
328803831
558593541
373259497
462865800
703389522
951969599
43172827
939458640
886446096
670701079
457423370
875575581
90625748
904904303
602271753
656456843
329651100
865418550
694142451
779922682
169191977
948456562
249205906
496883254
376638874
102286929
89115408
363623011
447341006
904636947
753203423
892521116
892017320
65237813
296607774
944446296
821739504
974950143
848049400
941898890
114811718
619676396
851503469
690326582
863536496
81537071
484781470
319652128
814826985
871885789
573437573
951460521
336891107
17717588
734414873
959373614
745823502
881928419
745477246
715867123
845994774
91090960
464894881
118433666
923104099
316589661
347341766
19918900
114786369
383977296
560232468
719608415
780587761
684118386
50718512
435618037
382506124
600891936
957940951
226828352
917316648
276338148
243017297
529887448
184127906
459429049
897998934
754587630
147156749
658256366
387597868
200508810
181058825
220855747
601788067
251457623
964511029
537177313
129867330
339184258
325330250
639798772
763194884
467544164
869323611
748123266
596318645
180621276
461244450
628510911
468970049
110500888
151548284
622868706
421938988
388878288
607446764
646358726
739730343
549526073
601080011
638208543
204730662
253926199
855081717
84456530
492927046
446702848
224171073
373926258
371621544
640736322
654684144
293544646
807451678
762291608
587730985
602037957
347118252
207470913
910963275
315967906
647506692
956382000
658024405
124615852
537074107
162717163
330856342
834107883
604401666
684720425
736992690
915002422
463918708
756451545
776120549
257843242
388092692
32134512
453215845
240978690
489645666
43690910
459963672
928757357
456465508
367790402
550083622
27855101
805062583
899039351
505952914
439845568
983630078
552073399
422879414
83383148
108054727
540129321
828846161
682025245
806307810
304295587
237674211
606514965
813691164
634511883
798147753
204416075
4242899
291853618
613653101
117540519
200911424
773461289
495344707
29816854
240828295
835229326
88557542
378525774
969660563
18466666
693317337
786021253
982741664
180802197
354329203
203152565
164776288
944979017
639218293
269617109
131030022
252145129
979899454
573098662
193628220
472397579
558176607
349661586
521029808
716842703
723045350
990282904
638118882
6070367
631072985
811121667
397851907
876066792
35042317
585808802
702674643
79921284
313147072
983776626
899738892
744163533
240497035
656025275
925669360
460911674
490188811
210237421
54929916
433149139
834156463
491390608
216640480
489412703
783564288
8605649
566067793
183047024
923985585
371611465
876996294
385287859
436615821
570868933
647885348
557858955
633152432
244430611
859289176
861989051
107038585
338217534
704201931
92833101
159652069
124422085
212475562
13927357
512428210
521373196
415327660
829455623
896515111
281168182
496456695
882220669
55177843
18803783
849185006
436051499
56385211
628930384
827987563
504317945
958447064
561516725
728066540
63697826
188722064
899844557
444059106
608882411
641151077
316591026
432939713
239745356
826585617
685125051
990095950
712119275
699648346
941292825
928392002
38699091
422202452
85818916
892953719
60113583
120450178
778249711
867230880
724868340
458686044
925192079
67459817
74032366
834133810
101283812
149793674
344383016
225661186
466464729
689538900
204284549
785017623
769676786
896451684
659195231
970342402
110445442
95461793
222139166
67569565
222598794
384244129
865215609
284186561
836207643
622624909
450419157
300244993
346461576
116783919
24232834
628188202
283216992
973849582
335643668
156480442
575052052
814700034
247833915
739552711
484791554
484741062
314614884
616895352
100688668
34746843
587108184
509418930
357777410
360977032
623698308
340338330
417082053
961686781
393360284
675597824
14607485
285453097
803233955
990984923
271519214
374080894
132342147
540294645
541936219
180521581
292794222
328997449
411796454
433310850
610638856
181177748
261400188
877358031
371958785
584992422
391338131
697081796
541162903
946923247
839813178
473085933
451049815
350183815
51924495
769812456
106066786
686816888
878429908
476426607
874202819
372717100
198591228
479185100
996981980
83402351
484847365
753779023
821877381
761108350
990572500
862002475
822875348
163558051
421306608
852379567
949760855
638061205
797685308
916075273
936859963
677605637
891487259
395728111
381836647
540449963
168292702
7486339
110062403
484256287
802243352
862560367
113264603
153090291
468904237
895356979
483972142
945945146
637763744
586346073
174153884
379732105
392675527
423126531
698274942
478181098
922805645
166700987
115662392
495372888
850086023
381460872
938022710
930009322
850995507
262630481
107358400
11348062
783168767
154328488
877947213
426879612
368741289
136628947
288712682
528576304
86426998
939064650
502413592
427511020
887171774
111380544
801509286
942691790
98174513
325095112
27405837
309293908
819993072
925019853
419405341
23537058
651645883
21746572
236877130
497752324
147320322
583242965
134524976
871600942
960838295
437400610
663994734
355021643
880461677
39968289
441671431
631486711
62583586
749024197
185907904
776434300
307533621
40636631
59515650
782037716
989040887
247678338
612816004
742039552
5061489
448811535
692723889
140621566
225522548
333185096
957203970
941890973
332115008
727734901
400443067
485473457
793943921
936121649
661093307
604306555
324278511
887213481
844543265
151778308
196473843
176650307
422048790
148938398
649609110
651201829
531900741
537308460
921089029
229458650
798807523
377362477
344524727
237599524
294562929
90982344
131388151
297840928
289676375
402784462
409044101
475715142
448698515
938801621
761985294
921427345
35821838
599124092
852480083
651494304
535330930
637785938
538163132
606663285
327308696
661808574
5109947
208665806
248726758
199722533
82568063
608023965
85636401
40883484
803225462
133122821
928068758
435569564
738511411
413773324
252979997
5081167
12958626
307262551
101540510
818644231
675660489
750667885
943107469
236749431
440616929
463131981
227054690
213277702
491269353
876178195
145562777
951977779
811705700
431537040
649912373
17762640
334791323
591879533
54679640
162789194
639220535
287647082
960304761
827104976
135761659
931691612
43451220
87395762
193778132
162287864
406747841
100899248
887895298
158598997
195331185
628398952
985106828
449118509
482503755
485381924
438669529
905174845
831250940
932887664
836982348
508252566
609299495
778493092
630870107
922749383
112221336
280070889
881550159
4496687
466852454
333683944
628240406
823943506
813668894
429047406
116813776
522823815
111099181
49842751
424772348
984885022
128504354
122296268
364404464
389146356
2021877
623426701
182076711
703129569
697808979
227117733
824259739
956152221
469683164
181933102
461861080
316782527
452690801
971642951
908409850
369718821
183250715
107956785
938104498
121705637
113218107
317176349
478911515
265758507
139855509
87026034
648648471
156192329
305376515
75239983
917169797
171293623
931121455
948635232
628618812
583834861
853177682
245697363
639184905
882823706
46788084
770500828
227875583
736805156
428072562
471574685
151412459
11839705
627310895
773918770
666747392
224904189
968879580
811764775
911382682
538613368
292831641
657666649
874981444
522947188
641526307
779271031
662782721
128406574
373752604
32339854
810990176
691955001
166769720
388500218
170698806
976094760
975909491
825400641
24042884
458315586
335285231
792772608
547337098
317537322
618327170
39232810
672384957
855293004
29628652
608385929
589738659
515768119
806253124
152855925
705154949
816911232
444724846
639761019
623522119
817553927
302503714
861610603
465797872
283127920
167056916
822516014
355673806
765140132
319313310
883046097
277037011
740242429
582442074
986019194
185106940
831838408
643985444
177707404
348793835
522889645
83440311
963782525
6063408
333718707
300587510
945362461
223010053
51362965
252335119
864974732
769693918
757751164
530004423
627376489
994974375
923881117
164675127
887539003
938517570
75400754
917155806
871655005
731902645
130742986
115760918
495896495
907825754
581363359
906146302
500894809
670943488
521861662
251048290
826783980
592022390
468954353
933420151
266409852
954264341
633628724
485352679
750352553
149973341
197150438
309109499
48875235
615925942
913346515
156997047
358908966
282398591
742654172
705894846
144030216
457641216
283261286
862812921
603900580
416849413
629963279
615104922
943709455
386570526
49900265
216697776
514481418
120309186
611289523
647597510
928424725
632651529
769755949
215432600
890906593
536882784
967839666
301731302
8733261
711561767
947786493
936693978
10858205
268583453
749430973
846285698
239579517
203887733
337673063
78838303
392038985
713353851
584664989
905294918
550849401
535946821
427311529
595798107
162367847
922272061
680651978
481895601
436391258
214045657
250773785
543040183
16570449
469787091
499805395
700275751
418494344
23634994
918759319
984252790
74201595
242191177
293483069
108632935
378810487
209882572
451541678
921775757
520922374
861716212
879072147
968074736
83488230
666444305
765834813
614471831
180577045
448075367
44568880
576083202
143738664
87758807
719510539
711453224
473449343
304673229
412772843
447146252
830966158
321734842
736621300
480106130
436915118
170214929
871878768
502064474
572514856
950401193
64047127
30324377
180716732
21420169
137996374
271022044
505831519
999152992
755442719
416066134
834405469
522912555
377721232
263887651
922098570
354687182
784728277
108405900
55607632
506705504
647887426
526363492
819634628
38712586
888522270
764202562
656371315
601000780
28990635
399507531
30710399
91223175
929520547
891809194
347257720
440082585
664685453
765435387
704040324
309369618
930521883
162036417
788859048
416917787
839319019
591288354
110814680
20778300
893319888
309540823
278681231
361963477
53958591
883030096
452992985
755472102
590625816
779208228
781613661
401573304
902851317
189987960
513694599
927686861
793458256
543423337
184074126
83510043
548219520
130597475
191459471
109937582
699374857
648096847
433254673
113731603
853023756
659609751
127618741
498457482
793117135
894500125
561536747
497069499
423078364
603356618
427519751
603764510
333739298
740002152
799938319
22117775
915832915
995247818
131686202
626727532
935997929
701537917
482847225
804423248
473273119
395844500
736508188
30141465
950145735
112240591
112383684
785106244
675336118
796683075
108659010
876133755
734702244
899249976
673902486
343872749
947935391
303877148
694373825
502652918
391663497
464952863
288568651
694700721
821575306
468735253
589865618
184175014
73723561
947413449
458952133
750522949
984978382
244747943
751889761
959470159
246457695
122554324
768369631
892277745
727333580
777115612
824747120
535173518
935423226
464691360
29563946
396828682
978376500
518920335
288300949
809504219
407212277
466619434
680112931
884604359
3583163
124425688
231338584
775703273
511884256
986167026
669072420
819206511
515214686
860660644
431955906
646216239
709275303
350179662
333221548
716561929
921747979
153626991
82115070
462839217
494891084
894055695
573746479
894918965
966797453
183750555
366358141
92502342
232471581
854103611
115175893
693344936
981060192
847109897
603889784
494531494
342338148
455874666
474794999
184339137
171515254
417881395
317373984
336620404
33717109
419292362
6367729
786079355
983193243
621300442
923671160
522594131
6682000
424134904
262397412
491769918
192930864
211434182
93913370
590297915
960106911
293405999
981165057
489994563
750818194
303902267
470881558
318890845
69615541
218345209
852802448
549603583
3550592
151620940
603036640
834653031
456292779
907436391
635203533
1128738
524884786
610764928
213011769
247284171
443352573
951554372
983037617
14145669
245901659
351229093
646111631
725650086
404482342
366063997
635415034
741767168
531661259
77044554
962459334
829799444
466390367
868098388
523123580
297037144
947293523
377419965
125119172
647725740
110263462
590290109
93318571
657302488
620415332
94823391
734857432
494024286
294257533
819715936
108939315
441614294
321215528
956002345
846107195
697289202
921281544
978470436
787288293
700779267
691589085
250214958
851006284
893946499
93916223
133135888
601858256
945274791
542632377
289601229
283072148
388253320
10436160
654302171
101738125
475877374
32092338
30804549
827771242
39120788
491317637
259538537
445049473
234332403
621567738
669783577
133701139
99102975
931007126
69520175
458014427
685224382
414647909
767139442
363781948
281063059
939940074
469351189
434362361
735526591
163883966
55496430
580590641
575996629
881454268
519652543
846547219
36152213
232940272
796122076
448899485
994041024
888461178
632037779
105278452
138343642
595435569
861047167
288457621
591321958
840244672
315309367
830032249
779173316
376274632
535021559
601578805
246846605
324070470
276360467
894920064
323722955
931476637
240612994
401354974
304756957
311700895
155077894
953226621
316961051
959535366
861917271
679202779
395761615
45970922
33784169
953172119
858605920
972663408
413622768
819584259
885707932
408442751
762106974
737462892
367765420
965526632
812369412
342482934
856744821
137676074
860106938
17906077
920739299
584220201
24205819
401083637
576629253
295116438
98697912
32689893
141653962
117388970
405755158
6869127
697588772
996275839
619193943
486652995
838682192
48175653
559433638
580119707
923633544
989849820
982282009
867013658
391376035
499899430
9075825
758305733
253332137
390232905
165132176
568879254
829803976
617602864
364715930
120952133
115427291
163446290
450461820
364615054
30341408
150952161
583102966
374415104
651080298
721282384
886632915
533407187
673584707
885357307
859525947
257298293
884579951
176281424
888739306
519908423
966533362
791253091
612209903
660100649
676239932
853560700
461039415
975970740
417433872
838367645
532212125
316284052
306278639
795636907
164278996
377601648
68828668
870160354
801325249
720576942
263962515
293995330
791705490
417982542
737309844
28473903
548911684
614531583
929329980
792851809
138473347
536721333
951833440
276213784
483717369
80350402
795573724
417536887
589645108
35017885
712823050
132551161
73823610
659808938
12866088
364529453
92793790
682081075
731582245
271983106
664132189
830103329
954004850
522817635
869273980
700909326
744871954
873944487
368054891
972824212
549711497
148192069
871851783
696002986
832747873
640277452
195031452
339507419
213564551
227008492
24785168
175941306
372406512
682935916
238663895
541730936
217209832
627685227
48721557
637564754
444736472
894773081
694041374
765271676
156959713
527808353
436420462
988695469
91322189
131572250
589980338
23674246
356933156
253164684
995140222
99029916
1210273
962787406
868809510
792141201
698618060
705998226
712774772
429660657
194476637
384870287
128415161
720076314
670704149
890282293
414827306
239606730
944614427
724971113
690001149
150912902
830125878
571904451
843182486
79629253
483318369
602110959
842765234
794678993
948057097
180668844
947559008
832912006
354741853
494858958
698638267
355742449
973745843
763027286
282693547
86583692
97964943
213467808
819864124
993693550
803257801
486527345
320529481
356702334
355145019
441607610
817044242
236369763
937349578
852541053
83705828
801169846
695976164
250891363
57601549
515234150
585372239
661326787
197136887
781998048
398800937
581948611
529698828
408972070
784830671
712235775
722860408
776641549
992970780
403159610
316170460
290424812
740236801
865921438
81051275
522212038
802181890
318187439
467331688
688662944
126181546
740664266
607997361
297030286
389949797
103830122
618868404
168158443
372808748
312228807
353520234
944417718
810662087
577622215
441890842
559270611
108363865
350961819
91860221
345091126
449476209
533807977
859915576
437881125
871428496
64749722
959373852
229392919
353165153
77432902
975234394
596892628
676876901
428504668
295708960
926557365
441775297
242027037
926099732
480774339
264771666
255236175
306530495
354142624
742185865
542503982
960285847
15521110
359034587
180238609
573345194
993173028
982215159
842766399
325212060
452587554
793757657
345316396
250727099
226917754
846561769
915389146
806947166
234508729
662019037
540527434
637605576
702532795
286198590
753493536
783009621
478302919
652928489
340877918
512637019
606707716
464359923
395485547
506376372
210622945
175121158
45612764
451999802
545758077
33321842
499199058
673704406
844141785
325986703
158331624
609791511
17119442
850221938
962388027
703796150
823785292
914464719
700792683
475109142
998263191
601987226
767899713
245395972
148839403
343752643
679365149
787646886
630060702
53967346
73785473
719387488
917904321
240807400
822302115
678668259
80311916
907452386
278509408
353783313
355434330
403592880
304869568
895164393
178412179
342198650
625409815
808883776
486277044
704747924
931377037
289559514
315133774
668666118
462946804
518157206
880897530
473530385
142786305
973530861
283426434
636926259
583911478
303539156
628673715
803188789
974890658
331152180
969592414
197830822
795704425
342629996
711051927
23194573
854882322
944572898
998959500
26968169
515853762
222056160
318387156
444175072
128825990
471263922
285993066
831790248
248698803
449400803
469923545
99177813
569613688
48328275
319380139
522061841
299600308
319517951
972866637
985892744
874938673
150440230
653174044
631823631
848257236
141836767
97016310
417875508
517476164
699005973
390984653
904819713
638570312
238912939
550645126
758307213
789611604
685431692
224672540
925759891
187272413
804165286
62282891
291323794
802401374
834775289
415807932
361506908
314901547
758652471
229327047
86194170
977655176
543338819
813754655
529575502
73725731
112209592
823358762
354688308
452732429
109533233
78705018
806564750
629310753
614044924
855358556
694001334
975908452
42839356
556128015
297616617
674209120
954063990
120551401
986536718
226084311
57885366
246903315
261870182
440818020
813067032
622856975
702238859
517132836
291908375
686905138
246588776
525110561
473153974
699925074
377411576
799345112
287468856
723540548
804064531
151003833
745465388
678013194
149952461
299795947
903489031
275727468
502426515
341273892
960184174
21407479
982493651
765278731
767614126
494553668
619974220
148361031
89025451
884987047
825411185
102177298
913029239
817514065
163803222
993258080
205485674
823915001
931452022
405336406
93859564
330223638
164070452
68578346
204864099
848288650
292825584
66344023
883451067
505561173
872221261
582838463
204477870
470870143
101570590
674185691
419704620
386623877
797377405
940081527
265366119
531835010
332190457
577317767
120648191
909893333
886745244
89208971
45528308
646036505
512107187
347543488
539183327
934129444
632975098
996635141
981498575
700312142
554794835
563418380
183593905
249296709
368474436
140144401
528890141
872607812
807578041
393113283
268579154
171814335
427797724
429378522
249189149
497323210
286980527
216527401
947155338
97101000
282367476
573553832
539006318
392719510
78947235
530463087
160411975
843864262
638955187
458150020
917580752
170492035
661692609
131752095
61930623
397967762
910716793
452241196
620530584
645737700
96522639
328698804
332058239
455551961
505403865
252926463
771538712
620654091
146869796
36687031
704606629
460211884
32183617
980742421
9975709
696126986
277199136
506127255
257242191
357653724
521307668
779481747
83715416
250666741
86696589
15979726
896391300
63858095
481910147
327856855
683738892
741681030
346158969
746025332
459963829
990876205
162888775
100101882
366928211
646994673
65706448
917256609
228111683
910196171
273446437
119102683
163280238
653488981
197708080
614190649
206704817
135791334
676916881
595527695
967334360
696767593
738211460
233574992
917342032
948002780
69682127
643435163
872970842
54781714
709177728
178212193
698579549
515689371
128514762
93352270
616609270
793862203
532832570
756811346
685940759
339347641
683245114
156584758
786366314
440123512
684653941
547657070
838326448
694634688
256881603
673621657
885019494
640618800
397982088
816729105
205351023
728267911
535168701
633349741
966448007
751112288
675494494
509899722
469281755
991168091
63839783
547170997
597175710
794031291
454003384
721574772
901526315
733456302
183591164
483312091
269863102
244582376
394376458
43952927
337297796
178650098
633120649
210480538
258375908
480539108
813562034
105792830
26867941
494384753
17608117
296224468
681848761
737143312
550192368
648481367
629880957
536346267
522072990
861872518
355537634
265329035
741830753
790030552
783815723
568672343
494321273
430193961
620551541
983089261
13050109
553199520
619106685
329960502
430712767
887351678
28626128
455993600
790876347
341936576
287286094
212012308
843379577
676123634
282799018
345033092
340276032
246133220
878310343
642973817
743091641
735754521
104366114
526979866
681700978
156915807
600761033
262068677
820821248
495363339
92251677
286065735
417836096
79470672
235430117
385373764
516806712
29106904
540319769
891453276
710014813
629093123
837022787
890975108
970573930
102598213
731924917
702386528
607874108
943767610
366956186
471969448
740354297
62639140
333569631
828881507
84348913
643465063
161892709
478467234
488191876
826048569
914051350
949161688
446818349
56594422
366858682
257661853
826282160
100630680
464727210
682181
858886241
725726625
118553922
980884801
663653912
703176681
861761817
911733955
230603478
519078196
106293629
731303631
475853326
953926738
302520506
209177934
606649538
184744691
535900176
645607039
977374580
17679153
266656241
869212820
906265935
663094079
697577451
793288374
145164465
258873618
580707153
351050916
542578110
542717618
658519476
95262658
22348380
837571865
753147338
132945390
909663545
804664458
169518203
908998693
805764883
504332364
578423818
598214604
169308817
618309674
288472714
937852719
316646255
90297751
727105226
824615544
136056413
464531678
858668172
735559001
320279343
271050771
82854445
920242239
290200732
578489837
253734091
858275719
352003002
422570398
996763387
934257956
714327244
285307655
404874765
349965356
65479769
161395356
335605878
960281216
158859666
138268338
366216769
432890789
67531681
228250893
187422522
815117731
132801678
165412319
334249019
380975693
285896261
696649162
818200735
102539941
255781638
218981768
59948203
651777299
837074869
108201634
59767464
445673061
23671487
788578210
94340984
719825870
280817749
35881514
402331953
928609447
849196865
635666334
749135951
233571038
153501479
310977385
902281193
754062081
181029152
864667292
322285649
798751452
263139234
222968402
517332613
835359008
526065943
159358431
348776754
481624964
84238522
615218462
358941485
613661102
633488838
457711450
682966555
97743614
387151258
183620107
113810416
680779699
837795961
687644669
935662253
221077739
532880393
558118723
727379742
382287874
896382765
960338231
893084572
442156681
669152280
358213172
376125186
340548149
738787521
997352979
803718318
75126147
896877765
285511656
92128981
189365967
112055694
836873849
510879087
725171952
359639432
855373700
14123806
944356663
846747481
614588392
776815938
431922367
704737631
502706714
72325082
267672650
999465904
585081198
93673430
805281531
582413830
78238692
347429083
400060413
431700035
466109274
900779864
104088570
282723147
168746193
282916795
901783399
724086013
653382702
100421822
933571357
492788425
937606872
681450566
305736078
66117022
516426408
863268214
96387927
117234112
543696848
915205729
947874654
916809781
916789698
38855939
767302276
180007620
470329535
839194596
144961341
588597918
550755562
581623198
329509618
990294429
507555678
378884647
610495647
961598261
104767477
229868428
414563033
51224754
655976537
450803443
291405496
334681340
163188704
234376731
239489630
841444780
982693201
656652836
344182966
804706069
386557810
385596492
372091701
19601890
601371024
398212592
679082829
363656622
899656711
254113205
942681092
972893877
758146667
3355737
752091084
840387124
382766473
894168883
303618132
603206050
623031449
234834192
837652428
537339226
167056107
835040393
350621841
606332731
270050375
893712564
513042699
885255122
281391035
21768359
37685975
673490846
150835908
688724421
661997594
246661366
23690339
912372091
626736992
886343289
804821614
27584459
65865188
916165199
782014736
476057999
168030956
614476710
403859750
127656257
248821450
583991936
606691710
618303444
427238441
562801696
692149091
73053066
824683507
751426543
405442028
168697206
937678092
553382189
40170538
112738394
799719566
899377839
768201984
530126033
910813416
62297868
727818458
399667556
988780641
917589475
557037256
18545074
793565125
943496162
305305406
991704809
850742846
58032137
695965802
572650326
643825855
731886683
353671020
467170043
248243443
768210744
894852670
345479780
868388194
72165985
665448730
987093556
584747921
48097663
972685604
894018778
791351717
270890933
93346756
91340417
455064024
429176857
624139590
64830777
392476381
802088314
278061999
855100339
992404674
408645295
446345948
31112079
941421477
390655613
124872904
669024219
879724199
978041065
431648087
671061008
401425729
495912842
706038058
605167414
832594221
204039648
79980286
776554320
222539775
624464996
703692564
665663617
241162006
29817944
590702021
180314982
667058486
998895362
731648210
592171207
245219151
702603407
828947041
942392043
151862022
426503552
596274635
49514405
332114266
928772566
541057789
381491324
513789896
540417123
399237473
744339978
185170
414107781
442674691
751193189
366067970
984471139
462670490
326534406
593432661
30567524
937442774
925713744
606714274
883697237
198956985
598901223
591118385
25110985
932619257
804663840
832252240
920717982
918196592
843305871
392034310
837442202
834144626
220644377
830501453
554139684
422360967
771385539
832103558
478625530
141089644
822910671
54912589
419883269
470313527
398064380
468366414
121978917
965130420
698940363
119035290
333406139
409221533
750693946
827846901
708848454
725289604
387495858
958723874
468331525
548686036
649771413
296012255
884457555
969241945
918067177
850429269
713065066
866071072
976146606
654617919
899755253
879173436
61286209
328994750
539940801
947394525
498157262
474847643
91194991
496168213
74971636
450448520
144763765
304341280
292145356
153647896
241594172
657071595
584985439
411461016
819680202
790137067
960968192
52588509
384161634
667642026
327652577
66078350
188555145
650839302
321114410
209647438
200914347
47204645
476126124
867866317
880670269
302361404
411534611
718491902
419111837
242693011
579878224
656138230
660246811
822401077
908998147
997327223
858224812
573917250
602524975
668043423
69370660
963046187
97009693
170091446
966024908
926630619
476159811
740682266
530449222
731706706
807312792
244644627
288069677
717854520
210411232
851961919
821030449
733730730
570643648
702241053
998582135
55760651
325982492
529114623
408773825
789772195
584803961
310646577
8053197
90550883
269095989
557444767
40196933
535583583
435837873
251357553
488220786
807162242
954815680
810210304
671131516
822339268
399158854
575695099
975199958
950874350
947552734
701171722
228998843
513081235
225833048
146045455
817322380
925620983
739016831
47806533
910906639
506930732
824656374
775763533
290098711
936552780
652916509
737841434
173495348
175007164
155456695
27562561
667980970
870687291
419830834
524476317
659855122
87820681
474734261
426102936
413762493
98463787
678868637
773131129
92953728
987537913
155093002
208154744
740975310
931899182
88367301
619338922
391278087
468903839
613996558
176852623
270955870
727688741
293586970
503457759
705713299
135483260
124713383
949766623
218508809
997369844
631583655
876634515
220565291
503451396
240266820
884773008
267130052
354883103
582919988
115982702
329955044
386580387
160039174
385788318
656919511
460727731
857876229
724991556
345631921
761070231
155587331
757934223
325612971
321688255
183419925
407001709
259666649
49519497
217065191
204117710
394103804
853158887
801752734
499048055
84344666
305138054
361826080
567432754
242361605
910199893
597603938
959310166
866026069
827908451
977817163
614113432
653027975
416990616
393763081
544405893
349702505
142895344
719573048
902659941
482849487
425229109
584606077
810904671
360498043
835663609
379957242
712573671
665829060
831876485
526850876
446639262
107978174
432108399
644847443
413509094
421755795
624261930
89303742
643479291
795100621
377515734
138643119
758764368
646487838
979956317
557936792
519316452
55581220
546654337
965114840
379297383
912427502
315243927
790142598
614785714
956532208
563046678
253324010
669030175
589510410
55144775
232245838
663431965
255789921
123537097
528345737
480673697
426906163
262769679
494671281
558170319
373730410
636078032
771659062
868285748
248772852
260922633
622606052
56507716
661603795
919801449
950909542
903882091
825125250
316879771
408155819
556014262
678933471
856791839
220218347
806308917
944650748
538789095
796630480
825185659
122532640
682001920
32826023
927442751
12235464
515516987
864683655
888722295
573437376
158636835
412732721
52559002
106918017
334780627
959124365
19352075
606001779
474326497
576506471
737481071
463852668
343895419
193430860
117814464
54919170
953087045
322372470
119966415
642725646
864341072
578752943
402862526
133807367
701911545
980336050
463058253
810369673
442763126
291467186
185886239
950483707
419056293
837730571
303525023
74103079
279479624
43775546
24157302
242937306
284913092
554032011
736353928
60617966
524333670
949816465
863981389
135247006
306029582
765277940
86931858
59019853
202890679
808734473
748608160
217166201
97551568
169003113
140857801
275914087
444636319
221445465
199596022
572691298
328345630
728670970
655147522
147387988
899321556
780630519
805674517
828508529
231022318
27207210
520616413
665884110
114157792
16284070
726070876
369100956
950814218
3767428
176256017
248139898
798300650
168535977
182379075
372140433
485161344
287138886
363510348
152810179
341150960
291638635
148149277
793944691
600489198
642521783
82370088
178474647
769081540
600058481
123649906
458788889
75590411
828709861
167316312
613076151
16241873
784061710
885662407
824726432
746322800
95746420
662613470
179493260
400702963
404206043
895173920
907642443
15884165
666947978
344448808
299761631
133870547
36318778
706529995
843773643
688996582
588332672
371002207
252953404
137893515
37230956
907266403
737140048
824457193
570348996
977525512
594870
503833353
168450516
500288553
260942100
301804635
392095053
954486808
816841592
647161451
204164496
225008850
240487029
721327633
984266686
656363116
461099707
351138388
924127882
406650056
928120088
893704363
815744387
696528570
421392286
849431767
677311343
693193053
580987304
52686827
494308286
310234142
414432307
257758851
447741808
973456615
516359143
88410698
512440823
11731206
499407214
677304688
158572535
266679324
186151075
654241090
529579600
219065501
620492262
596044081
793388270
109037533
651280607
747419809
169288856
421507998
983017293
139976681
976334419
979521412
108167917
116182424
162443238
892329982
402812173
862149934
819455831
748982108
346035065
964702843
396217950
348136109
164527480
571940739
70212555
365891027
977553218
319097982
740033268
773696995
888582435
579729063
894326403
83226090
194399728
99751552
178537402
351485001
291092566
256445476
477072266
702685081
601257501
389131255
416091069
774631216
295791117
840370814
183590240
414913482
635143183
35607349
212249013
104966099
442838812
770666135
49507953
989027799
611664783
466999255
114447143
976252517
432788213
589429685
34552676
913233021
527143804
147640558
693120734
885756208
629524301
598907563
879632241
671533806
982410752
388543416
742596842
202755402
5893465
906550026
753543878
546790188
761760410
55159910
891760318
404035452
484556342
362165905
408021616
452058962
671136689
265871115
553581232
5102255
852275085
936347585
258622717
977248027
226749791
295712727
89793265
221151295
734247480
689840303
83451536
728272965
746737255
389433374
15784651
275707503
307151298
436385983
208417903
653752211
155108625
559701188
949323924
238661164
826412453
475699272
864570229
590058197
396610688
237161312
754881753
697041720
992705726
445809400
650293166
200524780
121909366
304023571
543601486
706935654
655978470
280718739
95388244
160099604
655766477
143437582
215197282
783417201
10702620
911690972
546954428
634049187
464738881
779194388
5894133
950547502
733167564
757157361
450214235
538023010
177330979
223716897
905590350
285962159
71885249
319832740
860679804
94617965
949917684
347110476
124965910
681504139
806659632
684561086
715091328
528951160
975530234
734339467
106852075
878618645
97579726
849729633
330202402
986900339
321594692
545132496
481004580
883947648
825016590
173988910
987287659
615091327
654241676
213942946
618400152
289147575
593195833
853676973
797573605
160006609
758653496
592875370
479629268
181492971
135171050
64311300
866892262
270609807
48243495
398471499
671638084
987867203
834665566
310117731
980111450
626174218
77763145
154570656
527202611
906602371
137989311
824054048
772141908
719540901
824105059
849493764
526261160
723061064
439741561
907592878
458901345
389786689
657101090
236199747
405121053
685470491
819099032
987812176
56245456
376406991
667743330
818156189
398622481
869201578
338413088
28783013
62534224
637742455
388378932
192638843
373930659
923965021
611010121
297790297
24345831
248761664
58600767
686709086
446752346
75800455
901324244
322737359
305160935
959181081
927864060
981811730
489197348
88607262
362873890
138392065
130559544
793815311
814680598
470177451
596890176
79058904
52332777
651089746
902005174
970083137
8019724
222074741
625478076
868971384
268680060
217501473
75672426
481394822
203678335
551975156
713541996
42828032
709081935
514738770
434512978
373011094
675950379
482072372
394789567
368977862
276842002
318152474
328844604
97250614
904217992
33738397
47009440
893885670
925835962
159705993
622044294
169110946
242595044
772628023
754362491
626172833
144218374
830145051
192638723
56518418
782944718
495478593
865268776
684163296
677042261
548746569
109194263
423446677
52986326
472052998
63304039
568015985
154606237
200705262
561799316
17290484
568669765
168887175
109045450
471267286
595962435
408082608
367271167
404882241
686825079
21059786
117107924
269802752
70441835
431336228
736334755
13027005
789156022
3182019
944607406
161965671
679770098
729102142
984207640
79474128
137971291
11245409
811837201
334393108
668753313
976880768
205676208
196693252
7994402
741291876
772772673
303845979
439052304
216059679
945076319
853130020
876090238
737200173
515905266
561390684
999383667
781881714
161247835
561099969
23137613
215800141
928835783
740389879
988591016
36679751
552776106
630158993
635033637
880811329
813055776
793114312
542455360
67160269
753586088
249545650
255353491
885735705
897133094
121370248
865544108
612636838
85979718
904909729
841864059
92499552
929232602
70148836
218911442
420824981
658879988
23550726
551633520
919324938
13685067
99766792
247713058
772722301
295027289
683667909
613026998
918502102
785534164
300796358
948266178
501333760
684385586
773931628
358041235
634088721
468819792
932259741
375628584
782633101
43999800
964076642
719371260
683736554
560579252
290371493
467675509
959418398
840381474
644973344
557965801
761095489
955589282
255842999
106547109
215084170
843745778
109710091
245589288
636458814
782566074
186510677
180654641
827657129
98338882
520611257
86326536
603901653
977280821
515841506
159637355
348773835
786909113
593699393
609344262
632043917
971710109
835280969
316803735
508803533
128595643
580370327
798172866
602575155
290003448
837450631
826254732
930342099
586892955
794211128
366042850
914702429
647517295
19843513
171599290
843276952
437219976
165268770
872846848
17492955
571388853
112399801
546606063
549351788
366639168
97163624
169567493
389490248
420212349
676817687
186640386
587626747
101625368
66779678
75036878
861628199
254361626
659446112
790605831
765394895
55635465
834275539
728376198
17596086
95343659
515605789
831012332
4087965
668665035
4335353
517807937
49205710
748672798
427967276
500248739
159566271
949788186
561531674
736391647
592552943
437570837
728419089
37214854
310965100
668781454
774291669
395988002
477409965
234397014
314561132
769711329
503491680
974856583
572841316
854017780
4631568
326032914
832808403
755469287
108559570
743546241
247076028
663607740
280623781
373247718
414630094
61311042
277745837
464985015
373237589
982514229
204838192
951354011
28180747
335351069
458096944
780353221
270992154
328080352
642300585
397857368
30168558
264020466
385315478
725214486
999907428
739776108
199394054
857369409
335483957
943056578
651001393
893779345
275263666
276116033
633575039
905184528
774871296
770582222
815619961
399672676
406468705
709624138
419724389
844962375
216785952
721241602
311734763
322348209
912872079
470573030
541664638
122265869
962140186
220116846
881646746
183378318
730222973
873104070
582229221
884186179
291295926
348267377
767145692
111606690
692117370
157254677
371352907
490019280
753845911
50974624
906781315
26789210
971595739
931840657
10758584
599835668
292669920
341806370
635994822
475337046
788209214
372522256
413337039
338843048
994994408
122756282
486560312
974556239
630778155
815778126
669401654
279966316
830021033
370536886
630747301
839639839
143420348
670119522
785364829
266003375
113534724
744690710
374131830
14905204
821131532
134984806
144292708
358623645
237417282
390174399
123542683
345742785
652079727
888496132
756800361
589976173
698967185
219346476
605502613
227049636
669699842
986003044
365803436
674809098
792072303
806664424
687233269
260267377
173573569
379526339
876965665
852066893
170236001
777388644
721802949
8182423
452750444
681176278
975295836
628934896
496097123
223866728
247275323
566061065
115811971
118919989
887593049
417041248
328714953
621079981
834402442
797263661
555331912
456180585
197448027
645906410
807892753
452916498
713473998
426380660
462757151
237408283
602168891
970265635
582434587
308607774
180811944
23333651
406068114
74946405
958715435
851379370
466519705
65408280
290247553
201471567
238441837
479710585
637881389
250318965
222316254
747445491
7156461
421148297
791192429
341813713
534757534
135010251
742686142
320728178
625171996
290418010
46219320
651021456
955828418
978520699
139450556
832257615
527547638
875862340
966252877
796006354
598462226
329143538
992362109
400758265
695348981
169188549
799333486
328914276
337320226
252532988
137666051
408014751
545988190
959716307
209364295
901252770
749170306
63509343
828630204
448069957
419834334
527340167
939050806
424071032
34469179
447606365
896489376
393449540
854549584
45913957
336155881
229741542
140958688
742704733
96991428
300084796
168065666
897980641
161114342
284117111
145402223
358187070
921110947
25870796
614706859
875882568
141299652
533285752
206133201
969899111
776053708
688630838
478962335
837465392
429206358
354756586
395122276
81877731
842628339
357487078
619487657
302943993
632391807
891707170
276571001
91431127
362216094
119156872
288027817
615541971
774555449
783140716
544081664
636264660
279190421
64319968
37998
747521558
72043434
548346015
959798324
562427248
222577036
885366135
695955992
606249663
131428107
649966905
558835262
810182426
565831585
249734620
855251254
32804711
774151016
25131692
728145586
571264068
902144498
388241685
967506878
331125790
454615807
730902250
365913974
171045089
140995098
91373968
405276187
533148374
113518226
101934089
364496587
994062528
152028357
948458741
815132454
905343912
872751370
219136439
923374091
985946877
118144913
986227922
842071316
273552916
583695690
469315334
71010981
51609972
721328561
837144733
417951323
740064405
50642349
290460331
787768159
146430396
19681275
623161772
583725712
200046621
642110245
979626211
907188270
411286898
520567375
29944770
500070807
663905347
95421285
420051996
958379377
285121080
813216290
597902377
380374199
135461727
716121051
953942557
875539629
16725674
403314296
269551688
688460203
916804089
63410512
827142925
454621922
869741981
379966492
944235203
187318813
505974198
502425204
429772876
209915951
26270686
800271970
940418553
212524108
757295356
37577218
67677749
420195542
881140135
476697934
514875639
420850837
805717298
283538249
949346149
741088889
637410353
846204239
149064880
155514094
615548877
16699722
782914451
317758540
552023676
156877791
709575265
485117120
170239354
703265825
18037459
345698329
191388372
416551014
89306619
864264457
479029803
760639953
11751743
372430715
814745607
694893539
981385420
123739755
588505052
623786095
676864305
648490288
575954131
500460963
113931058
503317186
542258339
91601156
913641954
290014833
155218147
88105205
45933480
224607291
820044831
879020614
418499126
129898446
638282616
400531424
702536350
688220103
533086725
626065677
315171112
373499777
475163567
528320562
921209790
247140429
719519744
770572978
696573859
284371908
102482048
938204457
786174042
550078921
159235881
987230340
291821132
259838079
212082562
949195998
239096652
496419722
51672625
197369571
26645564
139107632
276983173
549604562
947349803
884974872
514558521
252143770
587469591
328837112
611597708
871273569
255856883
184627074
895168296
547387323
303325515
89778607
694915005
438449129
704930099
329865573
263290931
855135515
510755593
134984775
714583156
774210176
325461130
263925460
111046780
313950022
455714631
129579037
829141122
379590988
887270035
865121076
59261194
957583395
441846543
998272267
379153959
199509144
699015081
484834909
736405483
667249589
233757599
949829445
930364772
648785872
699698251
150554813
821929865
280032834
479881037
375429849
269212043
147891615
547413546
535348300
51888304
753556869
61804062
520000225
981838633
852356461
719715030
829843748
199432524
564483726
430918947
742706487
439701584
506970352
790141344
374147865
444310718
642674485
395488720
260464356
220432787
227081085
235382911
680690445
703587020
874357834
961801942
794093086
254630148
465349933
96136918
803122965
498106640
942974159
531381074
612648613
43699746
492765240
281426500
122986591
252119570
759618983
342547483
63863827
100274400
278397764
593673296
279104511
116765225
546895364
321429766
796153985
751871394
396743218
427891485
35945069
605065776
48996596
549807630
170072915
929212227
102168412
245400506
954794598
50012551
203062119
36841802
785433506
782378584
287242042
418216924
463867868
385710167
399514426
239677641
868812575
806829613
738521770
806940704
145469713
985782270
644826917
593970803
580395018
664002891
751676573
590810584
380117871
660007213
616641132
365477680
611849036
983310889
886097236
428516834
844435144
661836028
151781673
624807154
830185495
308762911
763837422
802275611
408447362
117578364
177522354
208878187
813274896
973090605
219623827
191321720
783127983
492060838
19024030
689558794
689978797
98392185
353500669
165805190
674357801
985259683
209778955
564234802
621676759
54555601
279935015
272665706
274923900
926931436
260402627
94873976
812735077
932300324
297064289
226914657
413420782
98376366
697223851
952319269
797278147
438132138
487601902
92309733
907763210
632992689
225715550
559373773
899490740
957055396
14460423
425482662
793620440
967485040
664147213
424554979
360845551
808279362
275949788
385703588
381794792
101808451
141957283
167624019
703039751
746800901
370444051
594169763
15843244
56099799
574224700
932890378
23127912
875542623
97686510
688015727
96967410
660896810
981637430
501903301
43139995
471761865
576141549
271676530
854114236
874225077
503168550
356206223
196102190
860855098
606618303
875133866
800206944
689529961
221888399
818678588
186694423
417122048
5411292
192723674
714379841
737234883
219242854
843860609
850215386
221607769
446055865
979900008
632851261
886218551
934994196
408805662
627958738
397585871
342592137
793595997
165835502
909018873
200502796
885344653
561076016
317016597
385479154
832562266
1978530
798580944
638107792
560533842
94342004
172599217
127006253
910209224
616058919
446462613
302244265
81686260
89711103
65644678
844699666
699834489
722927270
869811932
100300680
971864977
593921521
921278044
667329721
761060728
114666971
39161073
828560820
969121226
967994340
273988067
693736513
965477804
37912720
455433677
191446146
205395989
921651003
846646026
340524505
990814834
320348417
999135318
592221549
500130698
935417651
450378027
682105759
316436676
987114044
809144127
943440590
342561576
474534051
508856541
757619460
89726743
717141806
338182040
917984608
24142792
308542082
85490316
934012052
944079447
77558744
342150975
891235930
306512659
230100904
619437151
733042736
439728256
355323540
609167036
129492995
567768867
22286146
586480876
40840832
882438630
998989886
735569314
928813606
67352969
569945267
657345583
745019238
985760884
903434402
735892910
771555614
493449750
698648402
341029491
398225147
312853198
750342317
864740194
558148760
87456158
428387723
534415476
681541429
691582731
731090082
251977142
29808573
347399567
101235286
496961824
107647007
401096987
913341030
286579607
926985884
666301930
274334269
684520204
406895889
368531796
888845861
437268912
859380927
377987034
462335583
721813446
225494871
581731309
343647323
668474574
441694638
225525085
383956567
118764928
620333938
876845423
694891812
882246270
879339800
528983419
340584731
675894078
136284280
934816841
38177214
542268388
583574458
96131596
853312018
499447041
284193549
642217406
526053627
553169611
759183671
315699200
18787742
84914646
460015577
75719794
547282544
683901059
233567478
490836242
260480678
191878076
211240341
397543891
208017462
553065733
841931372
643570826
99529073
177658096
912090224
914936809
917361858
857371038
418692458
968503511
837118051
739530237
990417433
788900469
112524988
315317554
173083005
90959067
377207661
522005168
495260308
105980504
964051369
484004029
154819164
711159838
65447777
474069002
68977163
885354716
917831283
383613317
9198219
431294185
703580326
184009020
63370178
927564771
866855725
595686031
770615569
895628633
433541872
799194837
480380270
645062028
389809954
1644490
210522356
970076061
31847948
551831307
763404281
372067746
385948495
193248170
307550346
898160394
81397877
187024212
7494323
700485759
607910673
187734368
573395119
134173315
234781955
87007249
588933442
663797638
205840922
255814409
127545342
675814801
897886678
510600017
400234768
276568068
814881051
556354052
213077651
25853490
648513264
278152373
324642256
143903698
120104351
585856086
447493864
318349636
81483793
643702885
384608299
158653274
373719267
39400394
367405068
123110123
672469320
939386317
196590633
843605386
649653993
181460086
548911953
662505186
826470351
494503645
723936749
677037068
137343775
809194538
74776698
420108220
115629178
657373820
57633819
488410012
477039460
96304001
460223739
214636063
82511866
368472752
359455996
841520919
358523100
794883549
96833101
338649669
404004391
717479401
858342381
431725760
766524384
687845610
568056651
962091707
880373194
920746225
821755981
205049303
667516483
40539062
180441186
627643657
276096045
914974847
746662740
341659762
901962035
104323148
851508403
520562023
573268173
227875613
995269623
740771950
110408136
459734042
949485347
253783744
125627565
610444251
687241831
395767465
246861305
422253569
578319457
648116971
819732240
742293107
194863766
688483974
405932651
801035852
249262741
962519157
954275812
357244126
990769468
546880796
906299050
967514451
475131964
686341974
826610793
484767360
663508981
663479436
416016835
630215574
825188101
809683608
697590533
935943229
347891549
373956780
206667583
273268559
596896655
761897799
737901598
206216963
109002329
48531104
674618173
719789268
284909976
34740295
212211982
323689819
481754066
78921005
221168739
179272369
395767862
9870617
98096431
432147067
985731124
251352456
37217376
356389767
197929400
960343155
890596508
786300975
233740541
482088662
920358278
26595133
130014840
3202058
667277971
101520349
54119848
583789833
703096457
753081725
829141467
45874738
79483715
341191885
794368965
292579561
961237311
711729770
970971159
349205062
564600985
636615953
608581837
340224037
743184197
976569787
902266996
997280711
634805867
604971891
95902659
672583913
870388883
644497231
185398761
841047696
323025122
927104746
125830231
297790409
293145809
483883171
802747682
929088122
213811087
971674777
778968126
541552719
475830266
296086362
602469714
82011651
858198335
224718726
483737228
807360120
745257072
248055629
14581544
470943391
372119808
799474670
473195056
383929487
800239549
25794372
691836942
384450962
492557634
276413520
595883089
855359553
519806459
206168487
692605683
234361078
578727231
577486152
828524759
141010414
612584736
841169630
43446365
605225066
677434957
230179516
948307683
379896794
958926273
388761892
255799314
634356456
346766583
609818085
993246427
649056914
736809709
844111807
626728823
97153933
72209622
496542962
643916263
45693861
622553006
465217567
909609933
456276749
88027522
111139877
480248539
305722927
702964605
300747617
599375873
96945082
164289546
856122891
412301407
162637712
282819609
776260563
113293169
657832633
957253476
387039454
63572424
50580236
853285162
657179061
816136082
545431231
214126430
66518955
11867407
550536386
872915815
670638117
632487988
748403643
867956477
604386876
896599567
480068120
808351405
950732321
671571860
604872921
443298541
412758230
125958749
694094200
688571826
609252531
712459364
644005691
261243023
316963375
819388637
590655809
393677222
449810095
112475293
601071618
533434501
819324798
198565050
324729819
355945026
254276451
39001057
348080064
581147122
545624335
954455426
106425170
887390577
881646694
947344501
4263810
718574061
101811179
222816912
331091597
817543172
857076881
943367305
318517404
386826307
994137563
296160789
462564148
144308496
145045399
458664539
772201452
351113439
65799112
342387216
645822387
474845981
551990039
877824546
883958578
318454895
451001292
373899180
178533478
465428890
259148120
318702705
696030777
148156194
671362218
153497426
669907194
690793130
717425201
224657637
926717558
282275886
993157568
212365426
334361979
31647353
776663593
755930561
622543586
158780093
213982668
57651430
970420542
489458015
916267836
503709147
977520257
473970076
215655214
687495819
468937620
35635230
624197702
507023898
650766386
344483796
571610464
162040700
949407529
219982789
731116043
489300730
669068492
862624766
743208989
785341227
722522972
585112909
861949717
100238192
672802328
168207491
818532426
70618506
646326198
148653933
943084364
757304776
839797646
742556782
303695793
656501986
343127811
424856624
233015858
417404914
524819311
175458905
392578414
409982432
41861152
498449683
783677381
998283238
926283232
286342085
279179804
534711035
952061083
270965421
177719521
114233122
844447692
331806262
21178459
800770808
855547384
116669591
902735861
244147819
799980035
955001062
802736761
617260078
337535322
220500727
942030915
442303012
549706346
69818105
125545449
561584434
647246232
982866988
793212625
664348901
46795510
603711136
568964114
207264849
11733125
94762964
914664248
975387705
839108429
823533374
682885404
748570239
210107842
523312498
534220038
14274762
656985515
94750669
13367068
789303846
168174072
719772783
700932853
154991907
544286506
668544333
978874470
696161556
348585189
32859256
585984805
659390508
342328034
316033152
382166415
324591414
176046236
771236066
193760859
835354298
911724209
609134152
708867971
202951478
528149076
995650276
655079812
707226008
416265799
368633552
184697730
747302860
448816379
558344244
375986080
467147179
746425412
478388251
581764699
442498105
963638422
837459834
746321105
496066761
317765695
538092287
71297714
45278268
843724846
428928625
375943064
920825773
243839351
789611352
612158856
379682401
821957196
859431721
643966313
999447190
144964547
114824376
429291310
961941200
502403013
342656344
115288452
790521048
636017516
691078552
176126015
968712066
898074260
813418595
22235992
201894375
873919648
474448523
186192844
374501212
98077589
18707723
60284739
566700805
707336653
239143505
987614368
665740460
430832058
901918078
756862717
217093495
824658186
488693795
543589665
716679465
597309610
583115000
720255068
468369047
749337354
741808191
742105544
531052212
599069724
575402427
368207109
712148282
138650733
674451660
977073197
896511136
973458479
225934616
463908969
957695123
242417312
189863202
163242392
218838004
395542729
807335835
500421345
331825242
264276385
697367076
198592179
544009817
419358340
153552269
650778793
262511559
858134708
172363189
595441041
544438581
212399875
742185317
150806200
616686858
306959483
686569612
889220749
933915089
58492290
14684883
290001236
79197507
729985220
13719702
902112157
924554873
428232585
896482641
126295066
500964882
5364538
533782601
773614787
224808275
115164517
139178884
472835296
968964678
929742050
728337882
697006552
88127862
678154905
371141386
717933200
583608644
129991536
338538479
896740193
151073710
414388252
534565288
534652620
949642104
906645685
166058712
850651836
428473434
509390069
635856106
146030650
12879959
529424098
212874630
722995223
403671751
139608074
863392423
348955476
442253070
869308883
326222691
53866556
830461367
758461757
770199607
741326008
979244140
61743876
228788713
444588576
314147130
773415827
306641514
51652704
429959728
472654628
264981213
116071788
199499962
540515087
512859529
735230826
347090461
191090846
343576564
144341741
354946082
395393698
79620907
701447303
34833808
782732342
218287073
493118480
57005171
964696519
926619207
807020708
938186095
528178746
161268445
433176941
716271955
920797771
444559054
199917969
173398537
290403133
921880700
93194936
550067129
689166776
176236946
327075924
754558484
958449508
727740541
632665353
787593298
296528213
592023238
879322102
614610340
422214145
629104892
135977966
238446823
945766015
22727336
975927602
452942262
358067258
296060034
417406516
668819303
227428827
29469337
393002252
918515036
512559933
253590758
163403921
912793735
337833693
172037927
363570330
298415557
650763557
370127396
812241630
41438609
556001261
469683362
272456765
775125994
461550243
783670997
38912034
78059607
801617588
153857309
756915623
800403774
944938449
556483856
83302879
134919948
342211173
394282112
412578545
611165524
315354454
323802196
390092104
416841220
607172624
943411737
129204435
961192235
287178955
542648520
626053433
374767160
902015968
994294789
993111478
936623075
725600865
556725280
740162124
853269399
53250387
902132827
159757140
611386975
211195766
617645427
835190487
801277093
22082674
935842685
673785239
668733467
51892707
282420383
538851558
375028808
145534943
546905672
321754224
66282148
267908279
951136175
916075711
700524277
747338258
334275253
545479859
275049838
887533827
98043504
867608943
440012724
859758262
535556548
853372796
48080116
737027841
371080535
652270254
895310743
360321310
395565680
249251590
506129454
105834197
495186558
390626012
467337722
236469314
890974604
298296300
871983889
689992364
148038700
20092008
836525882
605452832
754292921
119140120
751050616
570701184
861489562
170406101
617792609
636780164
76703175
757050892
949964083
500502925
785110035
83428511
711071239
294326040
357844372
357578405
781151501
905343554
514232458
35823029
203790244
768356255
455663455
769647803
319389963
371295265
3224260
634117375
991245197
369821074
928563119
365974177
926348187
841911103
565429912
114752096
758424008
884310929
908681817
225340634
903347848
21120379
629416813
862439978
575872087
347250487
980900593
559871403
443586770
677987792
101468304
873753954
101242416
641427527
110656661
965427583
475934229
659819634
832697588
442908664
578490825
3646212
522900915
83090384
205663887
399070471
121163831
17406570
726864327
93997437
24987765
988268073
51061023
971128343
310006113
56678821
21868101
794615044
449445958
79547333
999150104
804024763
103387179
281551062
897530037
835618895
530287287
282110478
557821877
45837666
76379176
467704749
430201244
4768625
157833652
859247864
330483159
661283160
161468407
708526331
706766522
964243090
799268563
689836156
493705417
264593124
150037749
783525954
888610637
928743659
979272071
913435876
984589472
650154513
687773067
584154128
225408666
624640231
34615173
822055044
405200485
899156889
840002300
887030576
367894836
126338391
322637774
788636358
23753970
330759205
689100116
855685378
232879216
844760646
111005255
317355815
13043505
339158522
163966448
656516923
394673396
99264355
844850245
457590500
619868150
24680319
282728263
770800977
461066344
273564151
674667776
148846968
934474857
241915271
454997070
211369326
555945936
275682805
282809741
230946900
478529636
278128165
941398055
916225256
958449882
95408547
977173009
591474637
551102905
822787303
48964005
792969538
648907660
838191640
683388727
512941152
646819308
438760212
969609288
871734249
473055783
557081300
705784592
2668671
355563436
583313834
362887423
571074620
243863531
509840642
751640348
94065567
927298097
726686921
279443498
319559851
597415430
120603626
689461034
60133157
527094059
46575332
863035015
359292047
443572209
608216715
886519621
714450839
43143440
301394422
690699033
507719998
927850350
668978942
715450838
256546694
545938146
386035780
240823547
75442452
464302145
734149430
977303955
771836294
347713090
213262290
221259114
155413867
719089408
192104403
432379633
576712209
567653522
148492613
37194431
394059710
21051963
918783757
736115076
152867394
28519451
412788666
569210209
679675920
595081907
475831507
245109472
447383604
696044685
290286984
912815136
498151045
222673636
880866129
518701181
132351922
227857823
812059677
871087977
743646892
51694592
273831747
201702932
165872239
570079551
91473875
577458265
644564360
630839201
696725872
826389438
644483271
619142170
481646181
105057876
216943705
983830416
184911932
159679641
334497107
268974642
339637564
655793576
469217634
447659364
921995424
347995277
9183329
965987406
138584582
532319379
482275582
923063904
755327092
542845708
754454584
372832898
811592
107772142
816908622
71735482
891493580
769608917
415977376
473052320
534550760
252268191
297693943
598909639
73294000
525970190
48480780
235706469
13815877
670539410
125823414
716727235
204805665
573955976
727466259
7278143
732979886
42178588
233765038
719218573
672888536
667264236
805697576
823915968
357142805
641764196
676286650
957737892
524034083
797532176
140108155
150636121
661160673
423624898
912061707
318177051
74955592
850305741
217991387
240546142
113629285
221753908
918971517
778636391
650832769
833031070
803547304
948455820
354853181
337402231
309346756
129621924
805894867
1641425
509716665
604904387
557439452
772465197
945947183
976500895
353880583
128420616
851291325
835950817
484902353
810465309
288539578
17925775
961004619
120127703
235362762
481977595
402577347
794222750
271733381
565574609
270814377
985741062
612139625
402095199
159978905
997528977
871134666
677809537
519092706
437197926
459038792
551151087
613897886
467116287
269732228
635752876
82658503
477654007
25698450
820354408
597802098
623627469
429357005
502644572
246187768
382090319
304142018
849577650
336021129
595983912
375227021
894181719
631854417
106899105
973121824
474992943
484130430
727992182
459530796
385170974
140770509
550409653
927961841
826328483
287972721
198412749
588013461
60990337
586383873
515463128
917380868
104433065
714678257
119673319
881461359
861734487
56384799
290120383
849964307
134080888
900757638
903597196
954307287
242800841
342425339
1663739
156796868
939262089
883767714
635474598
276096404
932168275
586568886
460278564
891235021
630547891
768521291
916927901
67337741
251452323
742933679
482592639
650012317
4546616
370000214
478754073
853445916
26936809
869979593
783397554
639310528
559392692
96417095
332702547
790873224
22419203
678664565
410677268
119329181
483563624
35093732
645469621
234318270
962134974
906104977
537916776
839011242
977216361
798840533
478943128
27085943
171672018
73033193
139544471
818768348
745303481
859096954
494265202
692977328
879143984
769363693
890245357
419835944
591140132
324923645
861100884
591691024
520274542
177021717
901299691
562465230
253154091
580371825
565707970
242542358
548700018
483068210
126194446
794421770
914575583
903086100
842234493
369423994
820239095
495218476
139555441
357966349
990295089
829055842
149454217
729756519
710446978
497880192
49873674
636245090
51387475
433855963
855050401
591321558
728179631
346572719
879513415
612352469
859238942
743793765
433362839
396679840
525314163
55153249
474838352
763381813
976988642
287099683
58938579
719077437
565664907
785502695
455684509
99637724
486155916
106667637
640203695
735800606
928379752
95796735
401694869
737361445
824225685
969747895
998320167
319422474
600709764
470239350
174943000
776309301
793703138
679992993
894932386
53154565
192818566
794758633
593945438
146215647
411307688
197515285
758251655
412629774
264130507
133480326
53269653
719887589
698190417
595712409
396292748
406959932
699755151
459356666
956189749
127330891
954138067
717824366
884620991
715240581
317625131
619055570
769899131
130215268
9525699
592479702
710355661
93086959
129537321
335258136
701922385
120889844
560055021
924907412
141637197
367866480
499567594
874912498
971091096
105465783
409140950
668276310
70939237
550875662
61580240
347502737
568888597
905257528
130076026
204674688
864643263
129005825
411088497
512708077
944464620
171610421
844707193
688651135
849273927
149190439
531861360
388908966
674391528
921738125
841237850
337803092
146975190
146534366
88496553
315274397
495296186
131836267
189502438
390378934
12508034
991956171
951259155
345117215
816258792
463256119
77091875
609961567
480882866
481240056
294175031
196516347
560642355
813119356
816358529
150515289
335847401
176265753
756599729
459778437
466039361
288741007
333754715
752506553
227395640
693764390
451261745
474332109
440100132
790111250
124425871
979973501
253193194
776809878
969544298
615059658
434049186
983274890
999665147
519082736
258808190
717486090
744185267
243975232
899677731
362503088
7503111
478674383
138196920
657752579
261158517
40956175
251709311
580515742
54411554
525187
388676519
111260341
250462176
778265108
515534781
746665035
422865616
140563011
244937293
781718770
215578115
956378477
812745661
104232393
77147995
524579026
838793324
384116488
864513606
592314425
201105714
274028754
719191490
654249395
546082722
71125212
683365835
221342271
73901185
455579217
406527232
389700440
26758082
277916138
638288229
782913567
276868579
750666019
45140875
749578330
768702045
934108681
143059316
625331128
129502773
190428656
494129396
422669507
991427285
469595656
31304566
165881541
52498577
374075636
340834308
920005729
14283609
154960423
804340708
129788546
382141877
533300387
3448119
654489609
896243690
54221647
86866234
761312437
784985302
736370767
547729289
426670270
58748470
49881726
744212946
657635925
164542080
59565361
783055729
203252192
930169890
596990602
409655430
639331629
871128372
967719095
868246757
630941410
155411966
515120369
283039600
787329919
69848964
757166944
178066612
121513457
919818616
937857724
688681985
9507311
713488522
182731916
521911589
574494621
352025785
724514312
811331005
152873968
818234988
280866866
837595206
597248549
560146729
911165617
512924292
978361219
68445195
635779994
476446824
178324139
793076186
311523521
675346811
985590531
208649964
58897694
304119843
635447635
540863889
914264595
630892733
26487096
979947633
588354131
413356230
200264072
581060952
112799596
628758885
167901286
70449663
288709536
103354999
914437320
976610899
996542253
847090767
281243299
79741354
784303144
209840270
794322823
360007006
92717018
884620365
237094309
922829152
262333403
961849030
992884511
493477462
504126303
880945024
582039129
754967657
575690217
414585511
104423068
549540337
292261471
526391488
19486854
856632749
41638223
531623996
157800961
197704225
600042335
84641787
618164317
7801338
814909143
181115049
52336754
993738838
76194484
565721624
290495703
857505349
985321503
96087812
958735832
575769065
539962100
676927226
751909255
279823927
853297909
449813531
766375347
48079723
352376078
69075939
476565798
756556378
677057724
658560978
690119674
451230649
302970148
442947335
789108190
558254503
303676230
866681850
249198590
434910407
832001999
126824204
794390905
544127581
483240022
360035182
673294856
338407996
381956047
47663435
631519073
178465933
52791065
162679018
170314057
807469705
578378431
625409778
988279717
833090376
671401564
836468794
175728131
310603535
133759033
198883687
69576858
21311438
154065941
220752286
281243275
880381351
248867328
518373642
647973799
26871465
37961501
239161249
996748789
166954037
196772064
11376254
748379579
470682906
952384977
796386578
809197097
599893846
407536420
44932786
720976977
547883315
57575243
911096268
159779618
594132272
799612632
581331117
194189911
857061737
491363902
663929450
441211204
937342849
261240135
813028319
452723226
326075878
485359062
979549008
33128845
600546715
421227567
300237546
925191674
999677686
58307804
264712272
812528693
61570127
520636503
453750553
126296973
158368173
593593796
48112650
319314900
669705988
247643536
229372054
152669094
164179541
612626998
207625342
892478930
227700742
366024473
249384846
945827562
665536130
404582867
993515750
171497880
695069971
586002404
858427758
521554079
436300621
650658943
352432136
219190829
245566361
684159279
974930510
846277682
17048810
631104067
224515693
480404651
916157603
291229265
272958488
196609378
77554840
707483034
360129094
114992269
145834572
395893087
220875291
648428101
872625642
425774897
376502293
845719187
740022175
746802242
759083739
210221666
322915093
508411773
342231125
188232885
146319145
209775970
569851104
408308304
618782476
798725985
934803962
446651506
749454547
966942073
918503379
786487057
696342009
745926879
851945989
778985552
499618800
536676513
882660605
558689909
748003396
510587884
921954069
669888924
814076146
414507317
161597906
402927479
581858060
72095992
902382729
86818284
350904542
830663975
544526946
269640495
328754548
759492207
220817290
791639103
260473566
677458536
973778554
926025818
100296490
290830797
533758729
620826887
892741392
792461516
756274383
891877439
634280506
25362153
402175659
782561777
135573368
168311149
378989881
671013710
593419194
549082323
993111876
620959932
166625949
791302845
930996755
820538423
273649313
293722235
961350862
147985000
771249039
657298839
704892286
748277963
886514956
707749283
509496792
906248123
890354029
281570127
751360804
204003154
80426463
926195934
664299120
782403424
352230391
168978984
917638273
437599133
973324094
276597865
131987840
999523681
895389110
497685624
226384823
374238766
66126992
117135087
922154866
907947270
978487351
576451568
589737876
629629607
984488109
91743800
81138273
694145884
51574720
756968708
681873163
650709959
275088602
55322177
408751974
568264815
257074205
495898315
102549799
635390648
968518708
393269108
698691448
885491581
561118822
699835395
95819756
6653017
835263677
605753165
324807384
507941468
80602189
198836342
670411340
951092567
882813103
898214672
654328517
114972295
528074192
988558279
558905553
258530774
618048297
312688504
430884668
672029630
220759137
997269003
435844861
182210173
873478498
807075926
111131573
938000686
306487036
713998153
353614900
330945641
661170206
61382062
770611692
421366156
249765783
32027122
560321077
525422267
749571674
513838080
368948770
716764515
20059926
691512047
140959720
593140561
726795096
315288490
602511452
767906794
90646740
604043877
484073278
526610739
908665940
441202951
638188670
564214121
959585047
179354901
600884399
601562910
621942664
266629149
90463089
996619160
455203185
924207789
266258468
89079813
121348691
158269051
551741986
617496350
808771830
834574385
866910815
13214242
383192856
397180520
253635757
202836303
615828467
80573134
780521623
500130684
30388230
165093366
378685420
634037768
789489430
142481167
498070384
982892261
741975195
80432561
262213524
268329106
223201344
799249931
642389317
802715099
924626675
124967635
623486926
915564581
744181815
671041062
534005506
595911200
459555325
694697408
398264077
239217514
665313170
878283322
553245487
420967045
393451966
804558673
463587586
458407222
375571514
974978840
180227478
997388123
93801680
650183720
188116494
239807957
12239887
409003039
10061613
291839817
17468902
47142071
870414292
663825761
666914997
565190048
938220477
243518928
608501585
135623394
863609429
976426225
993696010
544679103
789353746
719835063
667042286
394532619
502294170
330171657
289316947
481745212
175087391
754297688
847040354
249017914
745833564
479870618
16291929
120217449
752592060
653061001
499976373
613877684
462065082
287369675
138377614
864042825
578787567
606406526
58711398
131466605
467414645
560028404
772814350
987452938
127948460
767901366
726653135
367489623
270766602
368755220
58645075
514184711
504555598
50807251
687731634
673149212
244412608
874017453
18291221
351001232
366706002
253047631
168590804
218672863
169777552
176095885
17327320
76751537
348173700
929417068
44849025
978036829
567675502
29609205
806544788
861406352
191038931
687455617
966247550
354567624
229108511
99287224
290835351
472934347
539566258
854946188
918975154
26377952
784708235
845578000
155997346
66314079
335036563
626696900
903232793
452326328
916776893
486368705
60172397
57279832
572742127
970336838
962981244
300647965
230943879
914257820
262571999
802027589
664731344
592634277
867619359
704522055
733689068
380816050
980289513
365081616
965438951
444057932
47692588
82298996
685585457
833153289
568485567
719925832
445761191
268289988
699982251
420105973
135644700
395065553
944165128
684930715
360033068
716566112
780028848
729184207
472720756
132525328
751261600
245291290
896665606
500840799
264101899
656191251
599303778
532056479
52397516
292388050
19664304
893420675
494599476
113751074
47640937
264009351
143998508
513853575
934605216
264975315
660203896
439918552
594637487
31982618
436772076
844021570
221661599
461123290
305057516
187488535
302297179
577695984
25143820
635415134
587871793
909791060
570354355
365134139
184469507
825460919
294570412
331522060
86544469
93081226
678683006
942741002
435471304
374752588
350555982
663425604
292446769
354994426
348154725
665136730
7040760
704379410
161177161
32946119
633755936
527291657
80876622
634312521
761991182
558093291
835036926
710926009
462246967
761334875
627838345
484006786
279532371
505048120
708132135
351938252
148629598
275948187
602059962
342958914
642122376
173999142
267078030
177037868
636446697
713146077
41988753
611615688
316967869
111282564
618122169
455666369
585689796
6659441
378483438
383505311
551115981
582997300
893019104
56029880
462642624
67333211
391166197
141590383
382796475
761124803
572392604
989194344
329660234
236184947
664583261
799617423
216089769
66992053
127765605
131963542
666234531
108672658
414943817
171078610
685800922
157442750
23751812
523629407
28593291
511216025
263340754
163582076
503499695
197047929
519961078
622643704
506304584
335723654
507566245
384734807
823693376
660286074
887634097
30579119
658496579
343585988
681551369
831758533
952836691
181305132
384755841
829876282
716642363
70136801
496242067
890352250
142504700
706129508
43024537
290879803
331433069
951065377
12151488
167032800
229977513
354625829
320230058
92299936
739606418
332045835
524342552
319732278
599568777
561739768
227453485
723999572
821945412
545639241
905768373
727114859
550838352
970544963
846678343
937589827
632264281
772666079
486980965
405963682
353829348
455444976
230312358
230766331
901994247
465405750
640890437
164324203
419562144
335859119
140444121
925378561
541222278
25101300
573781588
724729448
377065414
812571786
503499734
913201310
176890867
554672867
225643929
402681499
768035315
286789259
431829944
798509248
160523787
616034251
891977366
147547387
857738634
111737495
181094625
86551033
244773247
653666106
406880037
969132417
7838729
75058845
317523231
358152887
857004819
382944343
353337258
853524692
227774848
566427016
22282636
936047207
978993621
204110923
20533538
399696121
192474776
690571739
608451683
399621083
610701553
610733866
553501936
486183157
626899794
516838194
926267022
720388174
435332979
615829383
839743587
954821612
921635391
843749963
991163879
578386452
525438434
253902358
973842908
403622418
220451500
817768903
89486156
449733482
214775552
258495655
769149286
512421596
508431367
225929647
538070093
135817082
835130347
311619167
215681674
253311541
231484335
753608601
538760235
41070868
455773524
769792007
625844955
911768145
277750
402395398
835406910
639370158
355280069
117961379
990086855
974236327
158537956
511859171
666745520
445907779
47453576
272013887
354121763
96020528
430400205
178403294
801254243
370008146
929623725
699869583
212735187
534124811
405268687
115172514
914922520
668459022
375014128
704793125
10003175
618166595
152640322
119147910
425474811
842745266
771969666
277156485
724741001
436612313
881483155
870576055
858961013
723432784
49403565
883764526
8646432
784245768
872687020
263875596
636852303
753730979
923149669
753510783
411684254
637789167
501051011
843244673
499218536
291879481
591381679
533627827
150680883
197438204
768114164
630375275
954693744
86640701
548331270
840204190
539622792
4177812
705712164
636374968
409078076
134034734
36005282
677682699
447105811
927502390
2577422
456784711
139632669
185518222
282215175
640650385
864359586
345207932
881133770
194599072
923373260
29020171
284627583
768517062
378302034
674083011
100258101
680678009
241251012
62577516
558073548
10698829
490532688
96486539
39462481
264737826
931590044
875339048
604389830
628539692
17643254
299039581
189763664
446188077
630801642
283688874
975638205
291426365
387669827
369949622
14416572
622119997
910713053
448276852
381587479
551042894
981413803
949259874
855491561
87034369
940262489
226100100
14175468
790606697
166263339
414545094
554737569
169831029
42765663
189738225
514774077
176080163
141479674
710702680
789129595
540067210
20761736
836402363
697072122
249062263
572535234
423862155
551834818
923226716
673929425
476502057
483465217
183444522
580992463
739759717
27722787
383598253
826213527
699047951
577662138
998701129
914853039
131140816
668208365
438892300
920791228
914357488
355817821
799503518
182504711
106926125
304353633
347103405
237752696
974155226
3198293
27634462
169323529
282679812
438464580
86190871
909552560
644582726
132691735
99508301
438622579
244487045
374729789
431339155
883472005
389331581
764478378
599236938
83941313
838408210
58137892
97904895
810866751
410635619
495995164
891624264
363637188
664259410
221300315
646682144
813007868
108392994
270698605
220641789
595603596
534469693
140925977
302940897
664735635
953101873
988834530
141941699
431484380
757674583
958895836
670200601
313706751
945226669
779428762
691668805
107430992
159490295
490353878
804766445
598626388
468724181
448693710
265025268
999690611
545695338
753539775
990483529
795221030
980866867
964333522
544286153
596011066
852944821
564179477
269328727
512220164
988508508
347221323
249288623
218986560
555293151
636985224
57794304
417119076
678072938
187530627
691198005
594001430
909663156
49172062
540544431
664594509
80031581
230353346
338286079
571725664
995717527
984513798
57400459
676448639
439154427
390474692
851205660
59280282
544410902
603568864
152344881
732231863
570903232
411117426
890884935
437041434
433516786
195716579
188527417
961777559
657079067
669426424
131060691
86824012
937426
875852879
359291516
22218578
982182444
424069748
980439019
971084004
290782960
870150106
627489551
748343603
13032314
682762813
36435992
817583194
679031486
184351149
586837631
505414931
162890979
738854175
785067726
831092882
975911821
289758139
412936240
972220308
529226466
748659259
956379665
439267556
792101494
249645911
406593654
277418514
959133230
12306969
994030561
167258906
11784165
549048882
612159299
608812244
290521389
431908476
296865661
536601963
457840584
925508766
645089709
441976207
535697871
903764247
652542400
465884175
444893781
635351916
525407023
788239228
354853031
899055732
681318975
79022114
324374466
537312174
980218201
702513583
920453289
727235149
984681037
260917199
911656586
179305307
90267493
190044777
395672683
801505243
687914418
929079458
405403048
841540933
665037809
1538374
836116278
752590133
208692031
137298051
483010487
43978874
986357442
969051240
434006223
799882712
427125387
61762132
933060294
227704629
430842601
966816684
391481511
959641267
410615140
962276176
192534566
798718554
599430389
937185587
20888934
858016730
425019557
488238165
72438197
153728957
961426447
295119900
55922476
178436146
500468293
203186428
722795966
922372608
873647245
285308392
349466742
159976311
7037098
696425578
52710606
55358019
158506072
632527853
380554952
156430091
515159023
118422288
530229435
448279562
208873115
662241932
688128987
562758125
931327896
544589472
581510854
772922538
294033227
900724296
300021498
732657218
885426399
919512158
769829096
929459508
807666664
534591534
293931449
414179969
821523487
150761427
403099484
975421844
148166304
365316366
771385567
742076129
638643422
536133640
745429363
976032042
323250456
997985718
456101068
746176475
600849953
582684990
989248786
39479030
733927573
882539845
737285297
947733372
466449353
711771153
298759063
161928685
112842984
343652559
798455724
75739219
999137138
798859856
208101822
376047561
321094556
925425760
236487229
550620193
358423003
849991997
900541746
59826454
356926115
925731119
516529892
460795394
808319607
450630991
623064991
987661593
816964849
176389014
792192574
24639200
860472759
964875076
561431482
424262311
925887532
89648351
122340826
621041847
153198285
16789011
875382109
852861455
838587665
167596009
604200593
232247882
900387045
380967724
826123908
402799503
970866235
935911989
944696921
794354661
176742848
709446417
744895115
11798225
401789049
931238788
280376080
761407908
293134048
236173050
360064852
10683861
745341012
679066592
621965
86274037
19156883
589424671
538383333
675512347
263108640
761738075
975447731
760245141
958421397
352102758
45179066
131861582
944303786
286971277
125140391
753541103
786458923
417132584
397728513
457164398
415158094
302965157
552815099
277647766
209364754
607610732
255384951
889977888
130948290
725447252
607999240
391863841
117118695
885081215
636861499
729179970
106887983
852935858
157043074
37735613
945426652
577597164
693254075
239103555
571338142
897755636
448880899
830950910
796273699
318384300
451181799
877421665
532037389
739504531
919602972
704734592
393133269
582276712
76093780
209932377
231422664
750537664
762137094
752816168
75928596
563122744
164478524
763280852
232977095
648498763
250753302
30999891
637556686
140537636
622891323
364983926
149446028
937194399
263301878
747434001
489833243
884039260
403236741
250941592
702006082
116860811
251583659
925686324
615982043
333821186
377428507
203565623
217079385
724507996
393648988
660887233
764884237
552854426
698757902
891745665
635204242
302184434
751205132
195073828
136304326
768830383
911511616
88307248
292272329
817244682
261953425
278156549
139754205
632353357
771749541
609518126
215076547
513761173
199889761
645830169
833645363
127968463
165857068
277193719
639860062
908974179
688727589
364059567
745503648
546169660
160719727
627760179
637344877
668770781
529702339
690090604
991695283
443274027
373186058
38466242
160474639
430672039
336044276
840286988
336925655
237788154
547430976
608828453
226069730
205506913
858186790
906883153
227824396
459827880
618957577
20789754
446285249
483117863
590996924
132063356
960921079
629966896
373220665
870370703
536233452
630575780
220288880
637886459
603434459
793276119
750740624
720516722
204405533
686218777
683026339
396190539
724235625
928258760
937447985
700088312
58321317
884335597
396778515
888987007
304235827
954091410
78497007
288248906
236093725
449116728
493338428
867593327
156697015
842306380
2719390
141204631
708891810
371354976
63002152
15171260
769587739
873198825
544275846
819330834
694454788
541702285
734759598
630883757
287101402
976740055
559796610
157300902
455186573
292631582
994734836
429787303
272220332
590178536
405393859
318940197
660005096
255765050
975577815
624365029
649456795
163109864
972891377
663232815
841333303
945396838
64652949
220532867
342754423
803625293
353446354
570180163
310107062
818521756
430676084
275585138
59886200
326408691
500223624
390962777
620639505
976298439
863157100
490684564
963642081
609534053
500596824
979676721
902478462
118896893
882319345
994356802
544741767
36777026
483055918
794723417
282579458
779920820
965158322
674138653
85813027
997874499
51538501
588710216
389658959
303690129
10251298
141878558
168768500
918293305
739814075
272179151
849021372
844376911
294984915
138502395
652849124
654408776
878895573
489693254
934809518
720249645
53193793
606516363
661663941
747347873
914411200
679400885
73149584
585551057
589339751
907218662
85210095
983146810
201250600
422610408
348015489
467602737
50487185
560359475
814452682
764815116
631941653
296669272
576703028
820422165
701723450
984726345
185286716
180702383
60268582
23766734
837234623
45420293
523927347
636613131
266872096
29947494
377986870
263116761
867985300
791948869
135603716
904161112
836660491
295256787
342113714
735817301
277417304
779704108
651138982
427060788
360614982
725586460
858010329
28290930
83872106
730768804
230858190
128270519
215214874
98354166
662255761
205243470
70376833
39301006
355319532
320018580
973494026
348468523
567152572
152384710
473540732
548318360
554302136
112535663
264063004
940347645
643127661
397549297
469465509
70862387
739411285
914784237
569724312
309793497
157518560
788210947
806930388
50681506
649323587
798715963
171156652
284456755
423567674
46498358
681065348
652262693
822777812
998279286
155419213
332408567
97511618
851867849
366474404
88148192
968721834
786409294
370026056
530857817
803291988
914461118
583946986
585460254
775500102
540569264
257250987
858104151
735738761
54288644
491291241
544097540
967535115
829610322
294101932
483593987
15197053
380198628
299772973
758085081
162097222
20609631
734048455
845448814
80546878
886355351
706017093
522568529
412331018
236048454
740417730
3328529
632862479
335136113
54387807
999597601
974348057
447121073
532194521
672114417
184648065
183217708
343415150
393146777
23015030
740732397
316339403
775418582
140529157
274531427
635537912
973557073
473609376
787714427
174224477
268135073
186332076
595599047
204945301
268665174
857638085
295017183
723378594
727702645
370139403
539200901
433068249
701389672
913766732
585171595
373122282
202306305
444969607
74123479
849709221
705322208
818343985
10839686
100358704
353464542
691536441
137340630
499490353
296118516
571543936
873002643
904037066
952819119
697229926
552971925
756659096
427441095
64717785
610982973
892895381
11934079
767398689
311784076
748915743
812565903
284813943
780839952
194013630
371946042
227607057
41904824
305830661
867667940
4642352
496828581
460534491
414553495
512084970
118193447
29715746
839158225
195160355
716842275
171221579
811023087
68433324
893447421
408150006
50027779
566351366
139084188
9190742
649360520
552664903
505621228
971431016
526043979
763260570
100281199
971194445
74294826
204623636
672973119
444243416
444451047
725433772
913173327
95662574
892819401
399405347
673031691
443422656
234370701
624025633
329276290
178989091
313254804
507351226
981562357
319468755
970855867
357075923
255717699
691875578
988037773
259932384
773264234
427645499
281065858
226576507
704610106
842265823
967083478
883911555
351360801
589424309
615739661
452930945
206576537
768133626
218352429
91090653
958170054
524127911
153476803
705347612
148922033
231043824
334624181
458055745
42876181
56153338
366079611
674432442
785638703
627839615
910044657
407848646
809248985
918968638
353453488
833009775
323075749
169590549
655526330
486142001
441216279
457109223
401947491
331114124
974012997
920795734
397422483
226121695
921341974
907046940
887476603
522817305
5699657
225261581
599685062
411963692
378554957
609954160
510207369
953703700
228715645
441364664
30973087
552457341
601874535
239163913
25736766
432363934
7933624
127349720
296289171
78210356
28496987
650783609
387689242
309025847
151041576
709655450
738801101
178310944
216232729
589931167
667606024
433148222
168987424
164125924
987518638
727224947
697288819
436182373
904385197
400747266
750438148
697393183
885677734
520992912
396987601
771615664
998244319
741790158
295911985
474254347
498514959
704361349
201862066
869414537
392068465
495906705
26618117
191039318
417491766
236433972
395911966
656146924
736443666
903387099
868476232
505432297
47878211
636107956
510329176
863413599
715070895
246288713
973652073
901061182
536382707
20612045
469817066
369543441
892524842
213894333
396148162
356035440
664560163
529635895
186486037
55242165
428418332
475569955
48629940
61100461
991582423
932855116
297750001
471686549
439069659
230440947
135887230
618157420
239288571
814321803
75076722
809025335
240932939
154798753
388558543
500508967
518751526
870211063
715584156
163599515
682965543
832176524
91062112
658703971
738549003
796505359
982163308
187372917
920059636
572912325
582378422
795369800
875353961
962268425
157637722
188133646
136549237
810350944
537061117
829527901
807651780
489059527
774616115
354068882
148621058
863648371
787646951
754832791
277677597
873336430
369680242
419754832
525617497
831840286
297677781
293420626
825140453
572750083
859451970
855819356
448121634
504856052
971550935
633302180
789475116
148830550
805672060
204429416
573572262
505582795
29528104
131618433
552828660
507640133
662417573
470033409
76268603
564960984
210288577
850567820
349478086
417269006
661556745
901185188
573139612
289125901
217733870
663957010
708683148
51838014
573570890
601303301
660348434
167933190
313254107
445038341
390553183
896546076
823378759
406897438
376979742
295206156
265581180
466362083
784736528
821103940
53527214
584612203
893542807
779230357
585390335
75562492
123063539
503984994
95254389
858145658
190066080
396596307
301845824
239400710
266685279
142484457
423484265
603206263
512942519
45597173
428949002
795786512
470056296
34899747
520038529
963686825
740281422
878783432
611196108
621987193
507940360
456029091
396374147
226476525
852414773
899400706
290387632
859643049
12737437
843318132
368916339
357264838
191998600
253652454
359534821
420212097
79356247
170979873
223779932
976154198
80341667
928557710
826963258
959352595
722620347
653626496
490326494
636589378
529937716
773473593
338039184
230395974
755965720
6708371
848772286
340855734
770243306
677617595
998980898
136811951
603220039
701268316
896402060
610697653
781623675
445906956
66666432
744916702
79692591
17307632
803723127
696584350
17602967
149869333
246402200
658547865
173865838
611118761
960107972
538581580
639876507
79244976
631475344
141821527
664297154
603105406
784626618
120553006
726619081
181271234
744338060
842711793
616740759
95258713
855868267
855476935
566279332
638468938
626497108
935947088
203760223
153241578
575316247
743493161
455710502
593619205
699948405
269568251
393078118
260322680
719662521
229281808
980779048
129035369
321805123
642123263
948388816
400815367
922095674
331916263
754783173
981615804
181818389
585243176
796251035
316415576
595639458
755553842
615929771
247522830
131815115
70563986
879595510
189190043
556465313
745721286
965015506
215553370
316392207
264295567
51631559
921924753
502970764
64971690
881104576
182943279
399946291
738584675
881928451
465937112
34036972
986827689
872660933
567697446
996251964
74807674
454901185
10374932
937025076
536856255
408775055
974619287
790182904
768770522
69784213
108612594
621468106
739271846
907364203
220211854
937155492
446595189
902558512
80951467
29498342
950947960
688075708
919281080
228029069
699793546
100250977
154142359
807646849
594619348
800639916
695768739
234833366
820863020
934356233
322346638
503498307
306439807
295714879
632354745
884396852
829718228
526748247
571280712
159313980
117784708
4222163
671967483
127541574
876908956
509089743
831575803
212706482
107188447
239640570
765178586
430256611
892685868
785328143
159190020
289577390
611274972
675856815
907482432
170371087
963699354
942916378
143779227
804477020
5989137
87097128
966384549
735958993
841650333
779926946
185071830
84939015
806979689
273789546
961349850
420801989
954071909
671800769
292948640
228220799
121242397
467321887
835353242
976474336
885647481
918451078
890895889
795367491
37031519
39679222
38555189
876353008
117087712
717829515
386042153
645267845
126398993
559517737
194759148
124844514
513509007
721360798
103896572
420706516
650419043
365144154
595776570
271024715
518873587
678495013
974354599
16019818
545353464
88139742
632881092
967620839
471722006
843631442
307863266
226095373
682590961
12875167
897718842
538947563
140065782
474888487
649931401
765618949
757049061
751852984
923253546
564487060
620483633
927589676
707491711
776096795
687983392
2898088
525835496
124927402
529336336
872464639
592208685
354192305
146712431
432836634
869948646
759765631
780794588
333511240
849954995
512032675
261044887
990085581
851839846
918811198
421247000
424723247
261965821
188611890
866740165
681660680
637242826
173201285
344028470
805845672
414209689
289711451
499613306
395560099
974265516
747438191
552360756
932365721
44087396
40436716
782342427
906106375
645577595
635253156
899258771
203470873
789673822
299595788
762018363
754710341
539139968
269356464
944922855
854444705
909144130
227125245
262321229
539134963
472823097
171221432
274565693
283876022
692519845
515330421
825472712
97357462
595956197
81963732
175569276
115667240
861018885
601500730
604689179
188281923
488778728
796768625
445730446
180498109
418143875
149212062
203785747
24416435
580846534
402613843
265085674
957001682
71534178
462665446
226964570
274753046
859632878
366564822
565196765
547337756
960737243
261075827
291592749
621261530
202423300
941419670
928020283
980095558
100749620
954455581
861303322
621122523
565457228
346628696
367431800
211532268
334544512
478763723
244164510
476589854
432083034
645370279
781388750
652019405
699702751
57246054
826035574
568376073
747235983
212305290
846124687
54340163
543346147
176598317
103213664
355689600
768043874
742218252
560315087
517976160
432538733
327146300
289012662
334561874
896250566
859921070
537651812
789223404
867316468
186190979
769699671
935343481
771746775
887254019
653795918
216978163
899633203
496072562
670041996
909553619
32695419
900057427
243879844
837923376
2421332
3992115
555926497
983456444
601343960
209110249
656220184
642389725
113632333
203575473
186961244
79259705
838629933
102942043
530916356
68240554
323039725
732051060
819536947
149040426
833186093
77490984
822867592
196805993
566598666
260306711
58993092
41861861
564082094
20424037
821889780
822585916
28927033
674132682
280562084
185832367
161209709
17127791
315494756
176638221
810624544
964036314
327096145
248454372
35134544
552060893
281931949
412761965
296554494
77966147
698024158
311560689
492552876
491723319
308869571
445470298
130212299
258313835
271929082
590704657
739301265
276502581
237421359
551973117
984065778
262259397
328887348
884533502
970472705
611870851
765903101
671418369
379415801
767593220
724845715
931054667
683217835
163556450
647164732
475370566
609298701
702320074
21674935
797434631
730713551
734336303
229477821
25825184
908573278
121977436
687650843
890288594
240121713
769914664
86358329
85110952
370002574
687574360
802334468
728343335
138466112
560768495
195449552
680143585
626251448
255383242
99109695
442934177
885924153
166588322
515141759
912412358
897012797
689830097
706276687
66568538
65611059
403994266
783594548
541078078
604165913
169603561
109164791
582775478
122521016
808363721
869708339
681794035
932941721
306940815
583327149
899051562
23104945
367979883
70355722
235362689
64485109
551719384
343287426
319167753
945376612
222491227
131330240
369664250
262538665
280865661
110557967
367992791
342825316
734558720
583056368
30455239
219571664
327907238
303823444
760324446
202987647
420407379
876315091
139022155
375936716
173885851
963682326
649453015
287424979
489107818
825500753
796517808
774970392
798973869
612885809
775623760
144626549
50938015
559519062
770128696
461993142
170255859
203583966
620233148
476309542
565293602
873524465
981632094
536899810
626008415
653684570
709603129
657437438
292950330
231758365
420773131
198180921
714404364
543833971
31972292
833924007
429050490
993784673
436294720
348556158
276860184
772646186
709479106
983606919
830610997
9579856
937496699
839452043
246996015
947344171
349795696
625278005
415185313
254947066
9322075
827148313
863584016
638508067
970091873
254237971
560852017
433340771
251154475
988564419
555244913
564235262
849652174
550275872
485115258
994023073
668157263
323907944
745507456
151182790
146375871
154256117
913205355
298898225
262871132
211186687
133074720
738631922
601460981
646963758
306360535
922773302
421393140
343736461
651510460
198530645
789746130
935405914
824816986
304718563
472511652
109985418
361203520
4947364
762765363
868664025
247348860
627051998
560789218
392970215
779789806
248228450
437920531
721194977
496994767
614789884
525618525
786086225
717067329
791423300
671896824
168724683
163343128
924998573
67890516
940877404
55144341
980970634
725211106
528034228
616842155
84166254
905158311
423138109
908080526
882114467
87265361
741658628
438319749
616070525
882017846
912804803
271267141
428282273
586830391
448001915
947498139
575000943
948561715
140965906
18398436
670405262
385580226
891619445
171801577
66576179
399488015
747218470
107517722
912223890
208456332
317290680
534853695
922414003
410224332
76156820
662544642
972074448
401164485
605482813
491243244
992972413
622415389
394215296
835238843
850657680
155291918
507583878
572824558
598607728
958810427
478119323
189734474
974992567
482293170
641631502
596933034
235227284
382368448
350625464
523614594
924101952
93772262
806178178
313331505
703181595
539953325
669610642
384754489
385377637
235454478
991495217
863713581
657754950
14805132
311994396
117492533
934961034
328154451
531888010
257276242
321894955
454270858
207420725
547398055
644815789
305136443
150461463
547760702
484175618
471485491
235354149
238391671
756368338
19441185
247414848
894032863
993142242
556457896
210211290
856915099
282945909
988591682
394723191
754201100
483516905
380357713
355670023
492631672
656543515
331061998
407768526
121466353
454908811
451278266
62484464
850421131
367337320
482722110
319073406
737923481
168926990
1933033
349089315
585405735
745718550
863805918
168931837
593650031
939802378
938158943
867174059
629951544
315584549
738082181
995130673
618076618
86504697
164144879
698558653
7974629
9746709
590055758
66664287
136843344
838923822
982179258
43865771
375484224
43202223
31194244
473916211
460505065
773910706
54925189
321809953
34770714
623230536
681068105
601724446
106446588
386204141
912821238
635666005
800586753
782661447
38001659
287330300
28426708
680151781
57834577
845012863
524417185
889951375
906484772
293802761
984170611
708092012
389930582
630777585
781925020
164814376
392232027
187082680
427321354
953729967
133112475
479448378
670466409
660760121
485293353
339985377
581158014
295819410
418624623
993647319
699805661
508508152
219363648
691180489
43544869
939739767
22868321
91887644
400319639
584191817
274509164
587935128
229506219
56218991
337133316
8176871
222149205
350332655
631368122
648777527
65013372
345998147
59319322
770588477
9213601
744617806
748394333
213121559
886608485
719025699
831528602
278590484
871429589
316141517
468297900
690430088
779698422
751218674
37282361
946007455
478877904
277462960
819811296
186308948
65663799
473590810
47694286
997343619
360876493
250696847
624354606
574612697
26506963
869329037
974801905
968378962
957264641
210264721
657279586
901872309
571789169
542195805
671336460
166115997
855918277
230307611
216915406
413416813
618068554
847638334
539528867
520033209
32754750
475743369
862367899
544530026
203382167
876272886
109340198
420608439
555835369
948747764
665428742
559822203
262708902
287672845
596419394
262756463
375384239
954692525
220972843
56400669
517789232
761790436
106350240
422290813
387935863
957043611
226390010
956833400
92718156
52935953
38231986
895965008
225874924
476512297
24382891
231082678
467706541
807369836
918628827
181646842
610674726
806416462
343809494
526815798
85183137
717231274
553774885
818738705
715110533
992703697
881227178
524091220
575975512
203069452
638050359
64211462
278451136
652406751
965800308
712859346
466537876
599808879
584008013
853010586
121964678
972593321
621940996
731622930
20480693
739835627
744858359
483439137
281025457
602243767
734926355
192952706
886584998
789297648
138148840
141433493
123853989
719721167
702725263
618578176
587960175
206456016
378944624
678229104
738005550
168634610
18286008
44258090
150713728
547293965
789902199
572720034
605375586
759285407
178595726
906093166
290505430
757972627
788812724
767126364
787672171
87368556
537735532
852649750
501501779
25624783
365952516
640946497
712153054
835663005
932043796
176080164
81624291
492646944
438252090
343724841
468865377
633072136
119839965
761121864
351187247
87042684
957065883
773077090
95935339
821827547
746566487
894140145
405883688
65088240
735870807
194589181
370866627
967221320
857977467
200741176
127839548
741153577
986890310
688796765
349927583
869397468
838153518
845879654
486574525
488299810
907482999
911629250
983251980
332906408
878420577
409900064
689042386
54075173
268740716
68811144
756076132
720074183
216249111
701920845
668509978
529371503
288518192
569748435
632473596
458734941
174266937
698346912
413969381
494414483
843305789
426887578
281887261
308539661
230001795
634477292
903557376
425897494
777651326
141949705
112833182
24691349
798067533
467579822
273746977
160234754
597633207
7496121
825064779
219227419
833820376
513816478
699200164
97875516
840718002
202588496
175117942
779777131
769717732
752495803
38337921
619519156
539958671
503112466
818526741
418146122
133023605
976945724
39004587
281529300
45625074
259168370
179155166
879462014
292401124
462069474
421947446
821891482
307487003
454445254
528843902
536353951
268354669
902388786
78764857
34226268
684532842
333927156
309489054
509823161
711167848
813928770
801775870
666650795
298947963
810880479
207470352
397976815
151627596
694453626
915053317
258142372
13433762
450634962
631062455
35068561
856965
326999204
86333929
126038275
330910744
292924501
212703783
705545599
82810000
594866434
209451009
466350882
981693166
247501053
193642734
589546649
479561606
374147483
190242122
22660312
127464018
584413693
404102663
790568123
933313547
640113662
405078453
208916283
899210926
127092233
4817779
874629216
54940027
58688918
263426676
994935062
566610715
404248432
287732160
528995400
336029690
477549423
917100955
286270229
307538201
182009782
257480263
557765719
618181891
519953184
505486882
618036932
890509250
171576320
646144400
641762745
516115607
914898490
982172846
892467737
396862087
90968988
606729724
581402633
365398857
737922000
587275803
273752905
226137661
770724375
519318767
426028305
803936964
83661045
988189660
545545386
444184496
2997394
755784050
39318988
378653856
826815310
550806179
564528874
584122073
363809348
30982169
374141580
325681804
17705828
91008308
465863184
819663508
301673903
462051738
145765315
980326578
523117672
24192578
433128761
221703946
555191287
244625537
918622703
800232722
780267555
998948937
849901413
799885446
173181029
93855092
364130520
512281
543918989
837381361
115145626
417355964
767083334
883049524
847472814
516788103
283871874
128616081
864582839
937245196
788919800
392730717
182407120
547239322
472196063
255226285
344722326
197255387
867290949
78851962
465041559
550870523
546462696
656573508
269093968
167755746
418129473
856239220
643406219
883841878
840232875
30985939
492825567
769511797
570766283
470134988
670208780
212700848
899341687
912064322
423928986
428626972
916533200
335643453
237109004
173613850
301961525
234853160
95696558
622534599
577870665
308490633
879767835
126549827
450320170
80448868
176666695
746835798
546546344
484115064
28240948
268609844
271088543
264051063
9206820
742424887
13419645
962534325
642928511
127520530
578762689
429852467
124952984
503540407
747671598
338949291
362670599
847380910
27477425
655396934
147450950
438782620
602442002
153174756
951253539
956955165
828529879
194247370
794248063
297596275
661864058
68547512
41561812
156661400
825092996
539237472
139374350
645570042
282776007
228156335
943482513
94678876
339489204
718383223
225199364
845092403
733505461
753490595
867295267
616992735
375309687
70515979
643904424
691297192
911800058
104677652
633517877
848670511
437683360
675486906
746693028
521973601
50942623
498668963
120674772
163635323
596128344
698677515
122474717
533613788
402263956
669954392
339814630
897267916
313713910
713191936
782228530
252431553
193493046
362766153
281337184
171861440
2434772
869580535
448115374
582291028
134672482
893417404
146508352
870723098
55160126
853086421
420580217
224646627
246368398
301737685
498993880
704691409
880727699
65120053
874364537
200233443
562069995
395285951
375442780
750120720
47224291
838987472
579798889
657229740
970695081
983615862
588487480
253274878
259749067
536029110
780791988
638142140
520303507
270617261
673110219
747858524
427342998
193421242
629821670
744994220
462954204
851342378
973239803
266162466
379164281
905868480
338447422
580742181
281150094
769089000
680162068
692380539
212247500
712454649
18607987
487533795
47766053
185678923
647340925
175797336
938776199
156086105
644259127
859389016
840902346
246022358
132230470
482970960
750413288
138497114
34594186
51148260
172933101
417605630
331450768
488197708
103215069
614955604
372154801
371699231
358014008
578509563
887016741
356694141
602196697
466601849
225408025
731777184
870174828
863918388
193544323
544572622
926429816
237926446
352748584
913524394
573396112
418406955
221741729
645292754
758108373
273295180
726254228
787566947
577909280
596201446
49143428
798874840
22303698
568109295
678910910
688368018
145872643
714611573
77177217
793825280
147984357
367698476
515514483
995016092
524639940
901072347
557619660
761113387
110017081
251263251
643375717
984048353
896700638
520696596
56126816
946563575
200252681
544798830
883208033
467633356
971331271
55806191
635654684
129717248
243859844
875746918
282711185
866630437
823394457
960287784
87586218
615686148
91488336
294951904
971313027
563558795
316216973
364034374
102840330
879900196
438532945
231719585
151745729
816491368
478713986
603837716
622431774
322666767
21999067
989087035
789114242
232426677
142325504
388414802
903293353
869577449
368226323
944918526
889347830
311722793
901161708
774294902
717268502
940113899
925719496
912281040
131552843
971721589
287753783
465051637
397304830
885633654
890465823
518610575
232219197
842788425
66595202
966133859
343071400
582434542
746598970
53080989
603797195
109768166
995163823
550715233
615823221
659721364
815125451
732382883
147522091
664763333
653549689
970962148
82319881
230316390
554883598
833391843
862168328
781923373
641519197
886079919
372518831
780765277
598554906
871065319
633166383
373795433
92836906
824688610
730847213
610819041
599614946
186230791
6606368
842523721
740608869
859450162
846658099
32043654
544264628
237828470
870384469
634468203
647886586
790903219
697610509
680716274
612274777
521672748
985002957
210557493
721575211
408906969
933992209
821766994
903219577
508971408
502323601
62546249
612634054
375233744
295057755
879675624
557391188
989168825
853223250
551332368
927401573
639499248
697226781
860269146
742075321
230841269
201409171
524717696
847539835
688194630
728556155
644942218
357738057
839269892
624138663
654101943
988963936
52718305
95836607
537393389
876813197
81845531
123559344
852440910
517306772
927079673
155794793
287644023
400454225
96576761
719317716
976652838
238259704
370991518
183466626
401383237
234284087
120035336
205469481
882510039
945286401
314173131
973924839
635621043
138524532
394275218
271484452
916884881
797021477
846971101
87233690
941002428
293452246
182086168
195869439
828379979
748257679
143452197
296361926
502626696
342314192
178128127
183204162
232724413
625505862
393811604
682201072
264341539
803895659
319703866
34662274
492614151
162385304
77353850
489410753
158164010
794881554
924413836
135780395
502825382
508101641
516635736
161673643
592316796
867723696
916733467
66360218
912367995
39419397
152166834
633494748
172614519
180003329
914694704
829901733
823651562
543756130
797941584
603385470
980120458
445137819
516742357
380505756
734353637
79825540
722245762
91019292
90103572
485350394
783492740
325822981
138169507
722778966
75497955
433506106
796108891
740413805
795959184
898205983
508549082
222880459
759280253
661849560
499216996
386693460
387052215
875837235
192280396
647097195
271399651
293034079
68019271
173714258
90388067
818052841
735965843
333972683
632838726
958049920
800270929
205117801
844367819
858444092
656290356
650215209
119130568
673791061
972714181
847853999
212541369
254201065
38746942
83126540
811834685
99011895
486949120
233414287
503853973
255504346
260134647
929065670
210437023
419143136
564251552
219375878
75181692
886954566
275089301
787245726
996247517
531701546
438957830
824061271
495893845
30607948
30251831
552518464
632850732
801002564
292565122
616139280
643101314
830140618
253406695
784739988
176339899
465315040
63932017
294310691
773251438
238771654
325798232
573642161
451463022
533356479
984282346
260408668
90518343
102815220
164167741
824566724
560932853
432043183
118991675
689358352
903322478
861791462
725782318
637883051
540459636
70045156
996528700
292468318
965214387
544758465
966765958
374730127
960555504
170014229
890456588
669691913
600581275
757507812
906072691
795815663
286184696
358229223
268071281
433044065
583663166
698247309
537055661
204106171
932736906
644202582
121038743
985410566
287334130
368281986
646561880
497039902
795229688
12992998
527064218
65879998
222338075
721976695
197315370
599020355
458195761
144954976
312552595
234281082
856209675
904350212
949748469
784904170
529430700
919909287
448068211
280580844
471977315
613906181
861905702
377754098
810412420
970260295
182127475
813910669
441570315
911662459
30080251
731880806
608176516
485625620
762328020
9536239
710948225
263234686
540139226
743921088
908996284
584362619
986893466
910675108
281171531
975198132
592459879
220757942
967851714
207728299
128224970
356640905
12566924
938090138
419456727
380223716
176710950
939752093
949930291
611377238
979115164
106953152
757847529
747678591
982167734
654386477
843719109
947379623
156074179
706779234
748870624
958571778
48100760
383574752
666829228
582084571
150442077
184822381
705388387
892852658
518151264
238460796
869281653
261317649
165986497
247733928
718920015
32929254
216512714
872701848
609123983
178410025
652401899
151951620
689709257
870492201
387494261
856666910
335403091
656849649
529417509
771560960
385327985
340714535
150786109
653356017
686747047
18541100
89434278
297529864
442545306
343519941
605623271
138163131
723468431
746937641
230001358
403549160
494410798
724443317
60758963
863045991
996835498
344032032
975705588
829114976
70086534
577626585
535543365
340568955
102334849
561300696
660977782
410607312
721940401
179278360
535657471
422691670
946486724
808544055
433277942
986019750
509132054
741777718
533451746
369964912
43513953
263443148
448485873
78269658
687204889
113352875
400230595
978845395
188695566
716978394
557838001
799837705
667369872
641905986
192792980
539009533
960059091
752701591
457145381
185519889
947960267
388286454
258319480
64972432
235205365
114588728
249659235
916428759
54505072
78429884
967810905
895801047
289220949
264461605
259027480
835786518
488179008
150880762
28105752
438098011
821552715
369337439
6261764
725066193
478134917
869833725
675317130
550392036
862395607
302381956
244374707
802802327
363958949
11879883
143489799
880168442
483334786
928873237
357881387
935601899
767861523
830014274
447400742
31250321
472452917
598412996
155404149
516691272
762407730
135293289
186803155
275576361
376584748
824950046
818379368
981055221
986189549
943590268
483045724
535058850
841125659
679109514
975160886
95737627
32675692
688133389
950513951
685747120
791689645
717610393
803275790
147722302
734863108
429137956
462079094
66057565
566343525
863843112
543809865
649442159
694986375
745053027
948157566
389088649
711665704
868011075
639653722
917072806
331815361
293850795
201189638
431028937
472188089
84522109
192424903
978388223
685739134
323461492
182571532
904731578
678889998
425183482
991322354
491559681
388485259
615842241
234499952
31777713
942623538
927664415
472426291
196814915
527584837
122558545
220147195
598950704
975052215
420965933
269126910
188178523
730145163
892318892
103082858
912908784
986512445
374038079
932797392
34579650
476782026
495140605
59153213
368352015
378879667
825249626
366892269
528149568
552013834
961404616
111979208
399456473
387265927
635578943
384492156
410098134
490090112
281096950
793325592
105096822
669356716
588847827
560435345
949389688
747709165
403450533
709942189
891432222
218413057
624566839
854130149
949222509
244748380
919298323
86263637
413222840
334700407
192236625
908030215
64140483
69053082
985161446
360969317
510939637
984007094
182737215
707750805
988342151
830096589
691948932
244330136
74625347
24560783
650573523
324745631
401558772
495583797
326666367
694409143
626513813
164766429
368507243
586713453
929194725
408848638
844630295
179968760
960693664
261011566
611460925
625147994
971197873
961061203
285936212
726618368
184624450
975222534
202887785
840613278
501205663
74416589
115899722
11156842
238727543
206481964
152685150
774104991
676666756
492716796
839279418
588836285
289829480
837255851
170693645
472306977
480698736
55083116
350200190
220725635
917822270
830253525
654675030
877014966
753759544
95199652
372725905
38555930
158810480
776069419
972490574
207654942
699364422
633357941
386109345
800308458
362155824
769117120
709960289
894719068
396079257
302545603
518424439
637430720
273814931
852784582
598288296
193843886
470234003
136415072
599847334
420071129
280336127
374457240
308931235
371458094
915408738
29658284
779952346
487862709
766059292
447387438
798765524
199450984
106809122
989019235
877322915
857220683
93106722
15428261
804270694
231628403
204163372
816111827
742943479
217028088
952184911
392913046
546727284
19650219
157652978
581064733
761279513
468646059
849297293
873933712
574125249
272639607
614700694
70181627
126441269
874412851
342465363
796939043
518790927
159204240
568569688
139321187
621113915
391468229
215552908
138674777
497222602
537015740
396030935
789670010
706781755
116223228
890816860
163036728
568207000
200541214
675585527
389833109
476065310
430966429
76587338
843793996
931063780
723301801
852754519
186157826
50516054
691675116
511398907
659496388
761082541
759217343
591921489
301250813
257565926
867317734
978167832
390463096
510677297
770139314
366003373
612466817
740089779
99667066
564451300
527546744
983374173
509287484
918257774
251928229
216835378
734095297
2219535
896993645
819052963
788258438
978754129
538275351
26769959
296942512
730490602
416490391
132205531
173273592
874909936
611572612
851895299
566288447
871669755
236665416
526932246
412316294
553261458
975612145
379201614
630571508
33591047
194476213
325445840
62536460
498059964
606487294
289671137
183768770
301219064
236340844
984145084
598212909
664041201
267868043
912208181
274812366
730972128
841406738
512000980
33327172
296291583
306622902
509531366
767201940
161950576
85273334
881438914
987833613
259547852
67662185
318575502
598335325
614324996
185381850
210976651
944326247
485267184
48067340
981232145
869678221
55503462
341995946
350791542
973990242
323983317
576405244
742559072
415002684
661728665
318457937
460969861
889846480
866016570
402583502
208883563
266164124
656777497
928397472
525007423
503943841
126774886
891559202
29980065
357657951
532252238
928964930
234248307
964975072
920471088
388200232
619779005
497069805
953217218
707809204
16096666
880315208
547874349
710316405
783653976
124748822
202343263
426113414
122177753
951145694
757913690
903959742
370436548
209316165
890146685
321077708
572532926
761324371
465331532
466692024
343643258
158545577
969451182
556618021
896542074
407848103
984108606
157781116
831603847
260449362
858825953
769892215
207123263
264014435
598616961
626687101
570126980
982338187
62211169
164277335
66481509
607117432
590950988
291392690
233944727
398385951
427482018
672852414
753899364
885480243
590985304
687918313
699068181
286577359
23995911
932192986
789672689
922569908
125572756
357503026
379695991
443499605
938537420
144015683
355363937
92242608
465933125
69879065
350411475
995128673
380068170
6231642
118774310
783329546
363981127
372560697
167012868
338324659
552222057
618383396
345663634
716409208
793295034
616653714
834841259
41490376
385489302
177075049
966739775
787367917
352625665
777022307
328770480
914676626
65445578
295449097
91523
721007012
672026047
290505625
897731521
515651164
302668907
265036650
18226076
698363625
361494414
546208599
674878788
409214248
350548190
688802992
247017754
451047087
531908037
84144571
31630803
674840638
883194042
398387263
379581906
599220957
325490207
49775704
790513542
155591398
118776717
602246985
696309556
293160970
856359590
204959148
200554064
167773374
350506469
348023739
592214313
765624284
817060508
464137920
477509093
184067511
738612619
310271695
35978133
857174980
830175289
49232319
385654435
523139082
369543388
155412346
415738122
409550672
599702958
321853714
999472400
541148020
458881660
768685453
479043616
296473093
178246923
793210792
23780511
877508891
734314897
486576960
921007289
875279119
75504646
266878615
22415363
175224436
539331241
531954800
507120620
154164446
96825711
355345578
54303219
407969815
850501247
84654231
784908470
703081893
302023157
952995530
888472552
307774719
198016393
857183678
415787891
885963403
631782642
887656991
737633993
562710588
488448256
848544088
759856928
745296561
115498217
960953164
22545777
44113761
976051648
295020278
666366922
790260248
683230038
243915962
646480854
520392881
422698483
919756420
147533271
403612974
369760353
355288752
808072480
309793188
369527816
612160258
893261019
64949498
526936052
339248616
264594347
271055751
271740827
300933483
860506438
860277112
574853861
508829004
77659127
913283048
354936213
472910445
651959564
809485140
451416832
497583357
797197359
518999977
437884864
669929896
746860911
421997747
117090208
601003077
342300551
340742438
68607105
4313646
450794517
255170783
930252895
775184843
172318691
379479556
852761981
478665372
803840798
428098493
671688112
206019275
416561772
983513654
823965971
502619291
96932691
434146585
703570118
608780596
835537446
179699678
331812703
77271912
893874768
942909668
799176947
745517693
261561347
116038085
390961237
66081397
981318385
928509698
917482466
770365653
368660540
530192762
969534538
59179741
723417108
35798933
393332679
449867367
383989083
837128170
117200312
632972646
340673831
222311825
73520335
25927432
349937008
623101193
669532747
293084992
205035901
129147662
990638907
313807120
43142691
416483535
276743755
947447219
435132920
373920903
854428011
345367070
228725911
238587847
500536742
303750884
25492188
815733010
428391581
6672114
648759025
4621820
876859833
153771474
701766419
293312394
948484148
748944799
588261953
283749310
235428368
609170434
370576667
987691696
145024063
159826565
556324651
86336237
735057515
304947806
568302706
543644887
414674649
549301123
818620351
634745499
223257885
187754818
943577208
262394053
649486988
876739934
902570680
8575986
702272717
200491554
491043815
190627547
585271380
201202692
641196560
607787361
925186148
927396324
856464707
566672997
95078054
155379702
29598025
904646628
366962399
956419680
722208951
264230544
459993479
339064705
370215955
24124821
597275473
875586134
470557079
730673158
337998742
86674088
229756472
882968893
341893999
689053919
988235499
684648438
430594545
334527975
195914376
121715724
768224660
761956224
152667768
124634512
703747801
46098995
77073287
449925027
317041487
83525304
552348977
130920172
469760865
244593754
794396220
987268235
473547465
712584135
719535754
54807273
321603676
757024161
338138449
904379524
63551989
884070381
681963149
281436486
366487057
662217091
149126384
20605117
528979581
896017272
543739799
871386913
164966756
904342722
709138178
356933830
144734991
206801721
881664265
931639227
740244780
90633232
224549769
317859159
235842808
879134902
667763152
926651982
630659057
353852679
483939313
58681565
25715220
29643362
187823889
829035062
584603688
947759104
744684414
453607656
959727560
780265772
125880223
17830788
341027637
622743982
228671165
612718759
392896966
285340530
504116973
87629532
613490631
298933916
70771818
204536187
955268412
784269400
952953166
407869060
151722497
114013614
578399053
843970814
75346553
490054957
814136804
974982104
757528392
746354406
232123298
33075016
470270828
720609438
898539092
932020841
659129538
389294230
851296386
830314671
986747225
94876643
840843132
747976008
684247119
266478695
13007056
31972415
90738825
496736815
63681513
414201110
888979247
897513661
638804321
852718748
54907241
469588071
507601272
197218416
696584296
357366700
567611763
562850565
785617805
741785364
239194708
683216469
847697451
409317006
68523119
713800310
749474746
244021731
352437479
464194471
496638112
541110494
376203789
164511039
217549410
558220855
268343929
396213422
309839156
394301988
855226339
725815295
841957935
588544797
423614840
623402180
293001647
410456794
62372664
353202484
615970326
299405770
207450252
82097501
399216234
454438978
896353767
986797059
844052488
311856645
989438844
645644999
963147333
916247710
421751507
768748983
654121938
515565356
599669087
942645674
155939798
211115331
697589474
726279159
420449157
523241018
459732440
538440492
924133724
888255058
868893607
93244732
264655284
659241484
752244665
154983802
804510463
818183962
168351486
768766131
629491353
800216930
616598823
660468769
19992491
712642209
628067831
580954202
977850078
458801485
276046835
806767807
142892581
550368567
31718900
524251036
1431452
319109303
185995860
983297900
920740138
954940957
422780000
650730855
874610378
159442291
665590254
42163194
20870089
904607332
15550636
244070694
259308297
737160713
990370622
258371964
544194041
361307905
269116099
462502525
425596048
147292012
698760583
289537139
739410227
724603780
974977021
29170315
952679781
502207096
535487817
898556823
59009160
659699011
214827822
152339127
428976116
8287979
34294208
862967439
386994343
278753033
848593673
685812884
95708926
329906808
159477023
546615995
488069587
294787115
719865946
699327898
64185384
355661028
654882201
584919423
930349727
177656197
919322828
510253110
807594987
454855430
530542904
97506637
432809439
605176661
51611202
111920548
557011697
715901472
826028090
540086207
552084876
756315044
110418274
240841321
661748829
847479845
513197982
55868410
454010889
437400137
327151665
371220980
480535122
627243846
218962024
33140482
128940466
599709281
890916563
209820495
402768429
568001618
622532377
51237160
847869695
142916398
652387992
596580905
401220423
668323871
479579892
844292847
23118030
569623464
676458274
92058586
632862344
50356453
779757952
663359096
949627341
941361812
344512151
654803474
900931763
783655649
152491052
471434311
89292241
193642933
882719964
199466294
576027861
694947695
883354801
282928768
968487096
227371509
165909474
303762308
67340390
628509658
408955169
181146359
706323904
865000887
569150527
222401768
665018742
844532772
106005036
406349651
602814944
527935835
989764278
757441049
684643277
234019784
790825567
109189371
771976865
190408849
450444629
66663072
583064870
609716010
378393537
796361638
167683096
700120479
139150729
841334240
180701507
547260566
731805850
442928090
234375238
756790974
826917792
100044574
819019421
186577463
303807344
158666961
356834095
950451112
365179414
740750155
476946108
201583916
327291378
352992239
160974575
411525189
373485469
575709206
429248179
329754270
396395083
876540137
848607612
399321160
56261668
542130409
966202826
783833313
256647890
636364685
580241034
232346682
914840468
865105740
845909940
325194598
502612824
82605576
560265155
930023591
243749830
984808213
84829722
903305377
630458451
106526773
447627182
441475091
647375817
946238467
749971917
81700927
882699621
28341818
310261755
922350454
124748929
121770720
497858818
211531538
801043778
53348068
153925040
378058833
316704552
306291984
859928161
240409037
488775920
514723658
927549709
275711834
828250661
36496399
804081841
833399942
516548348
655208308
373869898
246454031
744168431
665238271
229577694
731415274
356385368
498852669
96474971
312857587
457740579
269012109
828669565
823397797
251347524
950627097
289921155
125477967
685540265
618486777
258539493
741388587
78192067
981552076
969118182
96031559
996000072
901278145
541744711
299645003
191560736
753545084
567709361
591558466
959757927
453824337
930196013
844020917
195619339
184145436
290548302
487792058
464058452
955011754
723638153
682191966
436042908
651018472
832094187
127668001
830995419
893704571
225091765
483206804
358937794
852211091
834043830
239808749
699166646
133022717
917648215
588737887
308737202
436876473
58124137
376425121
292590171
445904640
416961416
202601701
252013592
231739332
427136636
727764589
348938112
137450165
717793416
384629149
320165748
172007207
256563589
94719520
583200931
734029989
843343369
298882773
237988339
56517666
837681646
384973510
290928961
153765735
754123804
41604047
954541481
789532493
783974386
910116431
47376017
229253280
743147679
384754873
254937394
274169058
314867076
525603467
347229276
958457744
42296790
560513721
900706666
330093635
724990042
552124107
98185820
888474577
556404368
383802334
939383713
880295936
958101517
766472550
964887368
470985542
810606335
3796060
934346795
882328432
146698936
283777590
646359322
221296146
624717025
624404926
386067598
725043496
650636426
124226983
690466960
166635952
360797807
23481948
209514004
675607724
605496149
154150587
284584992
939281546
617943927
175082601
167332883
674273396
908583299
616969083
136451935
402931660
426569130
2515584
140984065
199518078
965545243
226923927
480228381
294782746
64394107
286689481
86307996
516803274
136404522
164195211
690246740
104876373
958714292
478189862
292677134
410159621
633734701
15191580
873715479
723243043
374532995
821595931
95900739
546365089
195328282
344715817
426443321
977082474
80261214
484827498
490142588
425643202
787457801
509123351
540893116
228121178
432492919
577007534
101397455
65237179
817719682
459150746
156036436
666638467
515980377
216756521
392341043
455748492
140743823
875386832
129676212
214817163
466756398
270192362
182240254
173541335
724378095
434174129
323112969
198737511
545545707
939689901
502228964
923611951
780154059
467206271
60919017
698002400
228996554
486099324
313368325
484951896
794333157
86945058
951719527
113095915
338273691
207490789
808875191
492929633
358235739
915502463
104383045
907810750
968535938
271331413
265933575
143698265
779452665
806053680
525224259
200070227
776764917
490197999
591296718
593313542
468752497
204714574
252189530
491048490
991325671
891125619
856428243
83474995
685063920
177286062
691591987
299491346
774410036
367696387
342163964
74102624
253573197
950813869
829628737
431597327
307040736
128646376
885841769
10838131
256795133
251877392
228541671
381079633
893590950
336503720
766458895
844528669
557712408
346322210
25004004
567525530
767708872
864300677
684844672
195357224
516984758
98290346
650583933
320485920
815291579
249851464
114652528
976774119
26102493
287641079
187890778
695894200
367728358
785220487
346377943
567809646
256014748
613837172
33717628
555248930
711744702
298735536
125465245
35987714
627069628
351713703
88541130
805494096
32155948
347871264
669181393
44977708
569694423
508779909
204832090
400540688
517712725
748449625
627166420
500665390
616829959
223803808
219362918
925245513
183601471
612436635
420052767
67053946
124624865
477554743
869945369
63421362
588717781
13146479
841978275
176538612
408040150
631622885
53207985
108039638
568258774
370941097
880250538
98119725
690362466
865241107
695961695
814684047
819952144
934604864
438858513
612619061
49651534
972093368
457560993
854414498
106954642
209883783
651712089
804045817
185749993
42336935
763501679
445264294
979777583
64022207
374043092
627503600
201026304
557279992
457654201
459735934
434842326
542714334
709793120
515045938
360331501
926112660
325262377
540098450
254413921
345224832
447280944
276696294
682962028
773149460
597850402
202821784
603293686
110493072
830792884
695350613
590659009
696972103
353617806
173983587
750936025
763038230
159010668
684221674
272313336
20135147
45987969
798761095
650787843
73446023
227287151
612689084
366984413
723837495
551561165
122259786
797671762
547845905
979508136
595940908
376416638
319031573
131540986
409663454
240898469
91966997
63623336
645471697
703371908
286216999
55482866
223091279
359341081
233465806
308793064
889856959
289112636
813820161
580015643
692221455
480321751
27520383
803856827
161097697
457610505
38599402
684999056
781044186
452065143
260295630
105527191
328759458
153492146
447160364
173890024
13722267
432102132
559331922
105437553
890119976
801231845
739492495
647820910
866651532
548549309
234291917
36141262
118539455
181458683
711941502
398031689
208014917
69662801
512863047
587125548
627666968
575478160
258877688
562828520
172741444
902683577
674696917
93817199
946295336
677843825
496565791
699471441
548781476
507728016
851833022
667265209
760031735
233807859
604863931
991326890
593163716
41203264
883646657
96109601
820891443
615041204
998859852
684887750
851967374
689217325
753443360
150926592
779342362
251299852
542037444
596714586
309078776
173589516
939249306
220535793
887496630
553358354
412368814
959548935
778669398
632759324
168665505
667374749
796713028
363593236
981190008
892251043
457441825
244795443
627888767
614762714
250791918
939572787
893318861
551957433
505171363
458679720
883052636
746708819
767115478
750016090
200147512
310414364
932206557
147644948
656653705
669043399
488900496
815073542
791764708
108568033
659024211
462731103
924254187
649512863
626407916
899969551
219324634
316869561
878904527
56449371
60724168
7751134
132499754
618395239
120648081
592804649
357519527
117620319
540265286
949508091
206179111
389015339
748264046
385378640
309615224
169706812
31711459
943793682
426126735
128958815
630596911
710207362
260032151
56440969
283658437
752702440
41420275
661437031
772218655
40396414
916062143
975764927
211488362
47564217
468221918
378701580
448542422
600957494
936822607
308536000
172588318
826204199
249742276
960910460
552204862
914617824
616061792
173082104
952820764
108303657
46050155
406386730
904109649
794087990
91672839
366805024
828998204
690660623
528272779
986069824
550460046
506133978
37418358
935858006
377827087
985126619
9672781
613923185
520788939
12482565
26060588
928941391
781367245
640056722
368150664
605629051
540731285
298673538
562318808
887986898
897565594
168730089
289564173
575666760
827926694
726764748
971862154
245132882
174507427
298201436
248540510
638384747
911172021
7206333
520827452
69037753
780889390
631389437
95350892
413410488
503796737
717293264
280340912
515628094
265346461
893751543
174528198
572743466
377966420
175504629
698980526
821185497
265034118
700800496
514900903
857430478
339073140
924082903
933274946
538078760
641595717
200713204
632012288
12930341
420355120
628690461
953992503
89948255
331733100
927803599
598094842
173511545
992507705
291443098
498476585
701372576
717055139
508954148
882896935
256867294
687969732
960187193
297933501
374156447
378896002
893355106
504778687
162905276
114542757
414322137
452395468
240282086
887535908
565067076
733235225
292424972
3842883
657234256
359947479
265369992
838121716
98066750
100064037
947430736
355583030
501315601
731201503
579041397
420338058
640033214
148685809
846700034
646350842
616668232
455558796
180439928
509943090
845247878
349954937
599265043
395718631
432869193
753585208
19580445
825808340
986005306
506220190
364705849
297419208
841651945
766512443
525546064
280445278
751890044
505104936
800731233
794844227
812585195
744618475
917499865
776057554
927662983
798487297
467054008
811706218
550995211
988270227
199649145
809499794
364373607
139212490
787543315
10902624
522350565
253699624
48670559
768716123
869083366
682229452
975771742
549935245
828139387
766564015
416688221
104587911
758687187
693413426
269161301
148851160
820783816
726915823
99417074
798297232
174204539
980625148
145134055
316674711
607984551
309535896
260112333
613706285
273842834
740445525
455091750
162831544
474796667
476640921
15508855
207460594
58637004
180696995
286012330
202121155
68212136
134487793
156819871
973652385
635697740
177253895
373468888
295909018
396315681
340436995
522970380
206900724
397389228
546657113
761272055
490252114
811731669
684668782
694082558
247171854
370204959
644636617
252598117
573174620
874080652
562493799
639842973
672711441
806384453
784015848
901571111
926620732
63988166
172190819
53917043
168355359
131327327
400734261
436571725
275344612
848073000
154133547
369114584
694495516
630301667
816906901
125437402
118579460
315423743
778320025
912819853
154099569
994760570
444795666
421135086
271332388
491769770
328085001
535549017
387812625
854228244
714623352
170667707
214329755
840202538
352205452
405032264
134719797
147184025
713444277
934718309
965879031
263887763
757701213
311498908
709226764
942541695
544321831
498224334
413147945
252107107
163655987
666740139
915361190
578929865
75246579
455541504
101605107
114194181
629159875
897641778
204339141
812370373
848990716
243269636
756112685
703481248
282941595
310635177
138234771
893955574
169396501
42458677
485740667
872404294
707956662
52370377
513338250
946686017
226907530
840213857
157535174
891670689
629066660
834676014
844994933
865295230
469001220
681772297
339438040
181488760
829990470
286382342
67626576
349660549
325265149
808970454
554823633
26091962
373563634
649199259
539200707
417758547
64967368
381296575
178924561
488960189
424531175
993765962
76516348
447331610
42360396
749253734
565570340
809648406
963631575
204999888
778656669
166282420
330476164
610860323
590992097
941111689
329540662
617891111
364786607
382362820
399685766
467292368
588269396
977249209
19611280
141614791
192725623
961101089
543190835
453307578
676450135
801621950
873118506
592589035
583565919
141882262
446111639
36424280
288033643
73443853
569347234
358663958
142740132
791969903
579374774
859308945
534655825
809145840
451851489
326727378
3069979
528996456
498451971
802330695
51781182
214006622
967850668
706939111
746451983
684890025
958554182
476187897
198451155
245154902
141926756
325159361
671691575
908079462
757292546
233750049
830129577
835438646
890854434
177988678
819724939
664660604
218806637
871464657
938483574
120359655
747600899
903982182
816013232
185539906
155514296
28696911
239632205
999081828
883736619
221092303
884168618
692175438
17135726
694549061
941868845
706882023
59141435
853770523
178600216
249286093
277020876
747396730
887219151
581774458
589801628
638276130
52959404
211567381
950475606
60539957
225877874
955518223
313070707
799945776
689342020
800962552
746270446
508507860
507138917
201742317
531282636
198545133
604724879
787643727
311736499
539359757
571017549
45292294
629069918
529725186
420705952
620852711
476288369
110634949
393246399
892964150
890535384
457104912
650786362
316614070
773465100
476485610
607726522
428011824
409678288
891496979
14883388
369313933
179795925
804551948
57334349
504553627
123689851
733274421
190907570
906090825
713826720
949007173
314082837
979567668
258368935
141229997
769794828
122388204
833800264
625770665
773788260
486507250
18204920
363677778
9358403
691580656
487282863
560579541
426637635
941973208
792400700
911622467
550735092
351385079
485158086
732924116
384120519
769512253
755213256
925138832
14210928
888789253
129859514
569631851
665738292
535464215
198480087
302229713
225685267
636364090
773064874
999395054
567338227
70944820
713867135
223561198
887727624
583444696
501681209
200120951
874715745
912457744
93009252
773947847
806417968
848313232
468073896
930888018
847906347
496306195
932032207
894466104
578153118
663067235
55405713
49294045
557267804
77835253
127085282
184904607
644219556
671028887
501256812
95197427
302387907
262346103
641659474
94366247
140516220
546361620
489472293
341958536
629656898
965269940
895387203
488960419
782706426
227189895
717635744
535037193
995721575
765163976
513011242
58297243
651282911
340602988
531547709
82694012
129659335
525687620
590433930
451252600
648266773
539044173
265661965
759189033
414703263
466875883
248326463
920720937
325617320
831921719
347011685
381611178
617355141
117882179
243506277
772247575
918308497
466476129
986194188
117619993
822746438
816986095
651317202
231161085
124595715
549998244
638608462
80719383
731918749
808713243
428748271
947040119
111073912
934997541
366545295
462573689
204338745
318436494
899422457
704449803
324924161
180494706
603223843
142688034
951630694
35038552
797647324
74503379
401729599
387640317
309575832
34062699
796210282
919313698
585180356
864005155
374397781
915852505
149490322
978321162
158599297
505718790
237566078
143552110
179032222
80762766
633742512
626410517
523816424
428493018
210392043
653942119
360729519
235262835
192276455
120547218
861946601
391594921
707279523
835856508
427025536
180344262
667152854
893178643
195804521
172863736
784437387
756645851
230153177
317167360
403295679
743029657
68232838
149332968
300236762
418153314
786068614
888105818
185003915
983519808
28224356
613462756
704799254
469486533
919597849
548777476
860717361
791634221
11395589
483362091
979476398
255714395
828625406
341444690
569519923
57623594
607401079
370900936
714111962
825326776
695128419
790384995
620166822
432562549
709363291
598369627
931967256
905341946
185284716
830914826
563149973
232971304
181809259
924426840
998778132
342835489
408447021
761339551
456290837
709161187
833120733
394176005
593288802
973726097
878416633
178471561
612210344
435399317
966282392
847102118
630559795
604608489
409929238
324134383
960608858
815487656
567463717
27674437
964013673
284747648
136478433
500150822
880221876
171758741
565614170
587508291
484613087
79184090
642858068
302834771
80455780
921824895
482304218
963783301
702896390
213491820
620752444
507902381
550301597
27511080
797928232
722202097
776782350
293459457
160930832
583864367
231386577
7215446
823938315
156932556
679127111
529157905
3806206
494464711
447580856
512986638
646525207
237102948
563251629
513211464
389882195
95687349
841295973
691878273
249236530
533058308
86787708
475650803
678725854
314411893
866591473
601866798
310171181
350001355
370280560
311795736
504813674
397054838
947794874
732469179
16635890
386929264
571912877
234759170
983089827
682065112
279292274
607398148
158816044
400993953
519603294
603615356
853468204
311555754
319007860
21073838
458454180
167628306
453171351
460928095
301571642
927220176
870972340
114433148
639950560
906728737
862688611
41451579
304027856
317747269
863638900
329381562
917026681
88316205
225024571
307941861
569054775
662395920
544065295
238888808
435717831
557643925
562281053
235949275
986932052
631894602
371259989
351522701
870826143
588470004
347057728
411247187
307816802
723212300
473801091
382970008
694815413
753280278
772978245
612924467
938027338
831796764
890867484
121401972
618455044
697043317
492808284
527121578
13108461
873307988
655759472
686649621
922196937
786122026
98812270
926432623
379516134
51324235
997517409
684905593
977561864
240359304
623247243
978669354
513006882
390691725
466568989
898227658
501637524
17882055
687971529
602217894
117845687
652257112
978456434
745162280
446565463
911040179
437376107
379467551
197222266
926183267
164389348
125214319
86726391
250917028
499121315
128154828
286866469
205739764
176018578
974310701
602379833
803850904
920361309
859749078
180036617
763409771
689799805
921327673
270797644
854623004
326247064
16698033
580904142
19335604
422297931
469424487
894472496
403722809
610292577
473211524
149692789
988316269
226997071
711942715
391630
453735910
412149442
540286200
479829147
757746111
586933019
684433668
319658689
232956642
769718705
836454178
802264385
21506482
6491990
907840963
858945594
887446787
88691200
126058253
459503297
927480512
80311711
876142957
597484023
409543733
857785809
156926560
514799945
358510724
558267191
575192005
537629517
638177325
443060177
691827235
964336200
863448503
951106776
727190974
571468852
38295042
912914148
611400994
940934188
665317120
623405002
598053270
857368861
915290104
860648185
825257290
215595246
797571483
635671758
219838556
699552309
466281798
197570479
777502859
109121970
926220338
640533142
861781815
758358283
458417664
935934112
153948106
380641783
555563398
71166814
531243492
163698361
94026858
978643411
808780318
632079731
465695131
367730989
124592641
209778689
367760936
856323913
131129120
258544387
593083520
802710991
102925562
716492378
359000283
743474870
721118174
68634770
743794173
600144103
177601465
547109790
416990548
582325753
207408000
395478577
815574151
982276191
360873359
72942834
662388752
450782721
822328087
429260571
927503865
238650065
247064054
198124148
629543524
290066808
311398340
974737619
71675808
406381
464177223
253461277
147179426
528174751
656863998
940685956
567731104
496376200
667672576
705664306
841754831
81937418
667622964
100341597
213212677
54671264
743134611
102218026
801053056
738987690
64748445
177807054
846532388
877917645
551022375
475295282
948314330
889238790
515380248
657355870
5569477
319836336
577332395
787212387
843325373
343627430
508209518
346777330
209252700
92656842
391746772
732609829
115178504
468577383
17472219
370874824
135382013
1600959
164883334
287431249
959543524
194717372
955644481
921395364
871267061
48797201
133914708
158064324
439381765
707533113
939584011
972753292
630929564
73645419
639650537
779011443
594416735
167919888
680476679
810142787
188444716
178042190
890417186
458224315
578572079
419567435
697479938
915582044
780824809
190812923
670447072
861302534
108867178
567065901
374471512
136300893
631753457
221950478
764010505
416686936
541718586
755483780
719625730
903359218
919417119
842813830
205582209
268939755
970555790
365637489
514068275
782496770
952783104
529563403
873332856
509628645
874346626
717539546
811282038
577281759
771597585
221077464
87894417
483906005
464848910
749251331
414066809
554887960
397745565
368851586
263721580
494109641
51746932
303727422
536577677
209288343
157032760
211861671
341197375
170975505
397287632
895851606
790495644
497456391
34624695
793418629
11858278
374427357
711619275
947193614
788575898
530361013
962348394
655839451
743840901
479361462
875700812
28322002
198669687
742325487
97399594
827794728
233273336
868603177
444976162
865860081
914962843
781270817
990594158
142096160
446752780
323117878
674620147
155119571
462047282
496607333
5354884
777712757
619535182
591232857
204266514
643817927
492336482
603111634
140937643
922674546
929154722
819019841
133336044
157764000
123633945
412169775
588497508
291060637
731777296
643785571
676726836
169316636
878836419
159606429
52777587
809034663
329521033
309559152
394808786
535301422
238599361
84329470
64220357
351079446
598095184
449668781
645311747
259562167
592875640
346043755
99959452
288202235
657601989
932153421
445782721
630971693
867170980
785193483
365839820
879119372
100583895
494704676
68250653
404974947
810141709
959633074
672934663
90218382
55899073
149654653
979875884
327153312
652712985
747090366
418990134
331021483
735648856
29417181
507056681
435654955
15273190
496610209
708899138
347591209
327959351
675683651
489390099
704321694
758485825
813447221
195687354
689110802
311195251
177162196
128928309
164027576
751623382
418535728
982689701
64627183
341951087
909029527
445654772
87944408
12335719
835677000
656139481
189824688
459646384
467451327
818583912
152557874
222380764
155985868
807294096
486060629
909977734
146561113
158418964
804727237
956567697
874466816
256041570
358882285
605102550
971075753
478690053
855317557
563856017
88794628
184908991
399868162
244238532
552373997
486937371
214147321
927957453
895793355
264057614
844868661
360641145
92266277
796718387
289862685
827589436
662992674
796368552
544656679
253739568
505908519
950769267
899830112
402958930
790195465
782759269
733810168
570647337
899170843
672723135
453082342
173388480
15917045
798480254
304011395
981557407
843425061
971351629
934465434
531410011
198524667
300674642
253306547
703151177
588339985
257919006
767392441
601062497
444128571
620730828
992030604
187821120
480889409
864299111
763251552
497550156
51514797
944065295
590532975
554198469
537253507
771310277
755607861
305891977
184133911
690271833
278933943
606347140
409297316
283767312
79309686
816073674
422740917
559693803
197071077
521805414
466342403
985646461
283696554
843521766
63752323
34100150
424540966
790798394
996072570
807933745
273845735
495757877
222625752
833107926
711627250
963412323
766981843
174630118
810123255
10400640
72198632
186435218
917909735
791614718
645702798
55669009
333783790
453732565
952762497
657834457
461071780
735601153
192494506
492832439
969592777
441403961
12538077
642593667
94248598
250824705
190221791
257318475
249979735
377409434
86702051
868930995
985645359
230999250
622117422
244033464
711006858
714864317
723755731
661759366
457463775
196445283
379139707
322001911
959530150
665561453
594363839
502330934
275762006
435759724
343172054
639602897
982811135
30353887
526429560
318921495
486447219
134246098
965431578
899817695
600501414
599110341
760493878
994357461
83553919
44853518
268487757
991787504
212116822
9649502
614728059
681848990
629370212
12640069
529256263
728374372
543494669
203943683
125594629
911807674
610222985
51513817
815272343
873706615
244340540
705031522
800347859
984310864
420717995
578618216
324524230
350451291
219139934
252301120
738611396
659075799
226649874
336370412
241771696
364303146
76540874
791156478
643244653
990256359
509921059
637329024
598799352
380368593
674525655
444720121
78002324
628280618
666908531
102998773
133948319
920418396
389679565
283971039
759875011
854442482
645322973
952922023
687704313
567009360
244712899
104356330
942599723
983391238
20650739
702011752
215235595
529432614
372909589
465941967
967503781
700832628
559902030
743437218
547725692
712268866
509029024
732090870
685792989
540813852
723996222
637719466
107928006
716507700
351975937
303546158
534679768
539386374
107447784
874085104
252142745
114459911
281047789
697747280
701607108
696638790
678108661
735704862
503579291
605614767
85519907
544106478
259962465
989603727
876475260
914419053
708025516
172684986
452737341
122772306
595094123
692555748
498550069
304643851
533764858
830996094
643951071
310497947
751791687
398923106
186481361
246848054
4100793
57686034
212737542
745154417
418407060
414235122
616813710
169227897
131641335
552195892
537644813
301593595
460045991
867223457
896733215
466828854
70540537
471045160
249508953
576917086
423852338
552642510
581600768
767977060
640936710
680496615
349314568
276699389
716386299
422219555
476783012
993476537
669637694
572942675
495851178
469713493
953886279
155805324
970122246
386005254
290578846
818791117
224260859
65833680
972512744
410803018
324919966
664453314
970039213
327941907
656901844
200118701
154940141
533061190
597173394
743957947
758920859
420544427
464718265
784276909
829001932
696313360
246558522
246690446
978346025
636676208
61943087
70886696
564434033
957906559
791917901
162403471
450809760
99402207
359109964
530797214
685414258
791903120
568196894
904888531
124304189
332793882
4923012
364110062
605260861
755962113
351890488
375589191
757791393
307381189
106807860
98123147
445867990
989122975
863526290
284999986
822746301
840737180
49627672
903914001
691244517
233520880
825959
731075302
443748238
147713156
379273563
407975330
78609775
49281013
605890835
123491973
881599112
737443817
387914818
994444255
978725811
542943000
448313447
799735199
870104675
939977369
371336439
178198419
66851648
955484129
321057690
98197534
53975219
874336103
165749336
931347475
347234298
54785979
241308071
454470642
572992801
812390108
702696800
40753425
434406721
327625246
498200937
93636650
731305091
36230200
194447851
253020690
855532667
992273935
522916264
353956908
215106170
875232585
297065545
584284488
164827846
239703055
785041642
393600862
630603239
258234250
564113877
844933622
915574880
324408817
260171077
890544455
89791213
905313588
854411819
692730528
645514
223035270
743401146
699571417
828365353
231453153
646033913
696942820
71781488
446749014
930105529
73438615
589194449
493691085
96443305
652203789
44319041
378866491
941312484
133301916
406627104
515318244
785356257
522190530
800995588
99437737
792077061
95747428
540490110
594680342
532694489
567845539
639269287
983293611
90064514
821342578
61437917
974434100
230300214
263415538
259745173
65068027
821467604
5399089
661542874
348345197
232608339
910087246
721095808
69055943
966245587
340773525
783776912
173360121
235162111
832933809
16724701
367242377
714077767
61091571
423550971
934308945
860180843
68479430
612949423
198755765
67593258
698484380
706054148
407195440
268317489
373847949
762452549
109647141
185706694
131952718
31518745
997763792
376901466
31455836
605424088
982128819
725150618
326944478
5758269
475670507
691544544
700780526
922531036
686896173
401707672
231628914
881750957
776278178
803729225
670098416
760229642
965811512
583245026
308358314
435974286
122534254
778510794
40694218
577730691
519148729
563064615
323307248
937012855
713107685
620698030
572316213
830621558
822992764
30750711
597250360
16454161
367371318
979076792
4649823
908072754
246077790
281205345
176517652
942294866
311400753
221964463
918498029
686928161
777836838
326656885
405105919
297056145
305507900
227276477
21247734
579715201
86130204
464374298
917994967
416046783
781187224
333358111
648258272
178635350
778062567
650285233
830466951
185525337
408329353
567919401
345559130
374630336
835780672
401544888
858040141
692120536
929651155
680722998
74795746
692475471
500799004
829389439
508858170
498789472
469727984
449507567
311145886
919619667
144800000
708900130
972499348
990169882
380341663
853109966
968835506
602315924
73372139
368259358
801455124
709584086
534521567
30433813
122265737
433706200
538935399
582178146
392547801
81218039
584855991
368723446
465423653
492295484
936766520
992859783
26141558
259388655
208731915
927694605
363182427
887747658
463058313
270273894
235157458
419970065
683260127
309168563
386107237
92997129
797110334
248997458
256339868
817687740
159535002
697367183
405958632
931637205
514317115
998502824
274653236
655592198
68528643
760369484
781613104
287919487
624176033
835570162
396413014
117741897
482509140
426438516
385335246
856624660
977926272
969210227
447514683
615693993
553977422
912279065
51533332
951167223
711316750
919272689
477724055
1428941
772574639
791480177
976619599
415087318
924173209
173006753
222936196
236827868
697674085
264556697
544118173
181700759
541662843
633813589
884854835
57652311
42959571
458032762
525484759
569764287
838939652
837420801
334695697
932500808
420238112
619750816
530578700
595831350
472857644
915632696
843332411
368289347
530914090
495149935
545160790
385802176
871011638
538551371
160411862
926767849
125660337
343354351
738787197
533302718
859180430
751313956
671898893
435354106
909497075
896770418
529486413
831792441
34375788
55914511
776469452
144937684
522197655
130291375
828469039
820957665
652708141
662600575
759714118
868300329
279366402
705883431
154680811
958868796
896052578
672173605
524829789
26371137
418953260
336887864
271876185
38582764
275055849
413452660
8044904
515281440
915536204
634842048
931584660
569297505
525231254
80380303
581473429
489097169
580167165
199917490
776089967
386897612
322636017
767113428
835097567
927519371
601512461
675337199
74029956
607676058
605062346
198495492
733239281
89233376
545275098
790410121
484524195
591072108
464669144
117767267
447175716
484579258
302212995
294587613
66072118
976061310
593358014
233318644
363045887
828797343
453918408
494920046
825086262
577323109
951428913
869636531
40375520
836456101
405508289
588225929
302891826
300889740
507407204
373760339
939040774
270210094
656140576
232837953
177512880
147140344
896653970
769096083
328306208
535818466
809496216
645203166
160748350
803776005
159353533
533468852
586732677
917415856
966504702
635101103
286286419
51247398
607447116
503277942
645059531
147330186
239492097
67277647
537383518
409659446
917130381
181814311
403156951
892748967
65569116
148958955
724397136
511733152
312919638
535641947
791298289
123091645
225459645
858759100
137281568
484215535
781293508
669814981
524454396
948516075
215529630
546506418
129061918
580645272
350352404
977740955
790478000
991776483
260097081
861702436
785620882
742427345
834204803
210814581
301422050
850871601
38303288
895044447
657966448
915487540
590332510
488776176
201732732
734241662
166832114
984799820
511488513
288790489
937583846
401206423
83572580
611104854
847580559
335967484
698367337
173397247
663763086
503773318
890309057
834793074
522317710
413615070
75559078
890321375
135956269
89805601
771996288
552915258
538953982
644888035
147528038
321809136
488139190
321351325
104680012
335723655
459157631
580181591
462036086
938374202
771126762
177140430
973376865
557012730
28093534
226435485
579043600
127987465
806298785
395106845
175295025
573840405
391875624
204153265
489759086
284030173
715646466
277870361
697862014
280451585
625556740
314739679
696382082
118027775
842730973
917362954
830665329
788216403
775342811
814883358
356438730
455217739
5753438
194742516
310524094
612890491
181332552
835841765
785194540
696319047
817454866
641227239
614858944
302102167
848281627
931150382
481041608
97831051
828511244
48358140
920362294
515880279
64675727
178541399
373840349
737718142
404377654
876649792
108331692
738755186
758259890
138504663
242856832
668338438
27472745
813625794
368056059
848707859
5798482
433105331
407201613
795746659
352818935
496734499
384513580
482978143
791032633
280755387
69637544
4663307
731618447
189717965
925461648
144680004
662558620
855980484
800965438
402718473
443431634
266839856
68766684
846983783
128136293
536219904
780209025
44544343
319688805
77531870
570488789
882308186
330572277
888447186
707554679
615168134
855615782
366335164
646169323
317096328
569645095
246876676
617930373
418536654
880210922
277354465
471765793
595992359
312556058
882679073
652625521
392384540
396313412
197620061
175439890
434197232
794264550
143159894
503957254
69124772
950850983
203925808
839281032
483811212
695848622
703388115
223104612
652610208
350723056
953447067
884085251
494333039
143046689
289552073
441334438
315367024
611164447
686700684
218977484
85201609
193774598
291287456
372983950
435890357
483467968
363015826
650664323
797449756
561019551
308451862
47079827
857999494
891781224
731105157
910691262
627504670
410280070
930495144
408350984
796231497
575634851
286107329
444318019
782589946
82319268
651443784
730724299
159984179
466599721
823820152
512648042
320416061
977987920
800041995
635069736
320108535
723690875
656617114
458146075
890266687
993764029
882744975
960549800
356058960
99354778
922509300
257275442
605869586
884960918
136817527
876200952
942675585
585660728
839593191
234095765
277517165
854626010
944587168
628517069
751647322
716407095
971636750
597454519
542550459
227438200
432225509
702505265
241989872
59563087
809537252
375958772
2545316
40624651
581164930
778881038
671029861
45243878
376403800
319908293
398751366
394800169
861648227
859168826
58727237
176320990
256258254
580351310
971768728
999795907
443760364
981329691
287613152
583440182
60110882
160079300
161423142
910909711
675737223
35760526
42899280
308170924
415655388
94092528
188755267
278193051
748495839
918471459
844685597
523098188
246260199
550908097
83148990
303299423
752392417
733563347
243685935
369348385
400674779
631641482
466071003
694000093
415185928
839323337
367876495
887792418
202595714
608702000
322510995
748615028
187470425
356540789
407770387
807356836
157133513
738147491
524681669
620553309
771345527
340514876
242227801
989788051
269405128
863600998
142037381
176636893
753034280
928005485
504905939
664058422
409308150
317431147
174146900
574682484
382513743
285831624
662452501
467146917
223470182
682341441
555181906
895246075
405643931
270478020
958260392
811175827
195103652
573241083
21775021
504384007
190334965
884871293
87678585
760440475
929292262
904392681
947776818
961200643
558741422
403412402
230088780
715665082
22358210
349197243
847938941
715722102
642817273
541678947
601994854
85093350
430834421
817418071
274003739
239257458
486384787
324900624
46404347
729910829
718341193
801046816
575308063
856697387
211452488
777975617
72084872
660820722
584909404
659853096
762123998
178533113
507044500
812368048
586205667
48412742
216683447
227719516
718257553
140928626
802644980
415414289
877582283
478262530
626324853
859490831
925007220
415940203
821065540
545712752
381586938
249876366
261411815
496309177
784705234
952693169
217456926
756196399
34923748
283658155
265734045
749063625
441697390
712929389
949026244
471584100
959646726
594578756
739031832
612882398
686666033
589232068
175354718
36187478
317406444
583617088
505134132
236400926
380320997
425439671
129457052
491094233
157061119
797944007
461371009
458421842
850999816
92121094
576115510
572261712
760709346
380909906
541428597
417107623
425955022
498197660
144143135
85001583
401337032
70316428
994592936
179750446
649226951
87170961
26489667
249799888
242997713
228477023
661690594
407831711
53174348
379312534
917793480
148577850
360044777
270108278
591738844
170255890
801334769
199201699
505293961
367886687
544526514
460858550
198176617
368314052
603664885
471439693
316223376
118655874
413223482
895098092
488302080
4129781
358829863
999390737
52029457
163270299
203844736
182976138
840642695
474908095
208097480
428255040
816160567
180950235
313207202
286473810
451470679
957974932
54564714
190924501
549456533
132820681
740369966
532484142
659716430
421762795
23714069
779206212
316000050
916878057
536521387
522521416
719707947
290859644
142957090
816338511
165420503
573003015
564374503
361249578
86938019
402905796
500995010
230628278
64296311
260901258
210218899
109711088
293624894
899119801
814154480
522301843
663076905
976688815
770438378
520050048
742847962
574283221
705428501
609078462
292359253
412372665
261335026
544634733
993804147
760238071
317833513
855728679
195743304
219936893
299893372
58995666
29682128
103713849
450062342
193367504
818410387
757657378
569240059
583230658
840102263
945348384
543302999
272186024
728402684
960404969
919958379
760202967
788500950
930554423
200375090
904377145
243661875
725843918
175823532
190321746
367208397
677056710
405635338
899643293
667946380
584997376
293121576
667653419
5084150
532114466
708129403
312528245
633990874
155203899
352588115
899158401
889751775
190984281
859199039
89969620
394847994
19501877
490689695
364306106
503276046
590306264
430879886
591757374
786259028
112685234
387154574
792313009
29406211
790837391
297449706
300205336
148920852
314793615
924162637
224025310
806969928
736758530
518684676
899142672
194563592
513422997
835992831
325731302
82175197
291542587
628923629
973570529
82514838
517174127
877952008
374707725
294448267
480120184
174081057
620983282
305031948
562070268
888902330
215562852
772013741
995905927
450857735
910900849
298445031
51972326
25044322
862056468
517403493
828183773
972720476
891722384
559577489
551429424
692814584
790000840
126458480
520319484
341265526
686343336
202257387
303755786
605695908
327406525
95675627
936916328
172512476
926675536
925637876
675827843
658963240
884914516
62480313
974183000
402632627
391856882
503570458
200503646
978742389
116584486
688861867
342450787
89266336
637945507
998778590
286432525
196821033
405170622
448078663
201375841
732521069
215052020
345109219
469726105
23910553
385021205
855396630
341019958
440412635
648618369
351748386
850763633
871770973
731347524
123897085
304451313
273390202
476743035
951225515
840657218
224176756
824231522
782007147
360334768
501257461
823696250
448308554
160882073
879181828
845885387
496937810
900822168
310003770
77057
857649570
720973137
639258170
635732831
576882939
527905557
814969590
462797337
293986997
320407249
126501309
813926321
325593564
94447346
580098099
656821296
975001154
232114981
633093827
815735839
610076344
504843545
829196659
125421540
506029058
989432286
882252167
619406099
531278475
166544581
477680637
527726661
845094386
506061005
598198896
154342862
186851550
503910882
69363468
724841352
764667603
868740595
284329638
441528803
300209437
511943607
472166923
283523425
742133571
476445904
306146901
131755432
151664854
940591633
828235547
443671095
854754949
970865721
150761966
936953377
656788919
939199021
557356417
564897788
893869313
812078376
953260849
367493362
494815351
392279460
1199902
803125942
330548045
69040599
783420865
808221561
541634783
822261815
71717392
193861147
38775300
390335937
542464275
520738336
940076882
449009111
595155852
975524206
905143580
602601616
675770084
962527722
202732152
897183404
801300345
771266055
74769388
154046423
288964661
229502997
438350779
426666879
647789584
801865050
585318301
78515146
411816908
836961932
713010427
202908120
254395477
466022684
372321117
268916203
366992128
310103242
833907936
220970654
938436685
69825822
210026345
658657830
169132854
725561700
901464239
921424663
721213725
33119698
147630650
623510418
581305305
699614573
363823453
310312280
469434443
150805590
568777450
189403147
297896030
259861451
86955797
833278345
8356912
668290771
162261327
164030330
36985878
951162870
9021880
272274543
340571968
171659733
661788008
256122882
296722136
674016127
448320393
819942209
390100437
559503202
775493236
940365819
646130491
684846854
69360532
222703003
675815098
571481652
678941706
883540024
26451638
628219740
411706438
494108023
686141301
73157891
28393499
450356822
331229160
755359569
366251713
274201427
348298736
253241342
853106487
689158380
963040799
978696079
353465757
979450781
94534899
698502467
537174586
162970915
558533942
68345018
287041836
946642482
518047824
764933983
881633666
440354167
639565465
264011297
412416967
314929605
703711029
169308556
476927576
889945710
259956519
948478430
444715579
543072942
818043848
829433043
630127971
762729308
975444294
125029955
541527302
617756767
173333579
56529225
218244110
510778743
235021609
213798106
981873634
513262310
325858325
524173803
327246821
863003716
383993636
388336243
97899635
686789211
973826088
462007832
191314276
100544242
607299441
586979615
875170889
309982839
623404407
719858160
571749205
311752125
97658682
514321478
952488667
563790445
109841346
856352009
673742676
7778132
790579053
108337963
119360309
270703665
104992378
681127991
306859089
129923174
324977276
484706341
823746963
2691364
878929101
346630795
356680954
638047175
570209134
546526071
245166800
895510216
198113715
846147222
831342027
865549049
648944019
19173874
989507400
85600288
278124321
582490040
734522625
257183317
482634442
919100520
100428222
195715195
873317362
778669610
920551325
389857171
229828628
918541516
119295946
236976464
854224275
534177273
801219336
225788080
683337796
93696119
322695029
444628483
636416571
675016345
330945867
594287881
507590202
147514499
219233302
4394101
613038084
370497012
801230098
723142425
881260158
426492912
892175379
518052029
782454089
811643255
609127041
416989516
951182392
74833323
980571594
516279425
354786712
147608698
713815719
647493864
786964923
322831710
992462857
552082948
751471603
32416910
654490210
304404309
906634814
311039157
308679942
991164439
698582604
556995999
945310833
132609025
354765494
466362810
416695528
882653794
847337614
330781035
760335661
750244481
159188710
856757767
672031077
811526103
152168238
410136151
443415448
954777198
176801499
467922086
445030379
813107786
594998897
852627474
944472596
877363653
627093273
859567401
236028977
373750862
659467487
198599552
469237708
730762797
95219644
876222018
15778400
472929985
135549097
302427571
389722224
275323361
789589065
534697959
391263406
249862388
902531133
203726820
827729657
424998623
391927685
799189543
738025725
496936605
501860955
969471211
909426289
249924533
373256843
798255951
42607774
276227401
977137426
437457288
95035675
780785027
577937470
74957267
397761318
217911785
104895183
45319652
890698549
270223093
253173707
189853539
865471589
603464078
665998847
267063081
633957972
835618607
485608747
784923013
459123960
999879490
175843030
191981957
803792506
170168591
955960651
350524005
703794967
958781536
143606694
761697651
805030588
43416370
63004540
787243257
349467802
233430498
723985981
469471887
361549933
752528399
358167468
520222520
385306465
752379541
683369260
563246406
348054617
40258970
629909048
399134430
712515292
372214251
529360887
463455338
702370723
390651885
912016897
215401219
941451280
311093419
250780189
697491467
107882092
620283357
155008954
500634424
877799688
593429289
261393262
684436233
501966757
868247382
744135238
165599961
910337806
840617175
552047405
627383323
158092999
495349043
13513212
477569818
924175783
787954308
665548159
100927363
654360242
141498194
97209959
789793976
255999404
406350890
483513676
283346686
399754667
495145576
803515059
363419520
597951487
902316895
259769672
132639378
215148213
178504101
572488328
937090376
738018343
536745372
463819099
363672237
322815099
174910834
247643201
708797894
246312954
830565764
277248364
737937364
98506984
101214000
377440370
271497552
997548389
196438978
736053354
690952611
615524090
936063047
904485297
997310121
156548497
310750874
331989311
389669692
685387328
692273200
581344316
848293303
846083562
833662878
502233366
423563869
431672062
689624112
908545720
532521164
151295091
60308266
856920035
512012169
5424397
447985562
346851402
132314270
973995580
277572149
319631288
246941799
422626569
56547651
597793246
297087989
509868064
546697152
991069902
779737594
676240629
545779244
140123127
901663625
563163112
683688592
157312831
972885962
449305127
462828626
191517638
520939344
943980489
296920216
493947693
113341195
154856912
850222706
647055213
133204425
348267206
177867166
250466526
238443552
483793139
805092072
789255656
29301925
370807652
269671031
249912772
764046218
519586344
776165672
919307399
867646511
212654647
989860519
590343807
325073669
286280429
990086581
625069573
874283466
890589010
291943401
621648479
198628527
689501498
33716422
329259263
975552162
19833729
661274889
352013003
77467657
481488352
796855768
390090345
956609455
783838528
760456168
621718738
6217605
685258426
925679100
308516621
526413491
607138754
88214336
47369576
231130241
789291655
893166090
881209831
51195423
905253708
251302153
237075590
434073483
868459072
3535105
755026877
49586275
821258883
54052040
48803128
141295498
542222162
102748378
900832515
425220158
106808423
414187258
275810305
835963499
382712031
466003293
548594438
94023057
382240324
421703611
476858297
752544124
176562166
17047589
125549032
367936631
138762362
771370828
912866278
547513004
228488048
54774157
225843908
172076052
327046498
636814839
263292523
447671690
613372037
6633303
317549822
907357857
777484939
58806148
674576302
839595190
602511581
482323485
114064903
922494989
123127053
192536721
277185468
279670356
715565043
437683123
446011430
953718535
819544180
8961198
976685643
983618278
924899275
523748466
9981397
338725273
569445909
894128181
820527275
253820464
801039316
16648367
10377598
709346790
559983189
383605552
860662066
351561729
488886049
94905213
265994383
772513939
352388968
33861968
143451309
889373393
950220633
248722961
277000076
800308051
397017565
365527591
365277712
739251448
292360052
362339238
995955241
592039372
234337402
779956804
623539325
874780479
194706705
551067120
157437348
564304202
792937248
272986386
79944806
182764841
807381726
542896473
613166567
211544480
525138532
597154346
284529652
459177977
797426481
450822146
220003951
30126784
729048458
811244101
717247918
818749848
144155317
928864598
496922155
918221083
979353438
493726929
665423962
558750615
712086124
394852813
624639145
199535332
853134135
137350539
811854180
956715928
918926773
426493820
456638311
9298288
653110275
490122339
317437050
19287324
551286691
191604292
123888698
751799259
143519753
50781574
685519121
15204490
966343192
703150057
597309205
776822729
368410730
190772587
998801896
576039852
686088314
250290177
631359643
362869425
240437971
919071481
234192860
922590518
635656122
341193615
799178730
917903108
619867347
949611688
952907441
874641038
3809896
17937725
716880816
95988509
808976939
446201306
959454432
741193541
423350097
900705312
671730028
748043968
598440153
913641434
528026839
372292990
476794252
800578199
952009334
593652768
793321683
525595161
744798797
614073987
140273762
712121787
680373225
32361078
863178990
19947130
702439069
533507288
538087649
260905890
728698329
949003481
312390641
210398232
873613676
47699968
439849205
710267238
815760008
805952713
963636294
324303062
371401721
700724128
239383342
231624594
933946018
268243535
500785611
168041965
169952371
966750114
36957904
136411329
448469373
273041985
606918652
561527910
326935373
838103450
307489914
230629870
979928900
692074840
123009630
700965116
844040275
280507351
244694097
788019282
599214431
166995876
639489581
84162617
342801771
397736036
976165798
747087652
426814544
660837709
19361930
571470329
831788282
149727557
302130867
554453173
21390339
133513138
973346019
20715492
566453595
560954006
777282608
228632929
405585975
493184043
302783970
981565042
981875638
345426888
430236833
809749955
123909713
786328032
7804135
66187526
242652189
432283903
522317042
235295744
358947674
110206223
21132387
547569567
246892945
846065393
944541577
124451598
332922261
215067444
181116242
720551759
972003776
49334652
469410192
696738433
425688728
207378902
567733777
176182887
748642565
404496395
545341908
647715469
960362676
199256221
805251717
964905710
850174962
887937938
480981065
613040599
458956858
351103948
681227667
663410271
908830703
921389453
285335817
176909649
623407589
692249834
608519574
484701536
661866727
212177434
857169281
807786971
144799417
197026472
615207659
440968857
142495404
254109436
366757642
51040995
621105585
738790314
213132928
25989851
436280605
887565458
553198763
965879883
824682324
413482308
179012325
122077870
188732061
902558420
954514191
482261945
614629042
954600485
715984466
324872699
929818000
972830973
782535568
791246079
41115692
841352972
637361124
238098113
439368635
546706111
90542418
11578335
364066492
636688161
461193255
463129847
628755320
841651801
161112989
404867133
960688699
242034167
520912321
690908223
243829932
335885036
310326713
508809633
199340886
470697100
323787894
968425141
274718935
279237779
654003556
202983020
474963461
923995241
29465934
28155766
923276018
362751224
898015871
69359653
433409998
188802937
641214650
867171504
949408746
118572503
430079875
85761308
47901677
76473637
561391710
873874824
661164010
45288048
957708681
446223849
422265720
65863751
620280991
959650585
409101109
766433072
772846537
651106771
816166599
441658109
689332319
412039277
607147169
853954347
662359604
521652236
720589218
54586019
365970883
714451334
195888680
438988938
53685926
196735925
333265918
294038780
13180035
319351487
887207657
655120014
393294470
957138054
481010911
569489393
371621864
899454123
192029513
154945763
861051568
731757148
895661400
754509058
403232661
710846621
793396080
433000387
380407309
10270434
217776994
438507787
614164585
456814740
741202891
937715493
985704704
441415013
858348498
307652222
58470768
874204848
824136052
954648506
904485010
50249080
71047696
556896473
323411639
831015722
202498015
766686839
286243247
135526412
359874095
513318074
306441599
639739078
489094726
543419683
235326370
126746194
404581425
894383134
48194385
786230960
115715616
644689792
191630266
970848937
87003242
630531483
846892089
549936857
252697675
573371722
775563711
443311472
904919660
291025139
237818413
711583004
185032557
482690579
296966470
205429881
366411257
370347045
446271515
595779339
931629158
291287963
339773160
357855808
616814758
364676377
973605391
914997680
852505662
548474287
897500458
915098235
481939543
312809142
346119535
280821544
506263548
719435435
980011341
903090540
843709168
681754650
85864956
524897450
68779157
208264829
255764689
929237697
306456494
938872777
469286385
612337113
985645322
956384742
963027251
278814403
781145023
5740941
902642115
85666634
229607307
889264307
603548857
611087163
355021648
998856655
276565578
460770757
831885863
514124035
2743113
505053018
748167951
207619417
873318906
284162492
364033069
890247935
767106033
557197833
184562557
67910821
160936181
889627503
804718455
162974619
664744937
984542023
775224711
676025227
748919841
280167587
803657885
877182910
506446733
196089072
599641783
71477338
878007521
564573864
987046848
620128683
981191048
305826084
565764273
953897004
88929382
230510601
17482112
76140288
782336428
345155306
914925843
127653086
958072564
17096023
107221183
566404567
366014932
594425012
763898708
810063966
154722390
273248336
151595409
319988566
923043195
421975569
774541707
238032938
704078502
463372543
612347415
292553018
558270314
521399085
782414623
988340795
507066168
864301709
52190273
750018278
654245386
687197156
210996665
419954411
799249522
583170985
172825549
667498558
890400667
391531324
85843742
419401715
998952065
64245613
209631675
193668092
227593215
669965327
834462055
328997910
169239648
510905318
995209510
756440302
187119731
325979135
543276098
973613625
660459976
748984308
536974535
41847838
289209205
541410816
986523907
347700107
850632021
737697388
817919694
986068387
414491675
217100661
682821101
964692547
13891077
383999573
19329682
816032919
427531318
890904760
999377982
71639485
409809206
312497969
741090405
371164552
518477742
889219976
419018421
181986591
691637105
227920070
601564587
305184573
105422221
287308278
854260899
263674284
108487474
177723964
588834625
331601920
580696770
834244168
298258059
777335340
445719707
822881617
85746672
861274022
554964494
844081236
514528070
881778541
649541698
287205329
241175080
121057310
322444697
762734511
517069620
922893590
934041642
420563120
373075345
540612613
92075975
162453049
89575188
790835763
775602780
923696467
960777719
482932618
32258532
121642227
135858337
902898675
174939183
473274359
995342692
660503539
96051240
377497409
961372273
183301504
519253557
99284598
979548337
537891778
519588581
714741224
603325961
130561393
188327003
827143829
383104331
226777824
360309072
298955031
993452592
63538004
683344925
835762346
717140662
102230905
973890732
223640369
964870376
668775085
547229615
575708211
225433546
491685621
192890083
435436326
503258521
437181705
593409847
397730584
489713241
291945325
455916427
66961512
118944949
932446986
441846241
82208621
47976625
472893144
541182764
189253546
175174668
471773477
287406861
153428851
594573983
722370282
770863509
486529565
235488544
614830235
158047089
547037917
684686155
312652057
637145043
810337532
487591438
997585656
338427091
146432526
676661550
451005728
856478512
637846754
148677150
871434344
908281725
927495632
240611824
130982982
239410476
849167478
595506548
221186896
641228336
410241070
318472538
58252936
535474817
810209292
456005009
749299769
677813342
62906299
522442651
625874874
887340763
897119915
545426228
421868461
547350529
313548761
126424136
935857647
352161142
208073751
362896316
657691645
261127934
182787219
975437014
74148006
116815315
591315856
696462611
174551116
343192483
890802717
888484289
733600138
683987226
993975614
582174819
436474903
311114283
607943529
723069067
208961412
605791325
559749768
409917742
256485936
409812206
156580134
694300586
70350899
206937923
419177069
836437822
470401018
227122332
339287863
757763017
446171943
299161838
985377011
122636656
246774609
485150712
742655584
915494450
328090624
564830924
920153926
555767165
592458087
730779117
17972967
38081468
835698205
465662292
262986711
801553734
114562825
586827658
536361695
738719602
780446401
240817255
221451497
211772507
882359685
797413101
756100634
109540849
683790498
711396651
116812907
103557906
449410335
780409354
748607223
250393863
230853194
323010588
71317724
160883297
438101911
588174356
143420881
968226394
279583218
110913120
79910735
295652576
59787285
193077422
441584347
542833812
211849615
906356109
752900296
895851814
571189598
309380371
811394285
530153544
423355609
596551787
761713047
858721097
157511861
53756990
140273316
937092496
594630475
88077060
569889480
377973800
260804374
92570088
676494384
517175825
997916928
543916364
461064435
898028004
315371279
670042865
774961302
809446633
783141068
149470049
932166551
747014752
700187462
279238540
459449986
410115764
144817219
378735116
560352426
181531883
501417110
770738123
354974361
287744721
65776140
255718796
160782522
954481252
964574814
101290015
869405434
790363319
828192972
691878019
200170612
373078827
812920447
902327294
566823172
398690298
93135608
322147388
237869259
645307762
560950769
404301444
549808857
490497055
561290211
171507280
131162194
372182823
350716209
180255067
343438589
280999715
107013929
834070007
729886937
818798571
811948935
696980553
813543971
468935863
583263966
753837488
875839182
578083263
179574006
2213930
295933467
603281596
111464921
26904242
887795474
215763340
330337573
472287180
830743526
423689807
137275180
60256404
221439717
563401891
856915439
276669808
44162382
543867
631724350
885485148
195079602
933334744
647794757
130131767
48902932
757757838
174650153
68378429
142046767
288563240
695101840
200190020
824617730
640702100
641234164
284303293
712657717
29668907
448695978
918962566
469705685
495753327
395571771
976615900
484083556
750391427
36143306
53619116
614152841
542155969
62763559
319806608
194113099
274720011
469034765
823708081
473851230
328748166
765004817
392717043
252371864
609374784
900161908
625020472
131115250
541439518
968628273
774000231
543043071
676035558
537263357
175095994
179616837
510170720
53842826
861287509
663696884
903727077
249472761
395878736
393165124
820729309
192575717
572710674
186047207
521171460
400978303
436980153
271822276
550919805
161188464
619262072
455559547
805433189
79063864
362645006
664900272
5232269
84828081
825179879
755394085
572045771
651079788
257619639
113369657
650976186
111494759
603827065
463166097
771370614
597294974
199079477
811379561
866686045
641402464
752753455
444126402
253713594
577222763
708346364
201523757
732683826
435645872
503611063
287089884
799677184
930385955
909705304
613564162
714065959
38814359
935141633
976385514
877119882
468488232
390065221
660712369
852375043
48849459
116820679
491658630
360375245
602933751
280024508
585017621
729974155
840550989
338002938
555249678
265509696
553693708
314667945
255092279
231890054
244387527
693931904
576205864
842830752
951616682
953798218
602319032
986281302
158789817
634097861
845138592
291193534
840242631
989878695
645407050
623151265
585640082
235916332
61133780
577115218
990137357
314583242
168298844
288471020
250942529
112088678
865580412
410903302
552399006
408401945
805173524
17475033
34178480
553024882
64855457
421996493
218917630
18279697
454794024
202149441
890150634
36783669
301725771
552464983
172486292
172250484
635086933
867323905
419805811
199465083
705253959
442412629
878190727
795272589
830070440
964900689
432392489
115298896
698365893
933927613
708891869
148008563
533031362
817924474
765553570
691427183
95176993
760308311
116534507
956278058
613757125
94411117
45692624
243731729
310182223
873962511
557487057
587241498
612699239
303443607
427228453
548693398
443719528
494937599
710933648
405132498
731666536
836170745
443542545
43871515
761064981
309962726
754398991
738085853
730763633
483879068
793026781
191644690
175391553
699519355
893579792
756822411
153727185
167362337
697552443
718388548
930653330
559344756
213842958
403890301
657698123
24861105
509035581
788103426
321067483
500136583
536053981
395437603
371049101
760872486
33814314
86740913
861617463
466448685
637395300
481279903
359648312
963122696
940687776
526758071
742520433
95600149
424901530
568293997
751404079
465909358
929997957
466913039
591622787
696564438
106775928
424029791
257336350
519884139
948500297
383056844
598355419
376593559
785409062
658516231
81950518
760862823
276400389
579310123
432808386
693122590
535256842
480053336
202150116
234194012
151829106
682729302
952427799
278566668
29868412
942677438
777034723
850009255
586709638
127680406
321573657
671709219
523495347
728336688
374948655
801611495
393675426
796565650
858645955
992277077
244697523
415818215
66654214
148485837
667864145
204385983
414428371
451351135
118212342
792744288
990613248
852375245
229859006
932697453
824200301
822453258
477322093
302571765
557187491
509600489
98717424
454632532
24596824
418273471
209256833
92941351
145407608
389383856
922035519
604272043
363976621
986548559
474626429
452817290
304612885
516251329
187631241
118739746
357147080
86109494
835434693
531843583
595394616
254132209
53766883
503424514
324731688
251603704
574388460
711977485
962238905
12919282
678519478
36756148
6483965
448949302
143771398
943880863
815135891
371358572
310928134
233397321
723464536
431104812
346483653
595855651
980103161
609416172
104471326
390377964
2488860
250050038
79344168
818395529
889701802
778821731
554514520
86848848
144625135
684666970
730835550
890139548
997236343
901505548
907651236
623375929
860694797
182274931
904535135
86661769
474776541
789568080
945728806
840541677
936395757
928731054
822583442
471501619
241446144
287591588
150976117
674672008
795826147
722685619
276228668
69454065
982009189
925423097
187117287
255465738
610247314
426838606
491796308
82228332
96278687
339630394
727257228
322355246
988571669
413099407
427554563
153200573
611272402
706442760
266314253
611015031
963938255
340546211
727148625
438492246
618297391
191002659
927796289
311000356
598821198
743863291
450894907
32623724
834130173
750840776
761228942
520432073
973041856
8990847
642480526
117406164
614492515
272887589
447651888
240321411
820367517
477169512
459520168
605442700
69436249
438136266
692273668
200546859
745721226
842046287
156661699
241496167
312271262
283806364
398558064
436860174
418895453
459862024
662669408
517919642
921956150
802051803
96337032
859922167
699000390
326024265
618041150
265233449
934045368
494258930
769424400
294726629
340658816
41460591
961854452
639200845
62855625
963452362
9001738
923220948
347156905
183739414
808047599
136045174
693915373
884370675
288296594
827413742
104920832
26843816
445098563
340819638
914205088
233346042
99302266
667956135
495475445
988609556
531626364
207891152
952517329
135730068
345133742
605815008
210259839
369822970
296455259
172959667
694812789
794771255
941889642
288296095
197804018
718686109
598523792
11186073
174738836
923259208
207109793
450179835
631573238
357665175
597504557
322969633
617744461
28354484
156625927
123023333
995047935
413601517
382496359
771401468
16979030
960812910
353186532
612594336
562462472
368244492
828454085
533411804
674921909
469574395
487096461
765286139
65270650
636745205
106805981
819548878
504682597
767559556
712712850
719727157
970251591
976456223
578004798
506694220
774813059
731296177
518474849
871419840
378635895
606846521
79809009
25422064
978629296
617565688
106855267
331162249
344080931
613501567
983642399
996165255
421366594
137400196
577537576
430434583
306913831
840046449
914705523
649886146
491970913
773418740
715941220
722236403
760956026
798776765
817972063
920485541
794094946
147175711
642435980
741863014
71254687
822551739
119435600
954514771
12348301
807444866
871930526
473993010
510070945
973904630
941198166
591586153
724991102
610292373
169248820
787446023
20942109
360340504
556526067
439578032
31713515
817879981
138945877
171977768
846252562
659517033
478121057
469616605
202005708
142186511
250183557
529828078
376161223
181042466
915290096
811865570
98698055
261290720
115050315
560128715
941811339
250703271
348509157
488722485
454911786
9596327
907933771
301123898
993103449
620587716
914871962
416751676
352206944
998715617
929854351
962841888
333955580
254495774
237970694
948317218
59284466
262570043
301063400
578307700
309286217
949935696
451638147
371814588
794215605
351588024
609448394
345535369
689065467
555311813
549888564
182617227
774782929
719033036
646384808
871215909
108754768
993753106
196725791
775027161
602144374
408300342
86071497
939473295
51212216
821553349
819292629
932834621
716618531
622243071
13278327
272467358
761044562
253387921
932107676
462886482
299736057
610471086
469923805
240783614
936943313
570646469
508363249
258216748
295558014
459481716
874709571
604140659
340451759
707311042
984417337
330981600
690684237
888025648
200210259
802550601
540780956
875134254
94898036
156649022
360852743
755408024
597514264
116460234
710246860
956781967
745482112
230384233
103760411
131486594
87484859
691096891
160707986
605164273
209147443
594003890
69429370
74602874
188392384
17754949
998253169
436057201
546066968
739049151
209981649
920103559
662103628
788169136
992115222
196139495
323768532
776972061
726339122
598401449
517844216
344576307
891649837
534398509
521556100
755140658
474995605
693280092
696088148
360053843
123950520
218614704
672815859
685622599
801339586
668582087
355214692
199694825
126280822
412769211
227958021
33878732
627241027
258902806
517623415
373722676
293209776
236891640
406073205
284520286
252058982
509541676
780216255
794814315
427349571
36954270
811674246
370692270
892290135
793715250
609805382
790901844
290341575
795541194
762407378
356626728
911019378
412751187
443644094
649888475
932607421
424799449
532205227
108694592
709034123
40046002
468173434
480745725
762697493
783744575
524975054
796861867
367354993
400658405
73239682
830870959
973140768
152430588
272427532
421238458
169947469
493563514
894511443
850721644
323011222
608838254
843009629
911537422
286792021
898297409
452007702
79631804
930578421
215283758
220062211
67611990
957616466
761798301
329625941
577875025
128862272
139183750
255116843
9762383
779382141
511070926
871298962
632672560
840376002
825605672
775962467
399989422
632404115
85990290
577371501
273900368
276945593
614953752
617268679
278250432
121322448
920125442
436361739
1649282
997023863
81868910
584784775
298482800
897979639
52928099
229193580
74137885
711875852
321451403
485599293
499542335
333643765
382942958
980300389
473126058
390079505
652523463
548566870
718737131
582072204
736296445
374425620
451603309
193199182
880017638
69367540
785122136
251335387
638506912
309360916
164815540
235673167
189956751
664070446
498512997
59745419
629681987
805857400
238522706
306975738
272138113
157693754
301801324
727110434
810252724
424649839
310748967
551889720
699955254
797280237
307203572
356541262
958977356
40204718
391471191
736523525
649132431
62342228
46190003
883528568
269003517
599907267
622459744
73606455
154699657
546364410
53634106
824707355
915179042
293273999
551694247
904131890
271021417
59726806
75317563
25593402
415994162
197616162
192362496
970945469
324464426
204344724
500386615
707527121
285422725
352415180
438984445
73291474
323965145
518148646
639832305
997405824
901641335
920465884
346702177
415509378
596514935
708758890
759463624
618771874
98871492
979751761
175730195
5406275
719967016
961799412
114260040
287868029
523998171
794555183
151458087
352887663
500366601
926994875
573177004
478411778
423572137
409709509
988786029
78435632
354542037
850431942
521066014
800848734
615040505
788435760
219679506
863758544
210154551
421677270
978884764
814952285
873579654
443735097
802406329
234412591
210597674
39904668
366795103
319960059
838934719
787389796
273590513
602669220
94506165
381377100
990016789
913789211
969452635
608933351
357039953
797898706
140230071
884653989
420420497
314468158
85519786
682621919
516312905
840608088
783381337
435394215
835753339
546012307
236298498
768602717
943101654
646031643
470505485
521945392
297869434
360142556
812020579
988515310
910800130
767060626
28210201
541368963
246767583
407124643
988796592
311160880
859488457
872987495
543769813
58272150
507795234
905563888
685515929
515048807
615021864
268943048
918241520
63288327
706415911
76603601
803494570
404711416
82188569
432802255
675784861
87213545
82288205
129254512
211307499
608859892
27788392
248524339
446883837
529735567
791685377
475699105
601436365
993741340
226738950
909374589
897829074
804862963
647045035
4533781
763959466
843369878
57508411
746560488
677797882
70479594
526627019
925056806
317975596
312399644
105548900
271982744
971887489
23028702
319905130
266401943
661162907
852607034
309189997
299764320
480560935
367576074
8332097
455285032
420224242
706291693
679750450
624673745
795844201
793256456
878316978
87700977
21867771
904389393
295600191
909696515
32125025
954452033
772131615
530517336
679164737
781683683
450692139
258108518
659261001
426410531
934364626
609412544
651579349
76997580
913233734
923798952
89221074
709984822
842004877
207283612
217524289
147980187
386960019
296346444
494647667
908941723
191401856
716659187
293489894
909346478
954135260
106243875
357978
275375109
358085340
15369618
681985501
282348555
583681236
803675638
575822410
852424091
610292950
561490773
474860258
739927143
378881871
583295593
552433419
612012943
924354438
744637098
243574384
277162643
15601399
424683188
159467930
210633608
498506609
244053709
269226927
43441648
93787442
183319727
707250771
648624010
908109226
24730577
696314945
9714849
536710594
899577997
836015109
997026890
913075990
238634470
839023375
80848863
519288127
461550844
167736029
670193071
103804880
694198027
460163601
503540489
188203615
236948457
650526186
949603828
166229297
131524520
103040874
809773680
819264268
363056837
668598792
508496716
365834956
648821754
902326059
792113987
385495016
82963111
861933002
800544447
450213198
786576783
545322927
330667509
396666404
107730368
622398428
228568706
37497667
616369186
176264237
324226985
648949199
220097368
917058968
120873775
717610727
524107619
326110548
879161751
465334263
347950255
205205991
621072236
462580483
732775958
975974215
468566698
729400507
793593174
227249414
160472737
838867419
423974774
898846784
938740848
798920100
743450611
753038282
135908273
734912415
156962947
999536097
510057738
45251144
429905004
221620259
602435735
177849655
599207160
713569700
360400726
22324590
530493019
440293927
240417244
141458581
564861660
809921799
152656580
441059882
245977300
634983119
425714376
548715773
259793937
201799434
613450149
662072866
944889878
817044532
163575996
544374778
878213663
875630076
858294240
727961098
235524696
553693849
720256881
410612831
666092241
711869766
853778156
541683810
197353875
940057590
714177105
68831983
829689913
785282039
415375221
747955987
481638062
562729960
176236580
416971970
155009892
706742132
426473131
294581018
130651878
761793330
40401091
304081581
323868214
739433676
743706433
448617986
473711360
99997434
875870226
99440164
274695380
978662490
778054727
90028503
489990919
940513409
600215666
95028367
418700037
560908189
423085416
947565453
138922481
235496457
704356263
555691599
859591906
779531437
880621661
103114126
825421668
893077508
300478854
384630407
692005046
891158890
399304488
35568353
187672531
898302573
256782631
654091219
550379723
647326834
525136428
505897647
986334070
662694593
876234299
413013561
360912049
796603414
240263430
695400729
442885995
937858859
429561342
348922328
348742531
14763180
367614965
576579291
189942954
44232863
2459673
370092409
34231175
104282604
527805977
135220537
55459432
36122860
244836655
780090194
229676385
360274959
143119454
123619093
77841601
332048295
152811001
840741720
451911079
102769079
186524854
501896493
972112267
174503632
735543886
746693178
459131290
139876134
668061469
243708064
490647105
137685031
28169614
777116695
611876120
621033913
949389635
801696498
288564220
902499606
291520561
699617882
312798323
447604812
860550646
737673877
679254162
184098591
585195019
296734354
258725764
431605741
801042121
455688855
819817312
57022513
119880885
967450549
532601397
349508476
771848198
246667549
159302035
637954723
349262309
402981974
673352690
169110391
871225905
37325225
45568120
428010258
865787838
529482387
769070643
182906254
208420416
319602267
161265234
999531916
203590806
609903435
252132269
568366586
70000422
639364293
315278239
235834528
391919846
62705581
616302110
688713389
220502528
106413859
883966697
339934720
634384295
844374317
695453766
930057412
369390820
218659026
647122277
971311012
316962267
375642156
985991674
502146495
895797518
902916273
72374779
676736522
28941532
975445968
156461927
390414146
290178480
286986872
325255268
380555662
357026048
783135231
100613366
803066295
971083080
597324084
751469395
290091238
345280906
698357616
240396801
828413514
113319669
853501458
562035008
804783884
442670259
901601193
551396884
504593016
782900976
615114712
914079962
837107591
69945789
308208496
881513894
262473612
756786903
939075215
903635862
979223261
135711479
605588474
892903073
866889713
139251392
704603537
967110480
658754190
606167882
632597893
387215058
875772792
909574387
500828537
275002983
292815198
882989939
387393211
261751140
683362767
435748376
866391472
675169338
746725724
972736224
488842206
736296588
219083163
393295605
228474536
259574821
355984845
619945180
245827469
382267676
987420332
605575892
539031773
366388745
460916763
14192761
472312347
350196422
865676045
293237255
336891392
279933983
176780475
526056563
842141346
527026242
721916981
954296262
253220933
970633320
500555000
258869236
542714804
368740498
74795720
480616327
293959433
329456202
596772584
46720808
398018893
898214691
593936270
718680155
184720075
92918779
562083059
93965285
363280177
138301808
450757490
318811718
337472249
812955541
304808299
916018364
597117828
373354500
126050204
459222469
697582096
893494928
491582232
459250865
201748123
83579285
54326211
542825306
317799394
625703771
996977560
44706539
396257258
50340609
574795052
331710510
12517812
428971607
490416401
317390950
84271739
871695071
213064629
731649637
702636735
394727265
654210127
23042448
930060404
178750189
408514554
537679327
413837538
124356502
444920974
798973529
307757485
815515846
947554998
353457404
732082867
349948271
44434706
384141619
12419785
713071992
999248794
775408735
375093669
747884565
696111070
938369589
381614356
223507447
625493999
30921859
490144611
289593637
336859552
460597592
345836144
768530999
187670755
563774994
85504364
419942742
829258816
744014437
664408954
864431105
49519291
80380767
751890298
485020809
930246220
557193438
497882910
512081332
313761588
965110463
425368851
881261677
753852487
487863295
513380833
937466081
329472151
990229830
309068280
607104760
298506574
816849068
900213101
906543166
438697101
242158153
111820821
923682450
9299261
534580365
456233387
751505073
920936111
214662555
881152075
265780542
721422318
320828782
738956266
848830270
186616460
233426111
149136618
804610529
264516752
874376752
478214172
79472321
875835503
879437058
17523301
596802956
224579839
878864708
954210214
615334718
888743760
649370487
953112887
38812799
459084647
167582113
907782636
218804768
460767350
786317404
965210795
27599654
985717200
815033915
358022802
873493452
97330898
829357175
336702695
133362038
495796352
944433646
922995266
84443017
999591492
672409448
634130593
574900799
330904146
781646366
590641027
79517841
765175882
489229788
187258426
157751170
413657488
465315322
304928766
735084811
739382714
370918088
310652924
302277510
126307399
488451883
155447447
240318086
778066941
736168594
410445304
986262869
218561951
608269928
22652569
318084830
27135627
476629064
816400293
560194320
9518364
975161774
781106761
474320560
557868106
432325672
501049758
190640834
943567539
530854612
992916080
498252193
825081323
768852249
143010294
855558803
732763497
378460067
302199241
969809920
432744907
892280038
335454035
156224745
476026730
962625125
521107368
541525245
472619245
210075847
613629012
211696259
231218852
439773178
459578233
674270039
336268214
837189483
558168055
891265482
763414755
675788479
740364947
139775273
229257129
970317875
101564082
859380870
188501006
552941495
380257461
696461843
349763981
908443714
288302807
692048938
36268934
404898018
266914658
546065379
450863639
840251100
913731945
674271409
409222963
710295007
41821078
436007018
433827181
529007843
323932691
248121628
80285397
414565363
462930617
310895246
475727068
916692374
43193753
902546161
15835141
632494664
998028524
475643425
352226659
704404071
312788446
749141124
726889875
333752100
200880498
599495751
506037665
821005161
852677843
304272383
710831002
216210313
528429556
35355171
663522700
22143333
884615989
980472423
197074861
379475291
934439472
901726182
360158912
345434422
139935667
476548039
889591767
378538003
159832451
87056319
505493811
389032763
672467790
829376033
186922600
859833118
405481237
457685523
539751686
680325075
677754831
989862120
338264834
262667463
263474930
60474569
551501365
900589327
447112006
553368816
877921643
985847316
268548690
871110954
168335701
298890388
974510248
136036046
74423290
691714102
749060454
844840337
875762675
358750580
162999887
490804795
600057471
472109724
3581874
503039504
533549013
778331353
978006806
885948951
695781599
687802078
420612217
180980788
178531250
946386740
885410894
608100885
226024745
624294259
558041557
711057212
10828074
503818854
833259894
184208793
947214426
302754085
280971341
615989040
977121635
971166953
506199088
823428450
351371246
617186327
283550723
780691797
299140557
855534449
764743180
66879044
781552293
839048875
389013253
143665966
346845497
346134222
596594678
932921292
885578001
990972497
274479924
606053149
632603152
274476688
539947092
904401878
556805703
679955898
887141385
48737769
304988684
984297086
830021663
160880617
107285960
516827371
704261580
83591086
678323604
755810963
462649629
829434486
102797983
184581574
102379035
838229581
206068508
688055747
523466681
881566903
307673378
366464806
472686984
292224831
204423186
292109898
852613717
785265695
318037057
821144018
449596912
984134172
430985523
712208459
263726900
963699820
402617648
520443361
253566575
742017636
765164639
152973689
311919186
55449343
278103526
284816573
889796734
712084670
983048404
538933534
537620178
942236787
290133058
714271714
211965131
571619231
368886506
782864316
553289247
424909327
687335908
783820246
309399888
48996494
908011442
527580131
106766793
588438243
163087742
175536249
906000122
174479916
369162690
596856075
240672797
879049051
687592168
209770409
658124969
849483242
66784245
991901588
558955135
72390881
10479004
430949174
643233175
659939726
807912946
374846414
939810909
731823710
147138170
983042507
199703747
831602511
886382976
713827594
588766120
474182175
526564250
243206765
115578202
458577356
265558707
651506860
172845974
720110822
514733441
90559359
263771279
802068720
845632581
322752534
281898450
160242208
20781288
518922967
334945300
968907511
598772495
847470896
642784039
89147025
632909459
821337163
819495418
677476013
841494813
982921665
51208709
314987795
749092860
737672425
32666234
355746438
302397443
261399378
128254580
358942327
652573724
466017917
162253126
809848305
751292749
126910458
358110465
942243769
220843575
668733716
839745563
100037939
834617078
743291443
924104186
83767433
377916482
418773599
933600197
623828917
855560612
299791795
359785143
949715270
218745985
97224103
693023847
185506995
214160433
403091455
32008057
131975770
938188209
335340691
214502947
310212096
863463399
722806944
933633860
862212540
412198497
873787195
262032486
265563129
228204189
797237042
197511515
53345544
894673257
548786503
104537699
866204850
869832240
716254881
456946141
606140197
336421707
797767336
46482977
856007891
544830505
838458026
278315624
781854076
552570271
903906896
455689555
530650799
647765915
556883936
122805399
847133722
454656167
586611094
67392948
71383046
993803080
379698313
319686938
711855421
513058739
534658490
33471494
8847583
642681234
778131250
380286642
642461695
73826901
591309810
739556081
334880769
872617261
606570241
300733224
69841078
782251800
163767035
394172303
399066070
691778144
226971100
684014162
345771773
694779257
528114196
624173203
797571805
718232221
311312354
511636359
436649875
441417469
483458083
92925160
573377538
410033358
948562904
970807063
847780931
401396665
844180755
505526116
664717747
511975657
388098523
843151659
270014238
82357142
166609937
338141569
15018793
976617527
525946971
512957024
226633630
139517230
39310134
523501077
395557566
690376177
750885567
972921824
684499449
378420615
292913995
46723696
324585049
321161544
954320748
695648505
268800159
236331734
663986655
695884621
910642308
455874664
137565527
494464865
706494238
965540308
359310837
271162321
308299581
744575165
977849534
855685364
578028639
338452273
931882090
471787836
670185405
626468624
505065034
63053325
144462455
61962853
464117899
946994715
758532478
655388989
930319063
979413892
431259881
918146550
616915242
975696298
769060167
201788409
52636040
455038933
566123102
868704167
423065549
325389471
822781527
636248058
17727262
566975928
541678278
990786961
254100605
558771107
734956923
703402060
294608940
778666445
623293986
662134384
52287158
387499213
494017368
872527968
976683715
69299218
377903264
374922996
939300296
708160224
335935927
124350504
2638575
522408172
918711317
237450816
222114399
605615944
878692755
528661474
276603000
266939732
975536980
676041220
884151249
990895316
422573836
363412056
914717057
298431611
215061139
512156991
943153236
892447509
880800098
267631959
143774776
865433428
987142022
380392003
752809718
845083067
602525023
989114944
412474799
609095717
825279409
181724870
151462508
265089581
9095830
557252748
356032618
923208063
964646806
181560461
622374379
592145300
88440663
232517108
854217124
854495495
551315898
663950425
682704944
301708437
20178999
850163057
125900096
878656225
729118745
35310933
741368160
561740403
835688931
316557701
90049888
556024077
69943881
998165454
42807194
453995116
543428054
486446486
627088555
771130678
54595011
864138249
839005481
637705517
21905224
753596882
544970804
913726562
663039315
673139290
459139837
438059808
393048324
679996231
58520648
289776785
639645230
425469803
55543660
706766372
46983969
558746236
777182751
867260591
175625761
129422143
522945054
270676469
336649260
807232379
740129966
677892314
299949941
221179030
787102328
225545465
897878457
545278218
595462364
241137710
786314054
21527852
601986599
10279368
161157014
738787685
645559269
753941196
516823979
642073536
562731586
124349360
779963959
269627826
747520236
642931679
442900527
985370218
754519306
241342542
233959632
420792641
308792197
97565483
799696918
441934933
947605833
759122382
565252002
237110157
504068703
431521972
162812738
126540900
701107781
774482197
923819243
454679502
127251295
770297375
683370806
863524099
140644972
260612895
315223625
913055356
137445126
255908541
889311590
76556388
15226592
178028805
547302924
182679026
438526825
407216294
495013299
941941245
146431233
185143048
296413237
888174061
529789795
276258392
605015
747312568
186303685
384481016
121087316
655145443
180842549
574105795
855484389
36997161
301066307
771001549
209416182
69175859
579505516
345529165
247062516
687962550
910177295
299175974
163184322
952216248
850683604
152396405
460623788
683925559
783131354
102146316
309758384
188908026
998347609
948140840
403848735
689941197
392404230
932303372
260844338
266012164
7656949
299724533
361121222
148774491
694304168
294518802
709153838
94475638
357052492
897319795
593021683
3301524
278006423
809771575
853591439
487414453
428950047
689577595
26021248
716127194
274031521
657927345
147943590
572416893
975589157
736395753
360079512
264521584
582882564
75976715
577333644
113854000
276313340
3879830
95266949
282707893
588801184
583005891
924870689
987360111
693605447
881925804
603091367
206126706
409011401
796676335
419102220
200927944
550526527
844647111
552351720
68666542
663136957
890209413
993822918
518818203
391332801
529062534
121381271
247083726
929172127
203445779
110238479
122769496
639465717
749373449
72292353
173572447
770478283
904522761
992450192
118131429
156994696
39456888
870832959
952417761
949406956
448744887
296615457
563245070
890288077
845958217
742348892
174202549
726923205
358133888
624998487
164128060
854443998
993241497
612534752
211696017
854941380
183395927
739102924
214006091
657728098
315121623
418989420
803152546
867210678
444495178
451710159
101759959
481887572
378068726
69519417
164549399
189273243
71477262
817400201
339938261
792505885
231744977
636380096
826339479
626787023
161491420
363825098
777197867
433343023
900848590
531450464
446048826
900642472
345552180
439162233
385144397
673962729
573131527
576626615
768838367
276595236
889355759
2284343
169941185
178939556
55887070
15722979
843518518
813749798
471336257
800532969
651799483
495006048
421042731
175968409
667826474
445070011
131211902
197399626
421462294
165782213
112552195
523731234
72402185
498419879
256566960
590374344
364949061
385341296
161448390
701276091
152150540
878177867
119998888
827717633
326725481
169177547
290373383
440743268
956245319
36551937
540979400
387485545
888797940
440112987
121269744
756137879
181298942
863175170
737417056
969543659
197712735
984368123
491412680
943525942
164778807
882839500
516597144
758930197
712681374
341877570
907677815
715603122
355992106
890290504
772340550
901402141
409863648
833461223
847074792
773925779
793292635
732882520
832935783
470028412
812736062
782281774
140449169
585588325
683945023
864144260
969055966
702234557
87452508
205852479
963064568
743666137
962936372
53929802
529536857
920224419
365950376
330628661
201571936
559689175
848075362
659689757
460336963
141649393
290236502
504253049
527091079
867266989
77800657
892961304
957830386
164101334
5113970
280824550
294523739
754059601
515450278
190720198
374507768
409885450
679672107
101874375
355373726
166202612
155299878
998395100
914004044
716473169
472399335
886741911
997769747
247085762
763417494
943943565
380280415
468228504
655216323
763317832
462820228
986386104
615470935
301984550
375397339
56815698
648363369
510304421
871215300
752274994
88032406
859759268
322766937
188606716
279512059
369197235
615049802
373365573
990063855
808248924
238093645
851944723
511282500
372387732
416934448
125781733
944770026
15841565
653419538
937109208
895619375
246189054
430851694
865828748
919137486
300310990
233041783
395348529
933962698
387432881
377735189
629864012
709536027
897122654
227620470
347792665
805154912
599183108
315579518
241871904
340469852
229713998
456570946
214120034
773330182
315345969
198382094
951748057
59592887
43173346
793377380
585810559
768333983
153807884
289442402
915967488
879745680
228747265
492074421
661984148
953965098
693275315
670860376
317322363
144221380
547504564
510042587
968098133
421443359
169377083
967083796
639222526
271721198
274013344
717567548
602319958
794183217
772134529
655889750
443777196
390642479
231961911
414857330
262172110
200579739
700071704
258769516
555377399
568697247
143935819
204039774
933242261
371524631
749376350
977337440
288457284
751972259
896611424
372759656
644790176
833000213
509173895
62209954
478684643
338210814
610644761
750930082
749930279
519836987
730402370
774721145
19296470
445550170
106703597
293063512
395860453
275707647
496931328
247597198
282047707
904417937
287157932
35655760
717933350
187130299
188401356
727011362
516246254
230215569
876085908
858273880
486951357
14349746
176699589
339565933
151547909
821714510
9048903
58158428
42621318
396148072
442385050
124465892
424604677
788328394
710105238
686327635
314966697
505230931
455446760
443306267
120326886
696842984
661540621
474729376
927078861
891040069
835931963
815821926
549027378
799548156
193689110
178793
243352834
169318754
277897616
284236913
33566371
677673358
940356683
517827266
412751729
652511852
235901197
284082588
863636981
629039658
91778627
601457967
554880634
122029270
23031323
612394157
639027132
445703594
579265062
793005466
986744907
733162846
561490225
976269354
902920996
153988161
171248872
710150466
505678301
960164124
939769701
482146649
189866502
221512633
751862210
461146629
79852805
62474626
583617392
294868396
265979115
380114626
580648211
237950638
990201120
24177487
454813286
552443825
787842799
47310768
83554156
124853578
162387661
539457940
103309628
128517316
563436934
521717289
553299850
509013332
706677696
336244434
129585982
892978215
667579504
458399983
664229078
372967005
285771778
233454088
736452603
350386659
244479040
283263204
655683186
805019871
698350936
898733816
302209343
158303422
447665794
869249583
161168671
900108325
623292341
341482442
219948256
298672763
453918418
296973940
61116526
655915427
138844929
970010219
800066945
492755769
396723445
722507634
583606125
376588588
552717388
477865818
814446049
763280740
879013290
114279143
423235961
393586011
499084127
110298536
70211406
754132055
727907713
226236291
734340494
265320365
473797861
873171541
225908819
672010307
810410874
929913128
265525887
110007571
901925046
188469146
170331850
323583973
694787953
638673405
978253060
473547963
430957926
932356270
836346089
449388374
491335977
437626553
787226737
549445571
630620420
303953064
430506096
545966978
459933592
659678427
450523157
163391407
24040572
874146135
576718177
516738576
918975665
579278583
455710567
737616016
939098775
721006269
343772197
632714513
956899946
246766590
495676837
670719369
64165116
903286145
763224264
113982327
385160222
453099158
285377944
716259647
78751935
698614857
920016110
869734829
900595930
683262646
584719305
323496292
132033601
933777346
636980522
438710427
330165886
452167346
987039565
36057749
598537663
573823653
367009370
51147457
782271525
857768759
391509961
605243837
272336119
691831287
542336940
86920953
984428045
769111783
224184976
413380867
256062515
129398006
643516600
953985700
479606352
904413267
907040058
382227499
873893168
819849335
868095741
568565874
951355577
228688434
721301985
526929190
898437210
805767270
27059380
271469758
936264726
829138272
397159897
32932792
91167202
509487750
842883555
142752847
115215549
976057833
350515698
804975342
155999545
425161963
629395936
438986188
934004750
393592119
313927967
632243509
306763563
787039357
698584120
854372062
13697773
59063285
26481738
771241860
366831061
838653182
486120443
670444230
262311015
888837985
885107891
816496706
182328001
530531466
565524816
390992817
739170025
216312539
540199942
205594363
192493470
551133279
767698346
751330943
391766492
830077629
705632185
587900110
660783206
376861047
814710873
417403088
696620562
488056380
916225207
209281660
202226669
997965644
467408967
49459285
369973260
496389555
644207704
996135288
828257719
402648005
336578929
309054617
292835865
539800381
422397272
258889833
51241968
704561592
13276879
671945425
292139914
891529063
96225320
451059120
452319995
357770943
438470973
359493097
337549455
573056640
742602443
354503714
751076478
20720248
63139458
185113348
304589557
646012762
945430431
505050751
184474621
643735834
518742010
56341904
277333453
158858075
159756700
71583743
277658424
263600638
120081728
814862216
301062716
28520897
696789811
351367742
827426753
373539647
814184204
515225763
507860556
867389646
923707583
812167172
310281770
643088984
134317624
666911006
992974796
232394450
797636681
367635698
649884356
478872225
401559773
729227328
232687831
471514854
177265811
636999887
276631415
61132812
437240202
158587845
777510352
664873202
268152785
912414892
918931100
99868973
685578969
834353959
77666852
688156363
237013919
574290624
874688059
729481582
854025494
155297538
102055533
789576408
795534604
236809937
389656471
78392350
200583254
416342425
673302731
99327499
932102016
314270530
357066803
989666729
31834383
327587239
253788470
351810296
183293705
256403607
455237402
605635687
546354342
766370004
930918590
632320715
741143377
612686686
309763230
973869705
936272589
490401096
659505477
273578829
257622308
700676944
346644915
96690469
59064229
507263226
39172798
912880158
766588469
775939950
438523576
678242086
797193146
667056594
4883697
664468909
640634398
410674749
708560104
327222780
93757937
64657376
237267266
909160025
647530319
170817264
336023947
869695026
249150513
562577498
573957960
419084959
658441673
893551071
994420913
826478000
441588214
268768739
527628500
627341240
63461781
989644049
153957402
604360429
539118581
438336314
21561283
790698700
957907791
325888836
926307565
211403814
762752785
92372334
841542471
485350750
181852302
338710160
374567533
607175074
833099508
846987300
680559216
968138731
888336358
36069444
942016810
474679184
289388561
934664449
864555394
271789640
315512295
723594504
133025204
505394015
89194346
550209634
520256359
397201998
403366127
874310025
92705874
773131501
746861165
760909041
7287508
492876864
191712004
869285503
829391352
142857159
198236115
675397091
50248298
437183349
53306027
984014178
380463266
187337691
648763165
271217394
508311426
480524067
779209708
341495422
666473095
489762649
848253951
628601352
189103868
364893727
398570987
190950472
459739484
287439529
171378284
845212889
42607266
907654753
340407883
435687895
113573158
157977953
332851132
750901560
139609267
15236479
935879648
320378698
736730048
11157416
366778578
854256129
678232856
678534815
532505684
268397348
828706449
80535312
690012889
40556031
508481115
800256841
123885367
738773350
478082620
154886902
811011342
825679313
590556423
427899708
369615695
380084523
855531776
320810071
606292271
81676218
707147723
833838731
860659488
613317849
463314550
885723672
979893087
124476110
104341926
516650852
514725498
586777820
232989833
30207611
939645653
384364151
247613826
494066143
216175992
702927249
634138882
716848194
382153114
237468279
980577058
64811699
261181357
815444179
672686926
955643820
517317705
538030700
772104765
67533634
453904177
860236185
90542118
428185347
375205309
161312014
411961561
469699965
909854950
961064884
753482747
726928162
823369180
343381156
116175112
758304824
2751060
216753578
866146673
51640776
773232950
978550778
145963458
409072288
87720697
123040980
91873252
467199404
823016898
707843499
386809785
515284993
34482644
29695060
388396531
772848221
177980253
220016158
543818765
39867872
744507452
774200253
751103957
552154988
862157353
385846786
595111084
204976714
827778440
837895939
377567647
874636690
876383700
452753116
645481230
645772193
242311072
186405235
106388717
209266431
208655850
217632404
697244512
519602297
517731571
284432132
580858973
106325058
558890434
984634911
947914082
621735982
205687165
969500792
821861148
889932451
424531256
590545390
545348397
703129486
374467193
754048884
110329224
217505664
256334210
60038819
360995805
208819080
295614272
541721543
337789135
290210495
165870419
876389370
353467435
732006445
520544201
674805834
362013575
583420184
652903465
648906351
971871452
352152062
583009623
639246438
506074899
974990664
11036121
495307739
323103997
284550370
689899537
757916601
294351088
944199196
775239983
107333210
865580899
200477271
606611958
992476585
362788770
584242315
779683782
722217171
797371611
14866268
20409696
87312239
14460334
812879116
947821959
806493971
474902080
731886286
322569465
465363151
45738900
304845816
744870006
658524735
144444198
37517408
712099353
331643165
582628082
579990322
572150967
815275835
985339081
194548623
530015486
838459047
188476026
698553738
837792963
46618023
471198439
783120619
932629864
564195385
376647546
975149402
148681894
785117599
939029850
475655764
332558172
990744000
389705267
822516405
635980490
597282400
234814143
303696769
30434598
246983294
965973097
220068588
833404842
328884789
443120196
47092334
858863689
635057048
227632686
543773929
842911538
188317631
676706323
708142404
397422907
491138084
195285727
221274323
462968550
523148618
228465252
540269101
633420872
74181955
115061323
938127163
957125907
276786383
663541179
856681774
159542848
291860674
220754365
265429998
893982855
317032721
46579352
31615838
58013453
662790195
311502517
109436427
666239075
414344201
177767340
411848178
926094551
60298161
674697207
886353162
943821732
866834280
253020469
497830502
961697880
254677614
324162543
51104726
437476694
228944182
374331579
657447574
890782210
538667061
17212908
10288355
458911686
296551728
218665665
762236455
48585227
507322328
486013760
835586311
728915015
96450172
367830163
622574508
166491883
664231173
547698721
863065272
400799095
293270095
195913748
886495538
873860803
847145961
230613644
354003604
977932326
620193051
418604358
944768273
543119657
896886808
403184958
755800888
829000344
604540226
397721588
999815986
736042952
503913000
722771320
227842801
728473559
237734433
974788946
895611683
389482905
357793970
98249741
902771556
26672445
864567028
491899800
654875835
19328808
61396128
738777515
969239600
375439097
920315378
788114299
237458420
102190968
472858678
882201379
677247444
713988909
39413320
284916303
471338622
126383425
518024973
39328580
98268318
402072951
538297317
996992127
830001352
204303730
947512662
851508369
710695095
199696849
168239454
77257400
603057711
336112800
160046348
672995809
49316266
163467841
661579632
384876658
604759328
420380470
653863408
105499323
359488709
931068488
277849316
92626759
712020728
704212481
229392182
306735483
802905943
345030391
216071521
469200095
111605894
436900596
371274928
673081235
840671153
780150396
217936920
931572409
537999180
896619412
760338657
966711486
828890814
963072716
927478495
660209954
829143816
505592340
714610140
398947024
116411470
557807986
240648328
555676983
176495829
547410441
190672160
963388083
329264277
206462625
347654671
544496566
138307514
995066125
210131335
977956817
71944393
889602810
510051607
157317317
595811884
998729457
551689151
868583280
657254877
348950827
183450756
178469176
765603871
887662357
137104634
651524256
50111998
856151518
932511788
285751701
237972367
615808369
516801303
297745756
334028574
140834641
48048289
963095786
283289543
421758803
297234975
198336595
959715425
322094743
75291529
383424797
942995870
642025020
943841829
812374920
173448656
661999128
864061062
656102106
480856141
164815517
439837687
390080686
514880405
706218076
51391883
564071686
144810909
246299169
676054548
977133502
777856815
706439397
726056210
741824635
591880947
745127565
741243224
910820335
904604413
41514308
621793814
858977664
41468753
982418112
302586220
72659081
895935092
145999166
327909830
363902530
947765998
76619157
381506658
219895249
959386904
686278910
299578092
567152749
594387990
510425651
891002176
889077990
965198358
221756682
390421009
856829262
540396861
410149056
443863772
725708322
724106674
496725051
244876239
704015283
980375522
244469927
114947455
348190388
200928253
396836882
155281965
81486490
91430170
796121099
562750146
230174839
131032471
241893194
915161134
70601167
206737074
782904564
471834612
31565948
357082139
688796625
162986059
82913904
639054511
565645089
112285510
216858073
339260294
691065081
123224419
247439700
119682390
528213450
696440503
661625716
39319474
529585721
737350094
924373977
273738830
552400464
954538547
475468166
727084558
714170176
804700060
251225242
14181155
945708696
739000549
485642623
46776039
330176979
943096872
99143763
524620023
729821643
601468752
298176508
364126492
513426395
547592988
292934611
627661102
492587637
888904763
276719397
164015396
599563945
742936536
250253474
973744194
201965773
314980315
239122301
42031389
782217214
125116524
775173365
148059693
458479729
226950569
302173263
642431036
942840158
957120442
332620647
194018780
157747341
132124884
394258891
121455890
628211706
394757142
277250024
660619785
348689117
106106077
517914007
384186052
252072964
559387514
433451364
929008193
851468238
267045403
890554158
840023749
716604809
580253988
406311137
177744985
41058776
378804523
533433691
278501769
511777653
932730818
717715915
136730009
504816500
242827245
902119503
12897192
527436362
17138215
945883940
148284928
846976114
666323398
428257618
568707466
610195206
738378555
18939569
163746248
321328913
712562838
848069699
198394461
242451629
194947564
337642188
180545969
95481597
931423467
754034108
238583184
656408490
142532322
574106319
110191523
664816806
916258471
755716305
520395604
659861813
207515950
557821740
529237256
495060101
778034084
881162820
999799700
234760012
740139718
232576410
493027563
305688892
713595965
202154951
918308334
442700531
612642988
280127130
18877283
795030765
34767934
627848646
639736612
945550954
207732223
486147891
570281953
326189791
926801168
87207174
197901201
941130996
584032670
227495688
948857549
145148134
59236089
754225131
49932389
62923769
113773344
445283022
289956082
676869911
147286000
833922019
368564370
413967947
703062210
284610224
911789000
984288949
532220382
88156531
137014160
726444842
218486320
641187998
325783593
527634194
472912296
873644742
902714825
982369048
181532790
500903912
938908930
429809272
112855246
790210073
507457845
994737457
493222720
960751549
758443314
446489993
473042029
677720823
39055776
795173980
732689933
187732594
472646102
346984940
881097432
533753265
685074367
358611256
512562055
993284645
800137813
109273593
434704393
846363547
915221112
675671752
905569789
683324421
145966885
669145092
629127524
874587839
350793494
805815646
564399667
691472633
391001360
569923607
742526351
40513438
928684238
794604666
443035900
521336441
633263657
328977350
506398790
338048513
257289954
427139984
914658236
11488108
143680439
293319724
846990777
455210105
937138543
277354367
646334553
264062111
220327731
756991301
259999092
578012285
111524887
46796222
608911155
689875835
704023169
826096060
49722501
665754917
320129798
731024620
579283942
670122677
593852773
628983174
14476986
991619991
455016277
348195810
254176713
140230820
831235919
726051085
428221395
695133632
174316646
20567357
894615343
898480453
678852085
774541329
729710722
444939293
353723677
44690018
596499040
255618504
238821304
46734001
460290837
833073670
775219
74780210
92250061
128106128
60466354
240629851
107558576
408945817
528257169
184224685
94182905
97684687
585391097
53724418
648408601
825429523
425170961
568301215
841665960
369475925
769134776
638965308
769727179
840418294
248635574
462335507
673055313
29423131
150239305
593121856
373033012
938412716
672032118
915112053
851445259
735785972
116466666
655123022
719008510
15740500
577420395
324248156
32551796
848959781
365617065
464672866
875899457
81961435
608001048
856712587
125133438
320127215
227903624
154404062
940395157
775131967
672115368
911089878
816844988
956484227
592959553
727683676
304985859
168238075
988869886
831601312
505574399
841952440
431851368
299430763
691478532
14004090
621792680
390489083
490485390
635958942
804965168
136021449
260614059
474009548
84705793
219182555
539073563
905526470
860049396
475455276
513093179
607600792
60493475
171595450
626315484
411038745
543179890
348981622
715109126
188483662
635242569
733926117
123637927
927705140
448009268
261924470
117619724
857002520
496971804
365618179
4814915
126789505
515265382
476740806
593031937
747896965
572701108
680853288
987333495
382034630
205808213
991650988
611580535
741450040
598158855
954008191
799589254
376408915
532414616
155403784
377893571
272557893
71862388
512255624
267821800
296631305
365712874
478919433
765444924
976157021
471677515
799251915
874812925
798808684
871119854
903241652
655890647
393842910
136770181
8542579
965216299
146926198
810643253
224264395
418259459
431574774
694699696
724334524
685741059
793945790
523207372
817492797
743524042
70045761
426728380
29250865
738221949
27040286
424403560
286890404
482346404
540702382
64560549
733265142
647198445
886151909
987007568
53453013
473164514
643387998
687479877
567212677
289899287
590058511
513119868
134058225
830585506
35631452
917433635
10065249
483565061
380752541
558178276
628356722
939083822
564422168
984031589
812799499
487414430
128621241
907554273
237261009
932575744
763617933
47725064
765749707
295728137
268457782
445791968
882027801
50707094
496334235
871689259
482030211
427982095
842072129
880963335
414147929
766310675
268180929
723816148
17287284
385401344
543863486
546235687
805792967
715898549
74942146
835924440
381981407
314937068
854880643
69058263
184005165
166864138
637377561
374986207
252876723
773640304
66852510
529172662
37412025
790398913
841148658
88120481
665894925
109748565
101779779
182784005
301056369
295064829
186283105
165549338
360675249
821013083
398995444
26657024
647119334
541784977
620005661
96562972
145168148
388328239
785006786
306486178
827420292
361028786
516662207
581587151
831283180
953632692
420904062
229788898
940912625
509796949
187742095
699146246
321480317
212689998
813676242
322253866
781487624
915533120
791129832
566734216
921051044
671348390
881261238
625079055
764877668
887680641
679383902
336140971
665687224
613851736
925586039
996145494
72071982
78417414
141287069
608915276
398856885
584306956
843067353
691458638
280781543
680977844
88246457
927732036
824596022
179173958
204664498
865477819
89943441
262934039
735624358
535155408
505560630
494924160
662448269
135129342
844716279
474213364
924676878
544717001
108031543
206108325
741149436
763469458
370264776
969122032
764076662
554845082
605080491
712926295
492881454
636713894
287072031
298283027
683023401
869728753
60658807
20145088
560097417
3478400
113664962
191546116
613913406
951790500
636835844
811015907
451893386
398389715
672649227
444222922
635326157
460248072
913340974
106983117
630212201
117199350
925860042
366662712
484886200
549742301
387544244
789531693
341724543
214081939
522161584
288391330
245750037
245864876
918902723
35410724
399086185
610231550
918458583
126491591
655927451
218409877
374641484
913128187
682248322
697270442
514073970
546997197
42935819
509081923
204620860
158761996
329884466
405685118
328984828
683270040
510396370
9477837
856898749
164916063
175411270
955874617
759895901
415251042
423239652
900750975
966141826
348233189
730054316
319732252
615314897
248917234
127999634
546394806
338452757
192901075
805653023
387428788
144388862
505544527
737709640
605613280
943803982
735877154
166477031
201164291
919941759
858803867
478054503
11028556
111368294
521768372
657447386
112434691
534422844
807593058
957623922
106432353
856669690
450536140
79038539
197455090
16441101
723192077
913411030
501827794
960727950
227112345
902768915
552638973
830766031
465594705
291441091
527873991
550538255
482267082
410310301
162446679
186499732
157500174
317223988
842731887
471357240
69678266
901297647
791413765
128637126
321901545
668655557
502918764
509558972
833732963
212199908
958681386
109680725
622597290
522053721
516558101
732514137
947075483
190752584
751508550
839630683
263589143
827300499
172054728
891888993
562269042
429894227
497648399
573124457
169765059
445227828
970890177
416628977
250605065
668357733
836202869
58967572
303861870
493713318
319417812
99711373
19316065
734371958
650140431
279447926
266455589
70965407
921974251
782822633
378125796
883400887
198571750
144757171
67739288
797630834
623700177
317244490
24541118
381571774
361257779
779498154
602879570
150513866
304657380
814080799
906963588
157925286
983426297
423971406
353416895
118111718
807494628
821484357
614980289
57783931
338347958
334584035
783869207
273507111
216642930
671067986
150724330
876205262
43870592
190558832
312074694
792940599
455603676
145638035
848167744
308556157
998549128
132991953
59590977
498639598
525729736
441254567
869446518
719872996
169805420
182856150
657989709
447551445
797840058
522939912
442828814
155538161
707797513
397669091
667689590
829566382
727256265
877073034
830595507
692502920
668455893
806143260
859634533
601114088
253470261
68806844
848915930
671733519
772433289
660443202
286789319
465892054
276904400
105443108
984275119
460424800
943080817
810422298
12433318
68082033
483186409
624154086
870975197
858514748
331384603
983587396
584578975
750835950
224940150
941265916
846857107
285642075
647173070
554102335
684359797
252580506
270291112
255134539
624435483
282924242
207405305
348653383
814014370
638688805
646860173
159321094
794899085
239367320
612353194
856948104
313610649
834892366
557703451
538909402
977488051
711505371
690167894
556548608
50538456
779635814
580124537
796105970
479285556
725954633
872123813
647258969
77508727
623575960
844090593
202422350
797885840
448837909
805652465
846364972
514769350
40823376
833347086
483324952
862029305
625801060
88451127
236211421
933055393
400833673
838059525
811520506
978381953
410204330
509379546
308518724
136426366
924906656
583158427
98506370
693232422
908822455
573323985
205847826
541313544
94151073
178372919
34747361
219294267
670489537
544423827
170110170
217821000
677900318
264335974
937766729
295321535
752212208
261371005
237494027
810601631
353103641
950814742
28760035
791934062
451034606
72754916
540364057
790675187
311955188
980147096
635823800
525955048
494463374
542676946
296197378
184333385
105100374
654186508
901049498
278138309
125282184
326333931
296265546
311209368
738365527
240423969
691550990
52371146
38579968
644025038
513744351
983079769
399303082
802573846
950893668
510867260
952075116
266242260
621165798
254524367
54349160
765714490
649250374
718551930
718468493
381750022
315128956
227873744
918826935
867262237
237063889
641776486
865482208
312622145
176215088
442510413
212984831
97336786
126227284
659901518
584666566
800891190
502726575
80034472
257797497
491883415
498692038
691414382
313711289
52183588
302962350
801446559
331355747
298531824
378720995
364065928
334825277
372870492
426084761
847827543
834218011
21698234
931434948
558997674
35748522
398543804
732729736
878821954
142683456
614477254
590021185
743003951
971737824
26913410
247017493
853718783
176069807
948411746
514677489
42636205
383475856
249820376
530015326
685493401
18508480
414314999
248658541
617725927
64957249
525420258
804667377
865601296
524438413
246100832
802049615
540023856
515950709
332705609
981061876
608086438
865167229
544673388
28490892
579995543
763725882
47461442
724010103
212178432
209290256
45278495
772589262
733500604
618662806
365504779
980166483
666472176
168131782
482062028
499038240
613276185
570176451
813865847
291060714
183786311
427588439
647628521
148601214
259380551
750772730
832697718
591359514
462827276
116830587
824738083
741038431
439601725
783834046
834520970
404479665
118755766
103801705
771260790
28085675
495405173
33354675
351185738
350989990
306030682
462965421
740348041
590021728
426335623
846003061
74245992
821571905
492689377
187901900
590296910
293878797
16702379
237731726
226577208
783581521
79727191
410518996
872002882
805751175
633693470
527381377
700885380
386159246
575955711
638521625
746284446
683015198
779070743
852400892
38549725
574642990
612753298
336279212
187246529
58878921
817288983
902735229
799142278
297544534
437016813
42574457
300722173
513725362
569849174
887246027
983582938
737756350
46540036
38595371
434551304
580254036
910984603
840818430
904715260
92608929
463188888
902557386
317695150
467432962
438792496
401159413
142299261
301026607
388593750
303545489
715231629
595897429
847256277
727471474
678845830
753737628
436036567
315522992
103715787
651794298
862174631
764955196
651157066
29337974
360147602
766392012
456526254
653528722
164184677
817672938
255598972
172508604
906996055
118807850
760493087
775023292
86363572
634956749
788055570
995717294
233509767
494881393
156262334
875825659
644329401
606421663
245892170
344865262
123508105
738798659
436487907
273907032
537842878
508978475
37027532
610127862
475907496
82945448
848675744
893342698
262197207
615939753
571397886
146649785
882367042
840003116
609180924
35764951
798950682
804879354
769968810
497070575
739811647
297704200
362715611
939502769
777832696
27142100
454038193
716720541
424624216
149635434
366590109
989240947
803733283
472311289
720085022
376722653
922479111
563726107
723048101
198591204
816879772
273144143
488621328
92555179
954443188
406103704
356819482
850495996
808477113
237165688
564917629
757292010
854982232
614904041
262809617
476032497
542685250
210680054
478034465
232850839
308246762
929671446
297531577
507114561
66686118
214869860
320597777
569937572
129892461
647049150
321857633
649138644
391542725
767552218
704992576
103216232
698036008
661643457
433656617
360443558
267839557
55332417
967389964
954732733
663172163
442845560
736107283
819890737
274053982
158083666
111652754
499804219
389519127
861773948
916345926
365483767
651269706
824049326
532760593
17746460
391941571
151415103
456177411
607777085
54917165
56132815
309152906
64623988
559600934
561321770
484003740
787708008
929387872
471986952
288924783
189676276
184284001
750001614
787414890
191600108
984450520
736265494
754928589
670774392
401888490
346364639
294089308
914887762
916715918
151441462
263766630
25426861
594091155
537682555
833728681
177245589
309258972
609645969
105057584
664792784
373189211
824042713
696828767
43584034
97558070
388862651
570839033
458557181
294235590
78782369
123815377
490181953
834255470
39612071
919636969
65597468
883754405
254791561
979991222
985879956
684334512
790907917
28302041
837635718
539108066
647206377
329456586
786768457
888322505
781983064
664963680
169249433
896366728
433799518
956374860
279712316
155574143
831788600
730095611
660198518
223183543
583872205
248989807
890628191
997102420
433065797
204550894
353600861
231356497
6154290
838649377
171819656
105145597
673602436
343635166
845047170
469033349
521865069
276724477
355365718
521898755
780773386
88799831
633643699
659911907
873577345
135995217
436290537
799873985
308634224
733849066
610036176
722826002
263293240
977490891
521470210
337110493
72605639
718470241
938810471
780352897
840458598
949716249
424138001
581025150
723665213
750888652
393204574
798805725
345651450
944787849
389082367
137324372
405960368
552223436
505083100
668023196
321499189
47604683
674527215
609521617
562170472
130386817
447330718
156057654
812444682
714773631
178078722
724852410
168149226
849942133
635878416
223087835
80632148
64213333
511017293
309006906
541164635
518400264
495515635
423336158
932234943
239979677
136740694
715079041
995119515
857648813
680068838
865471544
849697545
9243316
785276538
786531355
953678698
344159904
185418924
969887355
399267407
461594693
882525658
985713805
198035997
790681982
982441188
290149789
841766615
912789093
710639620
795041035
277800349
850513687
760439409
379286834
296284455
410317536
818183082
566089178
351260218
526637939
744314531
634887806
190002307
769365508
193396390
368039960
99556105
922292890
744604070
881108654
348625841
358505081
210751826
969015619
194138692
181310155
300936240
744364387
760824519
170177787
527314303
285710383
568377612
598354069
286320843
775805861
182381995
14574661
117090589
650206100
61002880
850505831
357619236
158660248
48541664
450084208
850391620
911397796
93558594
679247788
689713627
547773326
253152064
65263114
937693053
184218808
516753600
752631536
676130541
642064943
337382287
116058555
794625024
186861122
168380790
24361542
446422882
719333779
475556991
894574012
950710742
576965176
451533597
336724493
539289593
761313352
427347115
530905170
331580319
289809735
808807910
20193955
292555824
394332438
449972259
885207343
16912826
360313815
292185557
610165249
75118800
496475391
265113207
656704496
526712563
780902168
177892893
598992638
35916681
540995134
214228032
992968990
56550498
38971246
120391851
966871433
157300026
168703783
917777469
542000857
798208118
646518268
700807951
894500243
23648845
657826418
641349772
505371404
286861749
348101542
257449484
735041544
378333881
784906320
237724119
369167043
11162866
162561969
924596076
461024447
131816993
854614400
118361353
618571148
166647237
256450731
910941375
874633484
649666831
780550853
360347907
534569568
441414649
654304615
105399988
514879236
485359206
975488938
415906431
831263830
701153323
922076077
722840526
469451866
496958368
347387132
684562582
298437023
72263464
561661897
359474632
428304823
6942935
650161255
317154126
672869341
188238072
369760962
387293134
69102191
207895781
129506648
334515438
164806146
792614184
742734053
268166676
584699204
622024741
277686276
640877170
372189689
129861185
740868191
848530634
704160008
897175665
839189675
929148957
685070414
443141573
879428329
174366770
174508766
855008387
146798382
126328085
186501124
411984818
622855338
662838538
449544969
667285327
7549492
991481120
983103431
237894473
833167863
650577699
204886117
633725729
491374232
674228755
610677035
610744642
3850261
860066282
723486253
887226004
655562503
265750717
307034911
656256495
562062245
708626074
664018142
666085263
427959090
258883216
405507535
736895556
432033831
538490450
465901
632948630
89746205
414769821
431748333
732158168
233020726
991477089
707745202
544443950
675634159
396402760
610181616
540039329
819432299
821823229
503043971
955944429
700785576
499060764
387573326
73154464
476540947
110731955
717548522
40785513
81915055
238214576
674167104
872535116
864097920
551685086
478513630
913755294
367092993
309209255
661587361
982489364
463917653
625397275
102622880
85789591
526642022
829267089
886797560
276663453
70936278
208473852
581814888
2295224
176189610
370324629
402919959
363538387
818645040
513650335
29896635
347509762
581887157
251901119
804721044
62370706
652731033
272036712
471244368
79221464
284932423
473992946
421730484
581609225
364289616
504706750
270982278
388669665
976184929
266657034
645884063
612161620
26992449
71520908
396157698
235466140
847326757
787513244
825575317
695374258
41241762
80842914
28354065
872027821
969224830
513668230
208065134
48159871
516730248
247165441
875104852
670762493
368416561
928185463
603763537
987413021
209438500
803613826
21193103
847543837
739070194
80853794
249786985
859736172
453555069
865262420
224164998
242154679
549842721
896342114
957299002
971127024
969384687
429156881
919852943
119676927
699819693
446675660
894293407
381798857
977904959
462350087
370001522
704740159
418389100
645427394
574199865
453932662
706321690
151437484
935758547
1964427
106436411
13019699
312386023
8589966
864505494
244960580
702426892
445488883
379068202
140955989
564265649
473246378
276015018
181305282
150060324
170207714
798433430
210161774
485699768
574221244
33315435
404284452
922759275
554716423
912474448
245517481
434541856
307874989
203951822
405074080
365333991
774229252
577569899
729369476
613803032
65386239
754967989
387593925
782927027
534730031
868835295
941151916
108032926
795034828
264106021
879749519
935101401
402141104
25008945
916604444
179235405
638151173
211593708
45070978
184746292
489020471
956251320
402627794
312880883
430746680
270932612
956573802
605678637
382495473
814708234
331425347
429334101
27739378
356221149
292065170
780641050
20281067
814433923
907983004
2212486
323820057
156967899
117772084
69578061
8081343
368067590
763826119
128937986
916612312
741368802
283369448
827903696
133024825
132027720
863106091
590175806
914281394
407189485
363929157
376276314
439775849
304889798
90231734
261236410
204059413
634686965
83155926
563957029
170504597
71925271
279995203
447417011
630240704
831899140
843033681
733913297
509321406
410649044
894297251
192916702
969919137
218019989
953081220
128282768
825051323
236804892
52593222
225321817
190137018
658537438
311430597
759065067
112961564
946284947
72993557
614698713
413976783
166985575
292179175
503779262
891727208
247846847
232161114
820126480
874953425
176635313
222470487
575497048
517579859
401208544
758572451
437769464
512448438
567187640
101817781
829322097
113148395
487363334
754806521
141267180
571997849
496584921
338403400
997047968
916712819
49031091
232374448
748101353
306497460
85650915
371699202
975138995
230257271
930733879
412828564
394472913
65302583
587919619
869998908
483216768
393684580
771062534
383159460
244631060
820051307
423874843
97882087
722892738
529144957
658617212
565607433
193277183
813012540
647401262
60595270
504589924
209637424
343131410
956870852
208127
285330194
14501239
862452941
415102679
331730646
80849336
857048630
593210491
498835755
345054215
628956774
524611997
963298256
786369643
113889062
128718180
594477180
834714060
758455307
907331562
765722280
132359800
107822622
418694094
316433593
470441149
386530633
783798966
187838894
912860643
647359767
659197236
519504196
122354267
420299053
524047801
693413997
205896945
350509406
18784217
386871499
424096295
511411819
149184934
851608454
719142025
750234404
158315260
404494664
845937731
959964832
731121917
670245627
3550154
804571959
240963689
757512523
354643695
876285386
314322137
339060861
255639957
243335067
329773750
590430263
251798710
499415876
447517873
390230408
526696521
517129959
136042038
691757417
150594533
216060036
605931708
132962759
286216379
125151311
667307052
881092815
531680129
655811763
73489205
71630081
598399485
100848128
282824014
872580576
88757785
674905908
559206288
504376602
32937760
533485392
629568153
869402723
626228760
588926176
145226024
468592038
952691810
639360208
397883429
714561895
200108359
827386336
278220511
245119323
136870739
689307452
888836826
427218125
415123146
805842075
122433484
860316827
503948445
590628021
370710527
805727356
773953650
437667508
737925060
54731120
523003157
981586663
453494789
282385022
874987944
896842708
729133433
313106818
189742707
472623245
132139377
593833122
758975631
601903072
531946659
8867861
584008066
403706472
202335648
5602104
213577728
952540020
954632375
764264236
465321827
555467819
772919861
138468366
708011879
255444879
29003337
634164187
255944659
311293204
289032151
342904704
277377578
563591
931390280
501039936
663250333
593339188
383404500
88318646
895093553
655753261
961966903
247846613
162562722
426050439
595000071
772867167
896678321
515140907
218132953
566380117
384465544
670735846
240695881
510712823
444872608
141250599
799078125
742334461
11498986
868874044
970750568
781033504
279965265
836334570
600465315
514714247
785867315
359771454
37989948
389897439
949959003
704047844
218337460
47735790
265837418
373753820
665350518
213464754
720262807
715324961
323246715
30115775
885219641
109090481
509466834
755246097
512381423
184700402
949433266
918584583
538160389
338529293
968534939
769516526
784341451
323229379
109995214
313650901
913213157
71172255
709447489
223833639
932371844
502019292
834918404
476553083
178120294
818827211
591286769
12175238
743903590
878766559
51233731
920741178
758535030
23484331
674545723
286633864
468988641
480443115
606178134
888380124
981468358
123149570
500345791
470964013
604971886
688439563
136952414
246464950
326255961
313410262
239254338
879127776
8673837
483432660
591345586
293614403
715790465
822627612
374665848
793939349
812562520
605693420
549611419
810344385
105732419
841472402
729649792
683319399
653538078
673526410
173729551
532996676
966706420
828998366
296059898
782098269
762342735
966294001
2556870
520246372
582444447
894236736
608039255
666191597
694289971
837217277
518883405
599488602
260923327
672807749
353421630
852942862
775155293
969789712
426845179
110843789
343622468
280331846
986795643
744794804
865546137
264064882
21421395
180110321
366996279
565696294
141096548
221658760
113192680
318577485
886013494
556961043
305013038
656070694
316243872
956244596
49869428
660692851
401587564
175834900
221520748
509304697
651033979
904925927
151118764
888013097
303524407
59031209
810814099
720976371
418227640
261831293
629229605
519195561
30998850
268880253
940136923
624738742
41613235
454892174
55721546
446873826
374337698
383068584
890911917
966177422
955449208
575448447
597363611
44169498
11489818
162619237
560494688
210571196
911071833
124422334
953219150
405092501
873592115
555793996
645297666
876674189
408235011
499531995
869726161
516575593
516421370
586869343
523717291
30672260
967709046
829295078
772671865
452743152
105000730
964723492
451050595
408734268
322245858
263191243
291679849
24150848
578045341
603713782
51384721
365684710
784708311
855127951
652286680
432978966
989256674
655905145
102845969
931294939
524282121
657520054
773293484
522908787
260117706
228003597
885739111
449444607
450674999
315181499
884331100
706739649
128827654
11649090
156105665
451232364
764164719
605749723
93810922
87062674
555200483
835159191
507637258
76585407
516937006
459815217
74119946
900200781
396732364
510469191
686353327
987795226
607636029
145460701
770684449
787197076
590357179
57197727
652985703
657775226
808555655
237299266
113844887
782780978
676703998
221221357
862275018
132563582
496478469
273760779
728149296
448685364
837459741
16167634
941773419
179902899
149409711
787818323
575081166
400406857
481627237
636784496
433288693
877865340
935652281
778797686
94127738
306420414
988500839
221338159
575251993
556020509
713080274
600602578
860724665
909991771
959407597
142157232
53582763
721338786
172379870
399435861
553609712
482396918
932213197
912431290
874047358
316075677
524313264
81747883
374217039
340590291
392514667
273508180
994144100
453489986
280393638
119443078
685936982
804008592
364910180
97421169
839940091
414163601
697308064
256163957
318734427
358350156
749942977
850209579
425345937
982230682
940576516
393102671
40394592
667732416
765763296
373702054
622950778
125716426
322472774
841961981
388613733
79759068
251414696
213027842
393651356
557684924
294162203
768700796
44743282
991479967
384800440
83876936
544427263
807441114
270352843
898013769
262631420
33146059
512277979
902616491
229059255
168437139
557496225
202922559
641816704
289175518
732748655
747216582
532396644
362744546
181360629
910189368
892529200
980813186
827576940
379627591
109090556
555547237
875535629
608749755
30994765
219481316
420586587
832998928
378207151
304521120
561708909
195691222
209350562
731433427
344143469
709330349
810953343
557102081
76854870
819678335
881288310
225184784
419611035
679464335
123356781
627992269
764956745
787730477
409218439
974556211
841546188
532930093
835570831
321814208
49443689
716575746
840318691
450333581
607791858
18856968
418312554
468164932
775197912
567881288
907655196
655509547
258616165
207882943
341486280
304628647
928091973
267981610
984369201
755282224
988903901
499108391
92959060
807447813
308571254
690078271
133397307
969191735
349967000
854255246
728317318
228892583
29814338
792094800
845001637
788174003
608364787
327160287
859588252
450731425
905949737
877546376
956060776
777297403
908446750
145645472
855828303
461897006
340886159
663353987
100928689
671804530
571619824
400161636
751781377
943737639
59172211
301693620
93089516
863112258
917534949
494001766
588105718
990351085
869032140
529926526
210299111
851857880
147656744
471813493
276761794
452765788
222404570
683298469
202383547
203945070
104727605
330411066
476908341
654278721
280613244
78321337
63101048
129366052
342552649
993887448
452424323
923484693
646675217
827435110
174036284
526998223
619938221
865354612
244604611
684250653
152881820
111043263
826468607
46666952
638232294
935498144
921241429
653340366
129025709
613280963
258826270
663945988
714546271
457577626
149402711
321853534
870270645
245474582
733861363
844259639
859811603
115316430
848044775
992260928
467399694
274371222
502552768
900088954
337155091
437346456
7471550
581504011
846044065
285650356
774302167
293866868
737094347
819701111
186478572
869415502
448377637
204068213
724801484
860772811
143147888
66435993
50642649
972773840
152481396
105653840
289135059
394040732
925407128
295372213
249399644
873489246
338694095
238653562
1942600
902445214
262865951
153688056
389549636
941509062
62255093
330385556
925312899
303430827
541130446
606022777
212392916
82198952
748345756
543673544
333918453
328952436
999920218
257719824
407684279
894902145
944938636
925812915
609930574
28096581
52362411
885273323
947657901
833633810
46965894
59002778
594518526
246742763
437826313
562029140
729575103
245582935
937263527
50101058
541764458
619615536
610097156
498469113
110838510
448224608
510693417
628166508
853369067
879307370
807923140
602305192
931207360
33165215
523418483
502599532
282064753
287897317
669923685
531613616
446401112
237564903
354104340
586851384
231170960
659425170
572331875
82667413
348221666
232893142
478624665
874205388
859545358
474061063
194219635
538731853
565429971
344670362
528766860
224474002
484924812
59700641
519716771
428157685
423268029
834386010
521590038
820196409
998144480
877795469
953325995
91779494
790530334
792213959
372225661
698752392
106171609
367319578
418586110
218078276
605360950
697344026
161775697
906359801
994369276
524857077
563471834
448529647
556123809
500065172
182728040
471521999
600284792
958420808
703947579
55109058
360688804
814898157
542013295
726569185
940614122
504512239
421411859
545795755
955921521
872738342
486586269
184250886
846712744
232654568
87938157
714893127
129426722
681200452
813237783
193267980
717721225
744380443
535559885
753646349
299196281
491337224
593793049
675345437
797311826
627749293
41846258
170098336
395528969
891983670
781575003
375854711
382719011
98291569
80867175
197630436
793840979
333783302
552228269
313928220
285510060
159382577
775523553
331545358
638020622
41126507
699507942
157028787
857196496
673700869
649617384
453052559
719614949
725729798
193091824
442364848
52801729
382384842
875191456
919496431
8674057
774691914
51805317
867740146
979249261
163655630
524527038
922289453
261317481
19462178
926582008
340874081
39826509
642592897
758393028
437579698
157954966
526424573
251335558
4311624
781957913
273299984
951755096
701817688
505458223
664392507
119606690
557852825
421668081
45242595
243462625
886006955
554057893
16653066
518702879
254469968
632405106
818220207
351816895
755848258
87053040
248736116
620467491
703066394
333731605
573642727
121309072
228058258
34443778
574280865
341445748
928082973
939790634
720195178
926557044
924575720
168640761
499620254
917717064
786346705
916095966
287100840
862413974
640499636
811941680
23326524
605359755
440120037
268747190
344995054
547314985
766178373
554525185
446454843
203728339
44756135
871619626
96237920
762245643
771289418
912842269
435072626
722834615
476873884
91297196
62245083
585790094
710814867
864878242
113600990
681721690
478593904
491819847
785979489
206449427
670218925
199034227
377322294
349441637
162146228
915093343
322945514
400019754
903483969
623815185
67996462
758796597
915182182
635737072
101899082
938766515
691296012
316874553
234717782
745528426
241470244
399098896
907094737
283261129
523813924
466784047
189950943
478180836
34476405
432292577
94665972
308314547
184296409
386635657
714126750
888073346
79768000
140743216
873100
589986047
585687699
619238948
232085471
121339405
690572061
378598431
124156147
80080425
173696642
331196466
286104191
344553668
664366813
909369512
674129148
224295483
524006280
670437522
131555002
602821309
305330621
832570275
92328856
211264774
107213485
185450755
263868243
306694311
318372593
706611708
703471523
391818264
695408280
752329103
600831396
433661817
192483489
439177111
401910235
142247065
922746480
423580023
784274368
122199426
561476531
815535911
500203296
1430245
296554037
566520794
446594932
392984653
784791569
983324458
671451830
664765627
14211491
898156975
177766189
273437405
671342285
11301767
547255687
599019451
591711622
690300952
681254864
65443431
664553854
84291426
552000556
441804711
104941909
968548388
104156724
57790718
802205072
13204039
221783323
476778612
280155971
66520543
447370209
677101823
414013911
267026729
233734844
640646198
873863837
570322140
881404463
45920540
30704584
56838240
727982209
567355644
740580914
780121337
457546549
681064508
557581845
67173443
855057501
982921728
92516119
90698681
397714931
921471871
29372871
277568525
279457749
300549916
983471425
120922303
758281599
975630523
307888077
568590327
892220110
443607791
525982959
867040674
152526707
804058900
694375963
612131287
907736831
728428085
893998363
20242571
230271406
745137897
371319227
399624525
422484342
848288364
443114008
126183050
925804037
641134465
946141313
622497951
781230851
725489947
368116481
432879255
109820545
998846836
282716315
848546182
710615064
212708924
674399641
110372366
512438652
626746479
128009575
35693102
68566363
950038240
142997150
47221086
729413149
756825844
748068195
655198708
771121022
367805875
403146445
827705229
333500519
4099225
756699742
824415788
829243183
509417984
292127730
636774437
822615947
677118668
958918020
903035871
226875273
819912547
394941587
589376773
260475016
805019593
300413525
760905029
397607908
440021296
87975127
493039515
632454287
773093099
663383992
608449777
109959574
693817786
966775000
445433318
973518097
253446074
475300332
25717625
800450915
204268918
361924138
131265231
641563027
620699038
665889722
673485064
885202047
669930232
428613504
441095144
988936352
284556787
54898762
32931222
366331075
647102370
265650530
500173546
795523
790183953
577105348
651969038
118745121
200516236
184509972
191262293
181134866
303381482
431018139
965318740
460196594
453854880
461666466
277048322
681955833
766242688
560059719
980789858
747299259
623473220
422682513
282678802
68519177
34666756
17516269
39670414
663093915
744909095
259712561
386330433
276818629
310594258
689320140
885060
607636656
418277894
792994706
222260415
918212248
681288836
929444711
508888222
515118254
182475853
321153911
225686855
210316653
253235057
654144933
521524572
189162698
154145147
155981372
638919545
262128179
245841971
845968037
49618047
289245318
424391805
271745128
795749209
657225132
431101028
82979128
300494063
866330494
915368987
678448470
826339196
626964176
226482200
471722921
773839876
899888288
850596705
591240698
832556308
942352640
823036806
46300634
88172033
527161207
480244992
445603423
241243084
703008765
390735534
18920523
893771796
610874280
406042602
47135791
176434764
659693494
246267329
685851703
414844178
715824406
97548872
123308218
314120551
133368867
68941174
614831074
956984151
382627733
81194557
762456811
655843013
330904811
218315079
934620978
104267764
737917820
637054672
751649514
503081078
978977808
117289843
23516725
907327083
849100925
521683160
72090415
708909703
991235166
886339642
511169399
791314140
664313195
532624338
538310171
244690237
352135225
651685327
924591698
281377207
273422286
834953934
868682400
470788180
365293260
266084896
725438655
429452243
64936941
327614630
671538910
491767428
77558429
645255289
30257020
111872429
566208738
321673104
963955279
755246452
499910893
732923228
619014230
316440985
715536331
509083525
514810787
817221044
944087860
717047265
637166941
904960328
902953343
831146172
534018988
114866223
213965904
704250349
420923568
529941967
449149146
150916861
870536796
637307456
492953398
401017561
519615469
240563327
281607464
728515841
893438351
809255698
246543596
843439866
847398476
882534305
183347715
498873141
745751953
516653339
668541541
513892902
833108228
315504241
441156305
733346682
741276586
324273864
256842285
739426385
293805486
474322689
832234858
45081351
905830285
16908342
737505368
273383414
14490108
795200811
895633833
117835832
66990744
563100167
863979258
509925181
555849497
727909136
340605263
134459845
278834433
725743501
120527785
415048870
219576142
553936429
51618367
941940177
868160391
76175830
603310929
24278521
48940148
671213650
925334869
297185496
776501287
351524202
812102503
309139119
592031934
257762227
804724621
387765360
241650696
663817843
101388893
192965024
12270552
493807650
795296048
907202338
375243289
963398910
484141666
427732340
625191579
514016950
110940771
191517965
261136236
339568162
90134491
702099249
987376865
703553453
582493685
173403392
800802184
888362906
77662001
183988867
445925686
933780449
28802314
321953452
799332210
147682886
394740558
410193083
42117267
190844907
118550752
145079174
690878424
543470186
892391161
351684122
457865209
971599057
860721957
555092954
527559620
893377423
597743201
640284466
722778198
660155011
866349007
759771151
159445424
644490882
114079255
514889583
714852178
153291095
698204685
11639286
627842813
804546006
259419995
621658156
67523244
607918133
651204134
550961461
58035971
341323186
309089288
789103302
327012860
126715098
364703170
906588891
476382793
910114626
578664221
725309983
433763601
602546560
996370643
577609377
692508757
572764010
423492637
682114129
801635050
12997883
584121616
624408620
762646971
397140030
467097750
652337581
258722439
907272644
569364385
130106306
990678659
845740480
31596470
118979970
779542984
14720113
85389350
979072099
648111843
556819120
662073385
487943773
777370131
582694885
237640112
613923629
465470849
110484279
723615625
950274754
626809800
861667639
955068631
487450496
6394442
262562967
345984751
829536579
969534349
862691311
131068295
470035381
944549678
544626732
688417851
941244606
231769365
827229199
348265552
891316217
15937589
346232496
29538181
208675928
938906682
653611215
192414201
425848966
222155235
352231175
868271963
700359245
233913833
509398139
73269800
895260702
34518198
910915795
279113340
140462957
498548099
670267516
136900448
762617500
403076502
940344365
351292978
570886796
404747840
644589859
444911738
354808820
473224370
178656366
399002166
361832066
457019218
801145801
232718681
974113273
792177446
753130186
932160425
691425369
200536447
693984494
898407701
816863173
410845361
922835072
322649066
503505149
635193303
510542174
704750993
95054189
236834218
123590387
417640206
339882085
82287519
390493872
840434058
430685336
996514138
260253824
636077222
955641664
651866417
614571275
97384961
721133081
879804084
134067350
935479205
821678074
731637331
737734537
425024043
255786453
825106217
246033877
448099953
869266004
530674861
562217036
84998650
104609150
308960819
876171881
635211549
227894218
521530884
762739981
661817452
560741332
715241057
590982113
792227833
347384312
23687887
993589165
730837288
965769554
266028288
160606330
258393704
840712223
816427067
634300507
646278721
819273307
72385522
693833503
186989579
537706724
623175323
707979018
39886428
650825884
694801703
988941557
117713126
469900831
219698417
483867051
929215311
696059316
29432485
294808871
331630916
47826034
239413601
735442335
481938077
286965095
604107388
580028000
789502031
257202415
191276474
678946509
764218936
598933238
147200540
149703469
957840201
562445557
38228476
185818316
651310233
341948122
260415458
995065768
234674509
876516008
808142498
642677106
511666824
632242177
311410964
299515093
946189971
551581884
872779758
856382162
92261068
696525123
54427025
886696667
604072565
767824159
744637517
291569202
380141936
858226844
151660828
850496673
170013170
670998813
746475547
595645009
76479300
592729615
699500637
274622870
119040183
38592037
385817817
535355323
348107303
765229186
303816740
156338176
550785794
650664118
1205472
193423485
862765516
219252303
991843714
34399559
699734481
260097541
336446459
570350587
343800811
505870567
330103622
114873423
157088692
876990805
970393411
51861299
524426593
692611530
187389991
148884738
752506685
56282065
198448690
537279289
901568021
83890555
69739852
671589657
655697755
422289499
47683245
863127876
693375283
705964953
44979763
928080931
86871068
396649723
293502726
684488104
447332626
472609186
626664780
663696409
471162806
920731029
813758044
28666325
707280606
510287225
642435323
330579978
259037062
841203343
923425604
261000298
79271271
310187333
367951806
429398470
66255094
582684569
492646474
578415753
111499963
958586783
426909416
496472345
262995151
304577246
30147619
836393947
67603210
139633236
475202244
608606596
150774701
873893993
6151572
870351342
13810632
450416026
492040619
826781445
360679027
919003501
499282878
766410331
681816477
424533507
416080431
41055088
842073028
503478621
803941185
402143992
323157783
376953260
11731480
943036964
672851271
38955706
448052085
734884265
904348846
341198209
718761627
11943579
563202540
980472523
191239585
817824963
675274990
514034400
289754486
46358166
214033132
450476516
558139172
767209044
591474187
553522545
973888994
953090129
188744031
641142021
102814339
373793817
175556653
405878784
188217362
766798615
469882841
673613037
718257450
283725346
222769069
419686782
336783430
316134578
768376837
900414009
258003886
886941875
780932048
598031407
840044041
983754253
828025619
465995658
537479424
405038373
51171668
886873632
145550772
883880459
691063008
516956898
828798955
48715365
926047502
655387570
484015807
557993846
484932531
870180457
826155236
638136656
50669663
774630949
286854920
990358408
530343638
353289475
767609692
867150362
410235727
260120903
293524556
774858463
304793918
187307695
334228977
772417535
424908047
655426568
334977790
317553704
739566169
672788933
76850977
913383276
492385690
136349487
136963408
130023313
383994882
630922915
653870601
816149148
876101176
243123118
149236186
31262280
803997229
585413301
925831003
493908698
541021158
666173224
806845478
384674928
921471368
870565647
530915673
91801483
597534629
311721019
752064477
920682414
599887899
192254469
456113420
891850762
279148738
127049075
946234489
336361669
279442764
224695086
73082834
877771741
772290537
628764655
769659812
43071280
602761514
980769766
46522066
113567119
73935040
925776528
378586692
502292403
370944457
902337438
86246984
578558890
93442329
834725449
492926083
673029330
303206502
33192647
991306519
233299498
165410556
788913320
581041427
383451136
847375492
31276801
868774587
150221424
393565154
995041470
653827800
363387042
102273132
698450894
924255160
945926278
250749276
759865034
108688210
28874679
632366349
910248502
232149851
454531661
104275124
810382521
991620026
305785438
988784552
688815902
309615169
654856662
782907177
385323906
275694075
211964586
509727992
278871673
247924165
806402725
104975207
266202503
665965973
479376744
955310118
582595747
784259517
791989110
590231612
428218892
503982429
98954216
956518460
332850554
250211367
846788423
335905733
291210437
640288290
283016157
573321216
173991834
5929391
488530970
538817519
631728693
644134898
416068207
296608447
395329776
765571087
345253495
998136773
55291092
870737507
89802021
591146320
976826776
191436347
512287762
938767385
229482630
258016016
690601465
745466009
11786291
421899322
87074700
484367903
685928311
798449797
771177711
519812446
270308752
529510971
848979742
536149226
739242586
265884338
882700184
817005063
395946660
675456136
870042125
925390830
862507492
542135899
727003164
600991706
290750110
322212372
727978245
107766193
59916987
34162649
573031186
204891218
870839110
183194798
363708966
332622185
145080838
579764947
7703591
510846327
465756697
104848763
375852726
189959214
547879764
777618102
29430559
821247851
765558073
194846200
149343081
188103746
191466864
399586735
418142415
142496179
287122344
644776463
144536318
982009378
664753715
981091974
466627860
850102168
846167137
6399007
698259292
359262214
896152047
688051685
418315657
153109466
352298661
749420456
664743868
429062255
363180315
841411105
983970720
762408182
258200740
584016518
542702925
445443830
825034424
37368413
888782575
962193584
727945081
670003736
944622171
754935324
167308573
543201208
461237265
275209494
272528545
740073022
232800396
590621252
707650333
412128746
258188786
639972529
648938492
694294397
278837916
470180584
623366617
704163560
458533031
843549896
482534238
564516060
223385840
816189615
531632223
196214578
485353005
824973642
266559862
474551308
149692112
833641343
561699494
297753392
613619721
902421186
281948486
939652805
839880726
600866369
374334231
720114749
622716407
329878075
839091227
516544698
988408628
435609463
225756377
865542643
847428243
595848618
18025123
683788172
465387627
671091018
4988915
888513036
339421070
678346009
576193792
587790809
142018329
649386966
355704292
988694015
324092602
937083558
890951186
123240278
480809519
865809567
850291661
903599502
604658446
468927415
291805179
811533959
123729519
978176611
871220904
313770341
610822792
230152282
74114841
245200233
556329204
503188449
63529168
376730240
200388898
52495110
400266450
797676542
905533098
745503773
867197910
999803132
635736413
152613549
221574158
324542349
811046281
843570657
135682895
866510269
253795656
256315186
218839209
586666019
669566682
522814939
110264032
698474108
497985971
718262254
568889846
795818014
373972229
424616138
920378394
425990607
626841330
32342111
499562538
258345101
334571827
121035345
663854613
168737424
996036563
785665614
615451958
520474231
172970045
560020001
483538875
413658544
690682764
530425815
741331347
48110396
295013274
165231019
436653613
46450373
115005866
648050232
538751075
76913345
927230906
292800185
858977218
139970361
998902893
306211846
133628859
659763442
114512489
835875110
123828492
452057324
763980479
91646386
736660483
226371887
903867217
437242667
721311540
904021169
120576721
312518110
571286747
163950125
635275004
773278104
978761267
724357198
897217424
907726265
820298114
183897265
193273480
446293072
240423789
342754799
406874500
162390925
918263065
464287368
218495846
201361689
816479118
608157376
840254010
982381986
58281319
882357504
746484397
600420595
48016156
416055083
11666657
529530313
116169762
16914332
794201644
846190409
128749720
670736439
403594012
64701246
776238998
907808594
45651450
770439221
115739034
624463108
253069445
577235158
455052773
998293944
251846228
904448348
156164538
582562097
27765938
886720383
243797276
81590671
1780922
831892608
418132925
690390122
508597336
119847485
675444803
218580761
568739135
433222620
680585449
247296149
920365298
174442208
25813270
95584472
334393508
253739097
516423783
914694246
523166258
922415626
652349268
334312981
888775570
353639214
546273745
421334091
669921299
757649743
905134754
38212274
935287692
431927876
6639001
743192101
320602330
445877000
71899495
29935090
867635007
779537040
872318158
443409197
368141797
108693882
639706061
219805510
69229982
249181501
656270613
937230779
989087486
827492548
360956391
200849449
755947084
32868021
683007226
252358196
25162454
347065808
129769953
421517976
549948013
91804130
951322123
145906763
93357782
940944322
488451629
764136560
454568543
276949755
13948596
483976588
604069200
41699646
154354710
351117354
220975236
864811839
259554531
495757561
945359554
814806616
458854792
117532765
764434234
630534302
190190750
787669473
907113131
176913321
769531755
746083619
580554041
318011836
699567018
658478433
561447304
905156890
532006795
184680759
701079970
485241952
818565207
966357080
368958591
111107993
388652032
770778742
457572606
248024527
655850968
372545594
772448740
354640506
910860177
504470311
978944674
483012339
203123962
916786764
480131369
500034655
752619956
688820012
95835077
248460853
88855757
174736023
452404552
317557249
668159641
202359351
464659032
414835190
778203189
962346513
834355913
559654179
898256850
878866852
922804196
965455538
203292720
555149957
109780964
5198523
62251325
252887360
715726832
522946987
634898021
60632581
769910588
181027911
77383873
1611326
644378717
508103038
674702252
274628908
394649716
530631504
327330446
183513041
855881199
435543795
543471251
755046
534033794
72730524
386086138
184371095
902071246
5998434
824066088
347661928
301111580
504405356
923178437
564490456
111724318
213861564
593316920
756806148
514118234
17196752
170374993
380434411
819621895
226581696
860830656
621993861
539796454
923451722
302717944
700982979
109114293
431099741
405945342
270560269
320471050
636276731
206351441
865283449
128414516
180999220
937312831
330604261
950664709
9803059
785555697
322413716
390223520
14145396
307556270
631419258
839846122
578791001
547021370
324537325
708481857
536844376
72531210
926987496
834034287
833187863
623287105
235781606
502460988
545360786
193327076
819731860
161118987
8797414
233691412
430260894
70001469
945416620
197657801
308293886
39676840
816080254
632177161
793749131
573760263
687139550
669057442
22407274
292160529
205409254
351353364
477917959
668062694
887752639
961396694
824770046
520126377
92219959
741925261
475896598
277632993
671135004
882237200
434313593
566729281
514381100
295197483
147648376
104543196
128264382
597373030
159055043
872540500
700611713
292898147
65323494
667860168
805249876
407883868
216673519
983961408
974744523
261701028
861514515
386963079
687041232
61746168
164141176
734842179
448609964
498453428
437224409
424129156
755861714
776608135
626106279
185624516
594213514
121423966
793548137
475187380
890107289
831665054
764368996
404083674
117079836
143785478
816395231
8142065
210463999
577898550
86758255
728193291
668171014
516517914
757974285
968475856
70344583
958708016
218759104
987503864
47553554
359697846
638524010
488817277
633576249
548034252
27214468
510242121
412895977
835571969
78928036
671636543
566560850
423585804
729845909
144803625
321968673
423919099
259818767
877747306
190355396
633556667
181092265
358575334
988476634
856236089
426164403
681770537
339829967
293654849
361171055
620920952
462252326
259403818
213511103
890582337
396471631
403345482
520584812
773624108
343045723
884951876
865269335
576984204
633645509
626722669
678771296
937138959
745545700
602362334
880901248
559279185
269376655
44859547
62954649
958293564
457635080
383844750
11841785
779082152
623015112
709072409
130879802
420648244
786339737
226247381
175401641
948006885
426513443
522380655
596112246
984541563
947682145
12873941
795357215
506390871
491182081
58407238
432625586
502737306
954562241
483402111
422653989
448264052
411409755
647265220
435089944
352904031
541796912
641718985
508851647
828637711
181255231
834077698
677053890
202910193
727606857
461092592
25564248
750814492
489118029
908290841
46072383
839684076
829410298
27720997
923083263
238962497
306262953
611829591
653689246
720899989
672779853
260890598
621495507
176957966
181240423
68377867
1244409
757772398
28076458
720938288
404951445
955966385
604178818
504364280
337582450
603470483
498091275
24673168
863838968
366828683
650544672
664487890
948288266
23758573
746384376
246138300
131463375
48733211
634005805
617524923
335684645
213411965
52463459
13288496
544677133
664409321
547339770
693066909
746061367
722313292
285740081
970655695
679658114
124874716
45012600
865941699
707947593
525420719
822556955
823585246
763492324
524741044
562901133
496225518
740507272
451466798
375470956
177217349
947650326
372630390
979266156
106536039
536787455
986416858
607161841
963307498
258212618
655241965
710382201
11392874
899298313
566468607
204434099
492653916
830367815
887546567
367209708
969988734
839824973
583201213
35941236
517131628
436593229
123277442
801059954
894627520
638708556
210883932
866470332
988887786
880318936
315274055
911788411
989305969
838614717
656983163
640958456
724049217
623511766
98508139
863606928
312182457
496880741
210538682
70757753
681104225
948189093
844139242
929988888
218646916
390917457
447478687
434242900
516118683
455340125
137217859
87466874
861495081
383966342
573474417
12646854
982746165
156595165
649579116
451448378
245561881
563490300
519574140
734053567
532315947
789641951
260936030
57230946
295900269
378818439
288086174
759835287
266119036
621075667
765275420
797083263
119917231
968827217
449971370
74544880
543980690
65303322
433480736
738466272
286856472
89395948
87477655
948985441
17277467
319077529
266189427
340563641
586766562
294653630
394257429
968619984
594525643
864772834
233368355
119062246
481601334
872098770
366293976
179200983
996464349
783002903
146424177
344033961
944967768
321788225
951343432
335885148
464413621
722726611
91517820
617061430
833132043
921218093
398713467
835817056
893927260
201900727
271686154
569384740
969179614
779439492
824689499
422591725
707668338
187337811
155861789
401757916
515062414
221592666
327905631
612723467
590714325
981532431
813755571
361163327
129205404
944424212
812829459
274922662
625957652
771301485
438003883
791189078
102490375
456232766
434566355
536085121
967210257
865793699
280295678
530484577
347998936
243481311
862578091
393271725
214091284
234609881
670007676
275589496
382391035
610731184
360915523
359290718
371264321
94508607
559430758
191243009
821991337
74690699
565755117
927103060
397116470
840972444
796443368
243847840
415292918
561654388
968422703
891020135
820779401
500402610
291716296
29492815
712033324
643754272
659565832
428746772
989335729
998699274
768433339
783307986
16031535
429804880
648763051
353297224
51738747
736218920
986310565
684259420
144684495
833733603
216430596
354325368
100682401
841056630
153219451
242106779
743895687
714621527
557748923
511445131
497089225
833644699
620110679
546000213
959884752
64511460
133257561
183005460
772071063
647371453
121104308
863319425
422886383
593049196
594604099
532360062
764716874
619268067
616959085
581403285
968124331
395148146
756990451
906831225
962407614
224107431
138074928
532770060
93736885
577357273
700855698
809701618
28062095
781684948
722322223
658702586
610661768
924787561
981118326
736924328
113303060
716004484
822802498
314289495
335764954
560526791
517610810
557903787
371317626
883047580
206450787
552656430
208268948
696612410
609228440
388953621
210244420
473644254
372850468
348461346
362083571
746657501
291403765
240960173
150554285
440607385
35509948
320535552
161621326
810275052
480846821
56443349
941269838
258019591
431424183
932434903
459919825
438348949
424684692
160301315
165563743
468241923
312383749
551373909
514709951
414010701
378946431
857262237
387170955
786338934
517608785
71854720
185241790
895231279
180755134
991736468
973719953
740294544
980971476
775217827
400849533
325151666
419433033
403976375
483074640
747845153
342557931
641843973
916726856
462882461
240878420
753068558
762408404
788170383
572515523
438261569
332684516
73345070
680031944
355485975
109489058
402098094
738797110
561962258
122030680
234502371
98070767
75637019
833093522
232310804
928518251
283338350
109052930
528653839
368493966
546204993
243175025
648667935
99336214
320971336
142423595
492604955
845436692
193221394
920853893
742323369
328628681
739877855
963780156
133623753
599561588
936293916
827929435
257718064
466774317
284444214
828939308
330267014
313586551
84084891
924658676
584826605
102135369
901335044
205589856
371827801
638425801
291996602
674981214
828904477
4375000
371790130
450905101
334875369
535005077
883934224
81206618
987632891
668679306
625955304
377124406
785816440
435287800
285567381
715926911
269596355
778343008
338768087
126597260
889884609
735676390
388459346
675578034
342104778
534906474
609732939
83010664
336240829
277075332
531791571
58862950
749674466
620112542
191055490
205341415
441688816
92934830
543505576
735695752
949801752
94095993
664754475
371438421
452408280
277491575
889920098
750025178
174617796
724562759
210552332
123017644
756756095
686602543
120843606
594078189
699958740
302937622
278605947
834117168
48759137
422480252
124314269
714852955
611788545
253455816
274379949
230655274
788317355
363143727
40765193
851480062
583800294
278144177
508235323
355106284
574255602
743109957
734177421
662103842
445809995
454782698
857934983
717945198
720988004
855597158
526101110
717935897
259703323
353959617
402378360
720083728
280549707
781600316
327920844
970076442
331418356
259500133
9030987
204148634
971354881
12480465
138035928
373179247
219841398
282100232
344652954
370579066
964140790
490991746
780701103
170986770
594747441
915492405
488938555
421251835
512759029
226179495
25311507
827144947
727224202
114721120
292971544
327043904
837048591
859596993
665895737
266869991
192556253
282740782
683762216
696659204
279225602
595966074
157985301
263659327
910849697
540328697
855608539
599513382
28041308
475893113
21962471
879323902
922352720
677929430
985047568
441954534
278180328
715540099
377153196
748111560
664073502
768494837
197585525
329156883
486191146
542194465
485776100
36843224
761076205
991805947
738730943
689573940
920087633
540409488
190088050
697508057
468059623
287039297
484322054
821826939
967188793
821124761
351318401
34570575
255015916
416087620
132942699
554977815
419218527
886544853
707779087
996897578
129518763
115214801
501050142
743419985
379296821
215599274
919471973
664866976
279544443
535724027
891422200
264013120
880762402
318324995
41782789
353973999
331236817
921110817
995473178
396052529
283758955
845104557
328946308
905210792
613746675
866055337
706297028
548348521
78100026
117510087
914508946
956724940
573168388
626371199
146864526
640861152
663124100
81821618
511796710
814810293
539805678
703597126
365902708
124414448
191190253
280422930
988602622
632716084
222540566
573858080
491686098
634434924
997057944
699420519
918309428
218712294
995183262
987840848
751890035
616660818
293471596
414966483
573597591
685247391
841725003
393928823
856788083
666120435
304314960
998119669
738470041
544276321
913593495
322789358
394953066
960357388
143939368
829299
80250659
675503433
450522700
713257482
811208302
253841980
389402996
606826405
65469373
789941859
246926993
548318384
107576353
616054862
233640197
336585904
623821395
731728252
883773886
525965719
800983090
190823442
299074025
328139227
405516404
139988145
398761624
913863017
399593937
814032142
546291829
245628798
709745522
479123788
191569112
161667805
161081268
368288123
84162148
190441254
658035914
757440700
179514912
310274755
370520719
874238891
680519639
884407613
553971903
901652191
420232923
392943545
521342587
519360075
917556029
603853251
648524430
434763319
224318200
507395909
172525127
979455058
95855795
22743091
959739602
617965377
797622792
643159615
646868774
841529009
958047891
923651370
616821225
122974440
733526562
165003498
738447448
811803400
438625708
214800488
226680011
946055081
268885083
994750453
357627918
402761322
945707608
77789785
858497838
669683672
879826688
330743186
263570003
259257900
198169374
341426703
534618160
130621831
292960138
950227186
85611219
607278812
363519437
875811576
310468823
781595404
359576832
645755784
249129540
326110663
959958260
111044891
479353697
988804593
903781356
311196428
841846658
540766733
514118735
237822131
903270501
605354930
619553588
230982862
308457190
301072717
485295886
117833590
462238464
655876117
335033451
986155474
828173948
725048519
99494791
327743196
126720111
876574512
846092151
849073449
935595749
628944311
439789084
865785792
659456310
551680280
421913498
425671366
128133169
64253721
423333364
33168879
978914912
676999228
241288670
668380387
432236924
284126902
877831488
611513291
627050526
338962587
784967626
126954624
586512752
900970375
859899850
625999806
278024405
83605105
69908120
241805666
102494385
889002922
762252467
104815346
104271376
314059731
622215074
489964921
735663911
595730378
372053189
660471072
262752987
318826142
119045659
350030587
114502942
910793724
573211686
271951572
446663383
420770131
63845199
942842775
738845545
800336682
700086953
315323676
706969081
575258561
105183074
564920794
44874704
903748608
690333408
650322758
798076160
970623041
182164801
447695331
713680234
378596579
366224916
630567509
356612351
833516925
777407837
131844150
740237556
195960727
848878614
263667438
30118802
909490651
906089364
964337066
352188136
344136307
830316883
95403666
495274338
856195231
542940824
373041794
180794149
593422320
198932987
981259010
150139600
467267679
513842626
489796183
946268803
214355235
981055250
436018288
215343566
531224427
543713176
908110603
170568121
46799465
508075343
618856959
783562338
449397588
841849250
791662514
591724020
786494011
630668643
38327178
939498614
444608816
838806303
963710889
690749162
742899123
257235718
680296328
663162069
636190648
336059606
391624219
590815052
453605018
244570221
574600924
975553972
556546412
409017143
189183447
378124416
492070928
447822537
601353938
606388467
599524694
930737635
23897359
940230825
682712241
178659595
388227672
24589692
992728557
445315800
727210866
256092572
316070711
509194384
783288129
156326873
86658758
670800952
422308470
247785426
558673593
353625443
151109234
358779251
327191359
746484715
646811228
877265809
581904485
667738940
438888219
83754764
229544123
959632702
74714016
183974711
866434943
393832224
336273104
626846457
114838382
500819917
388771521
844007764
933676290
849084906
757748381
733204911
308057258
943780943
936003748
142327662
364758699
608880995
596203393
870117817
169804252
572340815
590606929
250178110
874698463
710358850
28521399
408858308
927619998
731074508
659028955
411003308
304181554
152700134
233742128
849156721
870095825
185187085
430118637
298791121
89794304
860186911
476725095
356762433
246063226
482354647
909266946
114303972
482673778
928557803
662883809
600255351
979110243
122120681
111841023
777735276
23540155
182897175
574355525
744991632
242554503
666502769
174399295
203565205
614229090
615004999
62347938
265470069
944076748
125113301
665113932
409541426
230427972
734722514
856190604
160734170
868084475
206682773
869227069
94664164
298195563
158388298
572429285
692575653
138949836
293908025
283928933
879739559
125614142
161741788
631225068
693402635
276106707
50462622
690569735
4626596
240235181
791256070
61314756
599239675
250382207
243530179
491577691
147924228
434084598
365542951
749921799
579743145
52337789
924894584
74548968
455411922
882504181
348152750
120641766
125536185
344741956
777801576
249550644
898474871
395653586
791632742
9995014
864453084
870206044
720402598
342548280
379198114
820233683
277738815
658750026
2641288
619148215
458076977
935764334
231930878
574992944
970386587
551681064
27548346
764847095
159765493
994633845
119245597
15190130
265246639
323114936
110027187
641878677
880221449
843329246
333479921
765608697
838897825
90168523
123318184
510950453
946353794
92691670
749101096
705021008
557858774
719704941
426734324
107827117
171187358
649195690
162378118
825190713
483682295
995442384
504285863
236679804
276658797
286713221
999708804
975945143
122541070
215478666
702152395
501604473
857702058
181272106
190846030
97222280
959485818
781770334
240096347
22248856
999115696
994258663
634938343
2920326
23317772
596673980
512639286
394477195
972969153
286767664
296507547
231721621
664575399
687436412
109484702
518224371
691111422
125782638
657462792
424971647
103680886
393179330
953465317
983318872
428792695
238601642
630518701
423934357
220047223
731406564
764649767
691335293
114233684
200261929
230605262
710201208
242531072
565538349
820340314
350378416
610457357
837727030
190813471
869530823
11412997
23942909
866291925
644126524
761050254
241188268
669958795
597187290
633034690
530105575
505797955
409005155
891550465
486856562
6723661
326175143
663324802
21390924
19512213
959785984
214535582
32393312
246961729
974293309
767565973
332046851
721243192
502030928
350105573
857663507
760245487
758968178
129169137
654533988
16656888
240909045
272251743
672260066
391638318
581818123
970045926
670315950
53558548
463148565
984336563
459709594
198427301
378732914
864380378
46489385
457935601
54160623
690907192
216192796
504660601
305411488
566102409
819442924
22005006
360807280
103547122
277598156
470266805
167647384
550561861
452980214
407673185
351127212
882463418
87935386
105040643
237532317
85588698
559408732
975985229
157844130
937332486
319063670
393265149
656322838
971332694
252429311
57249605
994347096
15300166
87179902
790364542
873543156
733237697
317042667
651921428
241375271
905074905
264044588
819023461
590452216
937331133
471628566
258815849
820420772
948263346
73868425
706125735
14725288
226513472
490423576
575545018
249807980
852927585
180217685
867748087
244609248
706776859
559790148
66639205
187156903
903031107
684722583
739270749
88928055
446523123
279364157
494947195
511430058
107953245
14836116
769026135
941758611
240678960
846170867
176884971
134391953
51814689
318160208
951104248
158067448
141871548
716161146
421141545
701584787
803077635
892149694
119620028
730559953
15403693
125254854
534622585
584104081
823706703
295001249
973540236
913489841
415258955
560580731
292936530
571387441
745758035
692327539
325678273
872776207
998940147
344326475
28287754
661088589
220009982
989734129
744475508
703402247
86515213
934036299
621168411
286496605
752822237
123185891
696166616
208143508
296317176
767570709
886870451
118616674
856858730
677733734
546496682
880550591
635003193
494328512
338344474
938204769
740805535
529926655
501374267
933842044
343011238
898138225
90309309
539105450
280816674
485992234
256388332
632444007
691925410
986320006
689912183
554465562
609897257
195981540
230233132
494965102
899225425
837893592
506335786
133747768
731203965
314283364
535306851
166830891
10213246
921305808
355016556
657998925
44882445
461314407
130838729
681703069
505350080
358281601
803021144
862477317
978542531
406555152
146501980
622220437
368291481
892716576
683590226
590786107
23791824
819998471
113135242
414561523
314660344
383801799
595678061
251607543
935847139
797983081
694422831
381115038
106293545
108913596
704852824
778229599
21635055
992170460
752728694
152958482
460159482
452194785
715167914
301029927
130076073
57426891
659914461
766494370
145410195
545155629
295192409
866786923
218743452
78610969
358910374
970332226
413249801
923584525
206764568
523633626
182084914
828211213
772269990
670319515
386328836
770249820
411447679
279696499
945908918
416222431
538769409
184186389
996341029
132520566
380628889
975211996
229481352
792329524
714159683
50796150
25930117
668141322
797492757
437745875
949870350
70663340
959415593
119471920
274945104
244837312
84102916
178729973
556675660
835844416
119752226
590851478
247417773
750836368
638498715
767143668
89729545
855002458
65762716
941045233
658302401
879379545
452197840
174853619
944391571
932788959
539899998
521441766
289431456
985613317
511451067
299166741
77760438
324716405
646954126
693474044
659200436
301326915
798312960
331516889
937656996
640922404
358267849
850315461
990364780
181851891
926400762
905544201
654217909
55600643
849985513
543064519
400808838
843080443
663251128
390290138
976614708
706359541
278478153
197730103
745520602
163742797
567382783
328605075
922423607
240707580
649932859
832949240
712753685
104730019
39745871
809659484
235271862
232566551
57041643
512895689
772417918
591933883
98268724
448381212
300263069
727336460
338498447
867733192
18195520
501007135
469174354
302749551
3378287
290402472
382976652
557177403
86415698
388293748
837831090
576095292
870726816
353993078
623755115
252043821
726936406
585979893
222276563
442189989
261541721
252113070
53232643
121272467
408152495
958898394
441728504
685281773
610253066
260668607
966238780
98955572
270344746
17477727
759301961
930628751
817145654
533329513
926853115
516449990
564030508
403466622
990042488
756472150
712523183
863777445
396530662
996654506
746420448
126652152
508449684
874107851
96591535
487997655
797325338
34674981
136122243
832763431
617839898
426474471
784893627
970475785
565717701
120039914
514051439
857898550
451484765
190283179
978089580
994010618
445612863
728153533
271459371
732393536
344708797
625172685
619695609
932275825
476148207
539707788
173847065
918725227
900827541
983055139
473202298
603309580
146219372
494776058
406784093
531964448
359768667
236986941
766367215
168887562
534552294
378697475
257386744
753413585
417420221
726159942
22607909
766083086
769192408
406181061
869319665
767500325
348369998
96346967
418158764
70943894
492802861
506965109
348844083
540241097
661733125
202875652
835534153
936681674
435041569
532583337
272869897
783223095
552392717
264679049
858209402
1782322
401840377
746315350
532601485
263300964
912663942
505434468
413730010
50512272
683403092
835586887
326498071
389149988
640743207
979009434
764339707
759509413
212692196
961389170
60814175
494673391
200435538
685426572
939205602
842435866
104753008
936729291
633586034
975963507
477174843
149119764
838236585
751466543
386623718
986221372
347905100
641801421
165212577
490458694
578839339
711076787
635793221
656678738
556479790
154311189
546908100
70618057
500541572
933137870
673877439
240762358
211923875
278001058
834053081
853831064
417178576
494464335
354894900
602518028
61378637
626897358
187993532
42988321
345595817
789842918
658161083
392642108
22405832
681138180
382133395
171461673
63013345
783973636
605260536
979709297
179916660
189949972
686235972
401544770
56972111
629713451
381214033
791988400
290050832
723783500
656872981
489707498
512170901
965194843
605658592
431839000
163388973
222657317
978562548
386443916
81180435
433110194
722603319
438373382
281615733
44830952
719448823
955247805
651864229
954284025
829995558
451138506
540663515
519702446
728436210
176516376
198410813
176445526
343541724
58531220
813148572
813480329
876909086
249460632
203425068
436608602
406488865
234741174
463475292
149768767
505182453
770108388
615473636
371854274
411964510
406012898
231282207
993530432
909783216
647951898
431756256
282592266
943569595
202862967
356763582
292792880
404721148
847822525
816529604
702689874
324282080
827377960
89241887
763464630
589166813
650036301
94550799
615045867
489122726
509063520
617327778
131032250
941799593
403292207
573035116
212910998
424596746
314662523
547038900
91265964
897598133
600622680
898661943
452949369
203742591
189506576
212645794
852649644
847718003
38296884
738302573
611177996
821841477
368562134
243584377
155619606
943445371
659181421
820224261
33834782
724072902
218991431
1484610
204095001
39423208
570600417
638278628
591564112
334133507
924680733
124566266
839108224
788801700
655081851
839232542
475289286
938691251
326363875
914127506
6045246
874075045
930080791
468074008
447238389
199303072
364535525
903035415
561716750
549453810
838064221
356649374
136537124
806740437
998743204
194892069
403392958
314027854
422096673
62918585
622246426
506602356
915639513
374813924
844171866
890204475
58800862
836126840
411762018
89245500
739825003
180756281
891357755
266336648
253411483
245530087
331976134
874448690
421296962
260913468
167368441
796548768
790757196
709571907
445295490
783626045
437796327
76727010
65106146
957771409
835534285
817609177
732810731
628590205
978338469
379195208
450352889
355450146
550577066
120196491
197087432
632416577
513077501
919837629
640005125
537975257
879190290
24733257
789915807
105537633
793578967
358744870
655508153
781789067
289805557
291223490
393027655
473845347
363783602
629764936
891752534
484521734
91149192
501778433
378615371
473186069
533931049
750809068
525965620
477217760
128836602
451863475
388128473
263937231
547867367
147573307
356183735
50969626
299130474
139862201
915575925
40096376
520119219
23675998
948192690
669635247
565792895
429025085
889541447
676004811
965554249
965811941
622322521
864472753
130057998
184563044
269739354
842898227
842788495
387103610
533456722
737084268
208164205
795301017
446824751
454565382
953877147
788717958
242529896
273795863
222794619
374193577
74481904
423849502
873211046
332181964
257960899
654823903
418138930
260469406
617575391
902677048
12388982
791017977
210757466
928259576
12997293
925794699
596266929
126461288
748669599
90912024
617980257
439127046
473468503
687445861
306928843
102814343
467149630
872474159
780416911
346938510
763298820
993296732
214034529
545652203
646141398
114551367
691971351
795010357
924429711
895039160
369370878
157197340
756566331
743201997
603875369
772647715
186243221
849929689
190804507
830323509
294972943
29956930
999979694
660101369
563415258
528364972
435257004
991730382
789475207
47271471
983779328
276633269
241542050
880944931
392316384
882346787
355255456
644977963
649504157
824814801
246295613
678799237
761495207
284894489
578605470
942199892
668879355
66455330
794845127
837249856
640996944
504982725
573830886
918319688
32527898
749274429
570618640
858641822
652210829
883131317
829664201
788096773
230143127
83232363
719364835
717542828
802961529
263344105
417293621
681416757
430364484
51862208
838193049
790138274
237588296
458135749
676671610
464611386
688521766
747088871
216968057
883801854
893478120
894702614
649299199
661052411
825455693
543944989
302166253
446136711
696236138
215536640
55141091
901987306
353338216
700098613
743685358
488782252
587049963
123813437
166130623
215886500
966637851
469750233
251084220
679837097
890249665
396986049
719319471
768249943
514182128
469486697
95717696
137021037
215009952
235137605
645262768
50468035
305063955
357824035
21877398
413659159
571129621
947824708
532806355
865075803
382169133
723392358
672614243
640033219
291064320
694053285
341667993
438130140
419227234
921971132
363334294
366060848
366149973
475912897
684635804
221593169
308148692
29296094
269639437
924444531
686385213
261705949
298501757
123592470
10115255
39395538
474161552
937206672
469369114
744491033
977879993
844788796
961788074
589645337
437628564
146016611
364974127
447009939
669261695
337062122
21729669
76400729
725571984
980950937
219702588
609420836
528990081
498687179
92796176
477692980
486906260
130691932
205324535
45724730
730467057
955035778
384730282
340376913
536078323
88913991
781571207
240628128
971527586
164157385
85881080
335896212
864260152
105653624
535858506
162891374
426665207
35949749
891810792
253517870
961177140
477405725
178919849
356942993
114981493
114141244
189359144
315774960
302170258
602252445
50377445
396972938
596437211
697878860
597655836
507450122
194246131
987670846
545369622
164942582
444938777
29038192
51864461
278609066
188426137
316706010
565936221
762130970
546978043
938227097
15083378
35794306
129414357
720241071
931609463
240570280
270208646
317780276
677282428
267942789
534502050
643999367
895545745
852214450
12217153
913660715
472386796
583029452
236544496
129177928
550799703
996091780
321239287
610018422
67351570
332824023
725681197
104346922
611150966
249521625
228713718
466770919
932716784
149844538
461961815
429614787
300142094
371489134
633798205
114915596
883824711
854779157
593173140
604631364
48014495
249370861
865321872
308420548
942048584
957562428
62918782
200949992
51421587
344722207
433557055
370322219
827077179
403483069
472647350
47600869
992355255
465747227
878984603
960141239
747634403
929729988
75887384
725896183
640228707
21977851
378732200
994109254
515983219
64197653
315818036
199904121
422917712
30983207
75090132
112575492
846297383
155103211
838939928
320720101
394392704
536500414
123465276
968546096
810241193
198678491
293807858
229265858
621332299
863063097
721655738
241346309
799439811
745685136
222403761
782721242
465343226
890689944
428369870
983733438
254379608
120414830
596440682
415069234
916654926
831859807
734528469
403110287
406387587
4020060
185660731
616856929
150358193
651103191
832632516
792830115
834426434
417108176
511481507
693244137
192420592
67543055
738806351
36807989
827490037
222327408
40363751
660170884
948662279
574060017
287939273
787174894
595769183
385012640
287749162
286120048
799295304
34745530
183531217
879188304
823543983
719883034
571103559
717439998
864020406
57342161
962218534
151687438
838569306
511698575
567822079
518323620
972489006
483011508
925540454
784215169
486390667
786264601
721562701
179923191
873602695
291969462
811091484
114220894
940518234
99333219
273406643
566872683
188312408
639954838
172549758
319016732
533263306
636402133
911812604
856472634
569144418
453681326
273727024
77554201
517535657
303855054
755531594
65378240
390488146
79912237
220659651
151255116
987409848
815228646
75615306
344353862
537193496
408032185
248875275
513667898
487100542
128269703
417694809
714178638
798536343
656350642
716655558
381288540
48228407
702877342
224807502
179761333
158841101
611305330
11167266
261876590
710465159
478904634
363985113
367609363
681222832
399322400
297794105
562706940
595221480
457735646
569726701
321756239
277883532
697485617
342454712
461910487
454994954
313217354
999478776
675518692
197375434
57669900
460825904
577868040
895717027
468007080
57131604
485531387
361413075
609086708
99416490
980536164
382203657
932241295
392478479
111293419
344184126
266827970
682655981
578139168
376988077
400625889
908268369
684012755
537049866
380935562
761469744
365089695
118074773
867108475
141561808
229919
132283556
334757146
404298846
482122767
131429733
197239318
802022042
24466436
904542322
438189023
722475110
788386078
107879651
533103701
565768204
872566153
123544776
196275085
219751962
73113170
757934548
279609554
867341915
296898433
227615798
710896660
457297183
879991080
556457865
631614671
317507054
61728310
435043137
805733945
343815547
428333536
972591873
46971960
945699568
729666797
490466375
348347823
358801456
511033963
930131266
995436388
211285035
544446699
138692939
350067860
988714553
90036409
630003566
82550642
761787861
83662353
173800805
417971630
196070366
442167434
339152098
544312223
674069327
102389188
584714424
643731238
584840121
323683305
702268056
229578851
86852702
415841209
611592716
688261616
737992347
735017551
810717502
519167946
767299505
382995367
987558229
356561453
527045391
565974899
662415242
302337353
341953487
271509603
269076002
347926908
16209078
135597758
731887790
40110629
940923401
219884799
177665322
742264909
157957347
979307393
143948438
916227504
79672888
327184520
848773843
772101980
372577031
755455503
102271167
597058581
525714493
917151739
887063894
251013717
511494042
627619943
638106434
97182293
675988338
697451884
710524400
637178333
524474239
786121879
826906140
353612448
563996822
925162410
149630443
32458195
170252345
91188084
151862293
156261549
452838913
209222913
179146560
79540148
536333377
172463012
639781067
239667419
774232589
173224517
675752178
560776994
10459570
457769601
257655914
271414200
477016087
419498953
275023587
864538736
500243246
824087431
270803140
813574038
371948628
695289446
837181311
261664203
522110558
173909498
174594180
166336646
624428382
263191054
276117831
570754990
300845046
507154087
736192136
61874252
482791045
386836863
223226431
219666856
577293515
701468816
345709161
699893303
502472188
229952747
231146807
101570379
606707219
587967346
53973534
306120396
710800211
775932339
651692465
209293319
297688734
473677680
337237045
378597603
204612132
92424036
591694484
390563011
180429606
932633765
95238604
716827548
743636435
106729575
283085344
734925464
253604313
821611979
425758763
528909129
605025643
212741098
37627454
196768377
912794507
241337730
260149558
176488438
344811331
869894842
812910112
765040564
518210823
673960712
406507792
923710090
938169989
241949477
579223784
327364332
790427843
399086149
892076394
132816992
646288360
481862225
108888439
11524876
147269821
633258328
122765811
359687571
71583303
404785989
536077559
832747976
728722677
401273802
647531648
25408542
613448447
523811394
252174282
618820442
738009380
212996954
135632684
89675294
454637010
751767961
900791188
185777128
299242774
747244620
40975254
743492316
391012073
151951470
434729362
419638283
199447674
403339074
660753481
527851231
13319856
919699753
955330351
875808122
577799526
408019019
215666643
415938175
963381975
415533645
252605946
454174638
984992678
941138879
615339772
14332762
481425933
886820805
316856452
140900830
589579729
881374686
204297055
896952918
984254115
818353242
238062805
321690518
728624357
787592306
884797895
423711111
134017098
5019548
568780715
628858602
43148306
162717732
715997946
175292064
105587763
512482737
886875019
103564479
316697477
888765075
139050264
720037994
317637864
600432273
639105211
624292596
880509748
187056652
568357214
372993592
868621063
350251878
584803056
78438979
11662120
889503010
733050679
897454904
539723090
452500603
823255472
301984063
966468446
122963794
794360906
424711132
244777634
645112273
91576200
549274630
98479473
393449369
949960257
858075219
559724225
338413982
138906889
469079700
159430719
386265637
394044145
881863729
850024329
102856976
634598341
715095309
990228321
735714214
911306869
442563885
639821016
48483415
485119281
997847490
116540343
407341269
414338062
925611909
294675804
98501453
999525877
462287221
352876412
579258563
860543827
583160912
39705184
679373448
635254071
551328635
680162463
433251854
662024564
185891502
962013826
685121851
36319094
81259698
630561056
230156350
411520907
690761879
208096274
989512825
355692459
11886475
477022212
246427224
114219513
854640061
495481813
894062664
369048004
772966391
165432326
171870665
763199767
373684557
868961298
40626640
876346549
323054422
579149926
700133258
664471844
794663873
964173274
779699172
780009588
785405139
855913851
149031227
529086809
811359528
829872416
653533494
789862734
981907015
869315500
461027770
367580261
579735601
170620906
535412593
315226103
320473853
896417416
272101648
865018060
611951115
750281830
809288923
723292596
896285590
83187093
469317810
476998554
230283923
670492812
353507891
937343537
18751480
264182814
673887785
899833735
881861925
848610814
452478963
31469814
7597905
989992839
138514852
458241423
81660412
449508666
953047943
456977016
666784828
250305352
319452393
59448835
450666963
433939511
853782691
709239311
664466162
664474774
252106326
594433011
409373673
75564869
729093220
801673073
43322715
946310929
886628401
485447546
614867926
595343601
656929050
582876894
656726113
590085976
363953711
803787438
940034772
888210185
233386585
863213579
8486079
93354592
345813673
519740772
168853992
156741575
148438599
830684448
580878715
773128387
651034810
833654990
568829023
271530438
228920686
808046884
908152789
526311688
810989454
279416367
399362936
325957120
141976791
605505774
235073652
599473626
393049514
832419926
577562546
202184059
750017745
9083372
437695375
143841522
594473365
57626246
231543202
5176319
899580860
913554692
125582812
872078286
800206523
358229047
545885212
969499221
117664042
701152594
138212721
637721648
675010384
524841249
722417573
706038904
924574336
403960702
745254211
758374712
452913397
854786097
967888131
122898353
918926171
494640089
204362663
164869469
517786229
276350050
706246814
490467330
510491508
521106676
52664522
66086003
442857924
191788243
275557237
887857341
994116184
800522005
130381973
334315417
471719140
359210773
127554465
397553482
811544776
652349212
129312580
123084334
223811507
811387017
13813434
936318094
847213396
759416370
627282530
51508928
729826718
947086167
417973961
778180446
47153647
254912690
881065959
666040354
863344443
575914652
604976203
845316417
228953689
163946443
47628825
398952584
712245969
859899683
740091543
745402536
85270680
226604796
658616172
658968973
601664060
524126823
474184005
952473261
430580941
412059110
159012904
810459564
211498100
934809494
894449514
829868899
825379630
221827166
866107957
763937720
613269544
468435015
616916345
626460563
995164429
373637836
756466870
841581449
903727080
74740025
76957827
387274631
709654843
849858591
662811800
221913435
585990268
519306923
475304559
571882612
805887077
280488413
441897156
189959771
969446786
612034710
165202810
891555865
593939422
511600819
598141961
459800229
712144690
347662987
844795567
777540113
236185848
96168797
355506288
804351248
664855591
731652764
733430997
776021659
36081221
241825336
665816249
19050670
90345440
246741175
238539943
535308782
856778256
412076576
66025066
675600466
627698063
949678344
533085655
9301453
197104078
141365881
263441713
848542892
236173643
55132918
157984461
952506520
592798591
965672782
703550149
425445816
776148515
460194520
357264584
49513852
605067548
467981393
624299865
243256892
786164058
720141768
332461059
343197885
496857960
746322516
484110909
962732180
339633394
476497133
337950022
774885652
921209243
6281161
568239432
643647279
925710929
314876004
640185911
200431214
141193425
261717074
823075106
305685077
954494574
880480249
374897710
424730015
421377844
319530068
595951886
154177673
338757841
646296326
243661275
317762865
686382225
743350943
189257574
19191907
695688423
367846314
853563481
923601164
447837985
642146431
90972781
378388798
927220339
894330458
641692811
373167079
585850968
272737318
880688048
877793055
816869730
225165844
8003785
796843808
349281434
107953821
66403861
501665275
905999590
145137821
871685532
791864456
130076990
993078831
794514256
272888383
510385671
748442475
108338656
703291476
515520541
209079472
707421447
390222741
94436876
586285398
24255849
88865655
539760534
599176446
775738832
223109009
407148970
533670028
468160118
569507232
76781477
596257476
527839772
120627012
945219321
341491219
114777355
731497566
149808176
214579028
347252863
473416031
39159943
415320375
540963168
48728257
574396923
274571690
10397241
565782839
603644330
635276303
217988669
761246091
455543166
928409534
521500214
723219416
712538750
894555339
997744952
559541020
994002928
782386111
47765740
860942367
404102111
765674975
801492274
544631441
600564799
144588795
4075118
161094236
542198710
64440423
271832540
472729934
501502036
92159050
285310711
321100263
108479508
839790638
881382173
938547380
251485650
397603528
980577883
182202279
673774367
412576347
533950829
211327371
797992936
594124212
603907195
649155419
895263493
279728120
952197600
514609608
985605492
80332571
333199086
559618234
555094514
462068143
65135162
829663903
63427419
972921012
218112577
994637456
514565767
77924974
496350273
967575712
266261051
514930119
170503312
299292977
132915199
612238317
589233879
569650263
492730837
13030925
630705789
642918982
967926173
754493074
833304043
210490412
298155541
846129900
210136906
422417755
690591158
895677859
344586105
607420689
818925470
429798757
898393764
100695869
198701541
235216401
587899035
126011613
610947798
492475171
784037113
870840333
728498713
781292303
944310043
626625916
870444181
72096633
355864465
152979094
636677663
471374979
428508138
303377338
388648728
667939873
584388869
856740214
212892754
446991428
504256932
458802681
493877663
597423084
575081012
227155730
528539665
293157550
219624425
876443471
195668827
934007826
939366355
637054495
43399537
454045929
469751518
740617568
414881201
449244029
640602118
334094825
179560054
226112665
765084799
917279981
632991091
949683021
325413997
974543965
458062570
804386338
879906107
607208028
841152526
240704723
764302890
730326084
745830100
564719272
837951351
540835174
959184755
838259602
933941482
928752234
586079809
898395112
375898076
999896642
511555871
98333670
135354663
499536251
606118809
127760516
470705712
619085719
203103993
706233283
615416623
917678764
628508135
708642882
357528237
805419184
209366938
268861843
559228446
700658098
978870034
172748381
577068614
373323066
115384419
11796030
413196291
782306760
621064539
355588215
300008422
763427453
760219343
235605089
2304228
276389539
398313757
247237570
414933381
980465218
193651799
695010972
324295781
161407091
181210205
524100868
377723207
918466607
568011195
704316003
599145968
936454220
428509926
833408573
577145578
336180484
496430145
825183631
288494485
640211171
867425824
945446490
680079683
354180594
349341757
357493462
2088293
260078785
900387022
967366761
484935650
250380267
742791130
607009174
62238096
85808495
64449051
594194695
670285741
455365374
86435604
133268453
25017018
396914882
153042900
678238088
337481786
260860632
485199046
202822545
233244469
895728405
11155479
203256039
563512215
99206824
872567669
248038285
589722638
852011031
973349941
287521007
226914131
853558572
867189767
641285794
856983540
99577198
120183111
156844278
308683106
837585223
223236547
284402322
578969295
287406041
638887680
54825956
75585206
703101987
300058949
690803434
817287215
788378100
872447298
640252128
315610238
378698484
774554956
355056132
828999903
660984152
340809784
123709737
903632005
757226821
574528868
456102997
504887691
28304196
617038588
186953244
221567605
706283185
311807317
756218034
117190168
930678014
218959410
190652759
65496330
945759851
128238322
94840330
320067595
300422555
785402812
192503587
434150708
93125827
669506273
287376690
749701429
992788501
778807870
153763846
266968283
661960999
682339396
974604080
170035817
310260842
465641258
62119921
176265924
349255597
732242597
783092299
540724308
37112210
890868310
178705733
580657674
238369262
408954416
461733141
348607694
114198829
876809953
317874564
925049180
344677371
728012445
632606252
218527995
341246578
803596477
719260276
648858596
706486305
86496210
479487114
171071663
739486783
6398233
616276825
503189640
394994254
544081010
592690986
482260845
405226490
987371883
607916825
908505408
319442318
503160792
983791162
848566544
155148223
646168290
284960041
530074434
147731168
242967139
144268562
577402949
266504646
248778686
959188855
403135013
997239222
735932057
498170780
45651106
116241245
347531165
235458761
710336906
319477757
246595222
267027775
469077186
97211326
779512037
691456128
885471466
782014932
250993455
456289839
300726491
661111048
655967102
605457803
612862900
132762346
162237945
805658349
675358923
433121121
465140652
267929754
141858484
917169239
65657889
531427473
33081741
459199832
298302238
877706655
281669375
661453355
670050611
851810148
207863918
244723939
455584445
93613895
162744178
76700718
347902858
79524182
659875586
44798846
453665459
431805363
823743213
933194036
926318269
649750395
756287008
685172125
473832548
153650032
519046473
985149818
114156199
2925423
45957991
184484122
7699842
623198594
803324518
950773711
818366094
436990793
762305840
259215162
291850666
336109374
946873393
513718171
216059562
248241140
196464348
127852861
724888410
987827948
960357032
825552776
28830017
285480206
261299417
143287653
791749271
768940025
386849431
471112365
679714517
471417311
910324430
965071444
835023125
496674289
507282267
683770900
334560473
480751431
123526599
417605735
392420436
934591386
908891515
651354460
266268937
843919513
4137975
17932841
625210224
235132429
878312072
772789535
648395069
212799349
57918157
936858658
149118101
387223667
978652083
965403354
236012506
695960636
298231279
942845134
503546034
266581683
954606703
833520664
76936179
320485555
590561247
31327095
282650467
153454036
797662930
239636895
883268571
942134317
722675920
576701663
890478582
762702823
268894126
833556634
945879137
725134627
285402913
732461726
443595663
889864055
404176896
666903901
824562345
623136310
583167848
329283265
800860390
128184713
297456235
501416351
366043042
952021273
555567786
343687767
120695301
48120711
847070825
191905963
412499136
82511687
372126305
798089258
49342395
643902991
937345551
712197602
760771812
846777413
161493109
854968659
524878657
890894734
79048997
717531979
408981669
674159751
47905079
431347173
528932656
388142026
82352243
391472033
287517240
122170525
604572685
151138913
440232540
647622854
2056230
461217910
710868923
260881660
165388910
562992800
613745586
600653277
368983898
376373686
97175955
993866735
919604357
247108347
547219337
524885758
881737918
920807238
945741628
228231429
459039394
541953274
68034719
638333708
657539987
82942526
122944774
636968702
475121620
707047034
86729077
932876287
416805067
342869778
817286820
131715046
961644965
835150842
554741938
232477644
399930097
230283234
389820478
128068630
681466002
709144625
786697376
679988278
424182997
116130165
579476033
761955725
449639373
803361601
898260416
25324239
388542838
672194604
593628423
151751496
597385813
765085554
829053059
438702609
46205230
814048543
537317258
441782887
86513379
938584333
603404169
237411031
548091155
696338769
456823976
781566022
725185159
883452652
714487391
3581743
155144228
514403876
602004460
155354386
689858945
739326394
655811074
185611492
367275617
156090813
279177025
217431311
702911601
124840624
466177619
570032198
606913166
320598069
172008031
342821349
990194986
466529723
62995196
18421381
159487698
603652689
124748010
572345474
833693529
546913707
239415654
542983750
77831615
564411271
9556078
985134732
339774886
223148567
246400565
425068677
431367631
616422432
788575917
572728298
570037489
528448116
560496195
810279411
372830701
305708694
926241693
570114999
389502738
663025274
403426261
315052879
300210266
24305389
623261013
268260726
950360772
184290991
289933802
702097414
473479961
888872905
68716272
270992638
653618131
976951589
255921327
532517467
951284351
976234728
40241554
925398582
37960987
424269426
102502138
284990023
333947030
842705014
873877576
545573114
395654587
117567518
168908972
120531955
215194314
858255128
225023849
768546584
180412209
707541463
516361227
288935517
500044160
841746091
246090547
125472661
573054198
342088197
346780151
174825020
246004927
153837941
143411628
492508836
504135754
783117998
231506284
961674319
585389933
849134328
375414342
975846909
530434570
873158251
135646164
69104164
352577858
292379471
252209316
687880243
431708042
750713542
281109505
313900131
28711393
695118036
316464206
132323842
501384255
316953090
76340390
98416338
335270264
537004593
307721669
791280022
21680302
745233879
139531271
565796267
115323675
472282249
232850152
971108812
724931179
393913974
431109069
378706970
443115065
666891560
173728063
273697529
353095161
349323253
862657652
465384627
861349957
243839446
246985350
210055237
819756656
647764933
611862244
793053210
198747960
570108658
167824699
847016429
127656322
34949434
414493753
559383893
389952496
886665617
318176321
87704976
653687996
403603291
95827146
72516082
864479860
767480622
477281530
56731138
123721537
559466552
867343323
366443428
488035850
371701433
133645262
391814055
547612533
56956101
359798498
5170551
778049033
836246504
605701974
429624197
975956866
902015128
489763046
592522910
916430749
735865098
378299081
819427207
424674884
557289150
282322163
435033103
231747448
747731250
385861008
410701950
23526450
739316615
869941283
737752666
54353677
738977727
121873863
408184065
538622719
574277727
176502295
835050486
110974264
714374191
10462990
178479001
444910895
875952447
14059604
553206006
780216238
768599110
237590925
903353562
664579456
176273165
621509961
293836207
862234174
726735787
480758984
72328286
408461154
865374196
788686367
113230486
877985749
367124318
549592342
145420861
643794796
850422237
236735577
63811784
362932474
313922977
882374845
834018523
257777840
41573567
530020156
823725325
203081929
146914485
530403101
580314488
704798659
865576047
907005271
545887977
403271732
828073731
334586459
753803587
67206810
634534172
14879034
699396054
363002262
914152786
797133639
121361886
64510040
287801610
983178493
317038001
784924511
119629641
968078349
300210856
143087160
453426622
286942657
367447054
633756838
978659930
515580820
77086653
632557404
247929440
384374825
636844144
681962835
805745285
150829715
248916380
506159660
861632810
172213302
212925716
362341498
558917469
111023016
193497354
531644893
273748888
433040384
257172269
482043529
752565903
267140595
229614968
709884219
417489747
747765114
683164737
29945036
888657937
860113938
31204344
922605243
448358982
819094319
110380126
732428800
613080357
80781396
70064617
503070666
767576891
626859311
948491244
791661803
186211785
19251635
916217785
665262860
623700234
334309467
433239091
430378002
519986155
933545013
41630216
187375231
682883825
335569195
884490784
896267064
84174398
342229546
330472358
976794917
439613788
274569916
514383363
814177643
328044541
258282815
788388744
557317727
532867516
517802219
411821388
691271846
339451755
206890170
173671353
942066437
451544594
570303501
607410630
820035730
5699768
564780003
867873962
359554688
443880777
945513197
771304517
176026316
936636929
147988995
387432484
104988866
99355414
741612999
538512083
887027093
652762503
788833118
910781946
499976741
301760491
465263571
65525323
322140345
667579706
491108104
273610734
263353571
328600363
765663271
890771536
579766815
293409935
190036151
27776431
320396823
494719345
909995295
346103014
60070644
64284567
890303705
383095233
652090430
593319624
914034484
399649905
602783440
683891073
189394140
944521225
56457238
333451142
684086038
515589430
408668100
704682383
644547864
620377136
24025427
833536660
243331605
630611148
265420264
548723331
978979876
660044150
717513405
322691330
547721616
823425570
551051651
540442685
450441311
256182349
884051379
443542771
966315053
947179600
219117310
328218697
762604974
728971387
710648389
446044799
495390148
428041010
713533100
40018633
264863623
125777576
977515070
3363947
156050432
942326257
968441358
919045270
796395128
941221451
374591192
746403036
355783039
747554558
455134839
638189198
470868818
661904714
472926858
311482927
452360381
47461608
691937136
5322214
860153980
149238465
714306048
206106030
160982009
392563955
149829677
655026862
589084552
742954147
966735903
885426628
361944530
427294663
239641991
687101002
220890375
171879179
956270121
382564406
835282777
780399610
571520928
517146830
437585435
765887314
728451873
160924819
441466631
159708367
745617559
787337327
392374710
493594802
639883042
437435821
628392956
966275243
160883855
302044214
277485040
912570602
543446756
604957508
705083697
25903818
955883981
858633003
37637942
14201178
103256136
541724378
398097619
568553627
383058088
451380700
796315040
916722043
219466512
751110766
657369007
274417492
80060762
131714456
833636776
181053710
699753325
728587732
798783134
657008669
682125403
797114319
724579694
72258949
760524578
187546371
585550885
517498533
360141411
911183868
903306548
966845905
995367842
868660540
445067905
516673964
136813004
182235004
554500404
506248023
836130865
329847469
50143734
263592010
606543389
790801761
963954692
348644487
465655710
608911727
521386598
863295089
684807608
609773957
286022115
214918911
867189713
785154877
125173676
976994906
656228747
653959873
360475781
95627535
266707862
280837854
683995140
73110019
624136487
693729906
333244019
882134032
835991730
427193001
806027119
897065544
787467388
649030183
899616330
57093606
247358133
8327579
260014006
925985147
146474934
896131125
349420605
751874288
292158695
36151209
884486807
686250952
206315621
535082586
678733641
859051555
784837139
91689786
960145928
127526023
71715874
419745476
586850261
960064351
831122006
842322757
270416315
829253334
475380256
595917051
923177423
158816865
350872821
187383218
133364505
460687250
777822836
22789733
623530208
918491060
243262893
55494775
896410238
877688009
866052998
404773307
75122506
683739950
248668546
498534505
669181349
985422339
789476107
212758924
514319324
971351638
299871471
877610794
10151195
856219452
343753897
544983850
405262534
258948645
3337539
634646489
888927131
851181989
789355473
38655516
507287934
594628797
775632059
259312592
749465424
34060544
534245252
888151135
946417980
298669557
573437893
393246854
428341007
86101717
241149645
700264275
405014611
320563796
560115290
591638460
804759324
435818617
861954545
468702118
232493442
438216148
728473928
513955107
121815465
936022264
628813903
113395485
750253612
714146477
434071305
505750590
704451380
575960265
466522175
691933611
203735531
868326445
600234896
32555643
824828770
199776762
676795742
528686458
914159911
54862109
728811316
519888809
773495842
22162025
172646432
240388868
38222696
646112955
94954064
81637645
711081410
460387896
670490689
729987481
964633746
768408945
993141177
87871745
507012474
339314989
884571598
825621157
333114210
923740228
668637080
851748137
333729361
611509234
554336435
422519906
149171010
173619564
185899117
757039091
265537735
976713980
338317664
966599837
233461940
921196341
965656752
649207406
59575301
834495086
633587013
963375683
538089827
108854138
103673272
639803349
242870512
517962758
507593104
533252399
47345463
660371948
798073744
753960229
575916072
994944902
542740275
926709198
124145033
470114607
634801853
409828153
214361751
608683237
686953318
732376372
704648911
982420870
409397942
550449958
114217113
830521899
960323406
887677962
541000768
968439338
816828388
869202904
726827054
285303101
576211996
573761128
632200743
315961109
146446804
419319052
59619912
353894371
481849332
865586290
390478400
271733814
871630365
716359573
554884862
927329006
269612594
487873763
431632281
530608527
871590856
484581044
842616277
498282262
808275105
591387981
157592703
453297029
737333327
970561430
501136125
83775570
205231778
48479161
403000239
325974079
59869692
429082069
164664978
776032307
921805807
893209689
344118477
484619578
621437692
21502145
12399281
45114225
131543060
985318447
832898766
132558892
77247210
773314356
947541299
117926531
736058104
860808367
537037235
499278490
73431467
306159984
771263200
812193966
381086887
743844957
714440327
241266284
179640426
851720670
311510259
451218594
329011123
273757414
924088778
534516273
771797556
176259626
400328019
231474502
301471733
241589118
59309775
759009278
264043374
988408010
483764288
381862081
316871537
708617160
643186658
707237025
113546454
640656120
352767229
702101662
765819887
642227115
321220799
530588481
915135676
458777013
421402508
829269956
149587555
985318797
51795296
825284848
890700144
548061472
309032742
69041455
509019329
658189058
972043081
609452527
676281781
510229799
378266227
9166261
289561455
616661180
773905249
390638801
972127562
677551030
67983027
666806751
845118106
300680646
787689369
843001976
966732088
532647219
567871615
280777697
459495088
755761107
759968061
224185237
278152435
248405498
444161025
693132316
132961913
543919633
293677014
871668407
445432869
43755482
646026335
404561028
981134724
372643080
485812528
824787543
888313239
309911251
574240303
903742170
843962508
46611023
37290169
751528437
755784079
45797777
11397779
998833810
857014387
873064383
100009728
614664774
639504163
249354817
234519471
320878695
536315737
338755425
637626001
64568220
973905426
655871755
544945596
641519377
93429606
54752593
428339745
254120298
909887818
993178183
515767903
92735861
32606820
649368395
796473589
97559493
162146758
444086620
754846478
50305847
901826125
834578973
749850440
503409438
801257499
852360393
792361900
589838026
206153130
562529903
320468125
850578791
563176643
143891865
177356869
985768725
605629949
727005335
529466319
502756865
861392884
312876957
954246230
114141418
714427449
258692344
368654337
735892158
969291135
575409006
23863910
19820835
424064154
854406147
935206081
462186342
522362116
106610882
797151168
558754785
27277348
792538807
306418958
779021036
568703959
104721106
370408267
843448976
856565382
879556626
450223866
988508709
253309852
405441141
941302651
664576342
641569875
382200270
417218644
859537024
974522471
964557612
89438924
412735748
620372349
346887316
50327936
837064748
172809737
805023756
465693900
381735901
537285145
308183964
510274385
22848027
376947311
347649876
837398787
594150873
576044205
604600005
966802736
239328248
346560133
433044740
511599105
712901213
445464346
726882880
679990881
520276652
676547159
490656144
263125223
433722847
570664450
819529550
403718615
894301362
191246569
310145986
574180500
710395320
289934213
485255665
919854069
438082338
935382905
845533977
69536369
576474640
446714653
577531716
629438948
876475322
398999987
85288650
239207895
49461316
271475942
98275218
827450299
88560265
113207192
814060511
452260392
858706520
945747899
541014337
559275852
694519605
634847299
777619782
736366935
160741320
956705589
475608660
65138427
783845469
108629716
720026406
732627657
141892850
335729515
633561634
47270489
899106515
643781985
821416951
963153280
492552655
923330337
169914752
845033843
194752025
558644505
350753686
268022289
97392550
313347621
586244982
300830386
961153714
675898175
163854965
252247069
642619182
755917503
575604818
511065450
484579767
404921232
519622451
304577176
762496648
709610800
232162831
78427176
964461395
451773535
962456836
856804861
734085441
687878853
276608455
70275504
614646149
215768815
420728513
429880304
829004832
726959958
477165866
160963997
22143847
902232769
739736918
576875866
46344566
628024289
691726712
977900529
86862107
457496657
544186567
18228868
109820435
680777548
955718969
485674671
110556471
734845821
503320672
357665875
640529134
484739984
279508595
192059335
769049074
680074793
433403316
667595603
622039845
448629719
408014930
182304653
484322666
999932421
575060756
97113175
446886127
145683312
268786784
168538720
494295323
144374118
761726582
179196705
299883188
613620255
348963925
235607256
187194720
432032547
60910678
903491199
670327672
197114922
337337923
880587844
337643279
932541938
917766956
728570608
274042205
46909997
673734355
169711668
782207665
591616732
969917545
547082582
327849707
290017748
904438255
998361264
320862928
88460483
152927437
213312236
666387604
805486571
599842203
323804075
857096362
162360674
552631347
410753101
998733936
532343682
939254064
505849802
755325236
425879096
664302311
326697221
91179703
628939340
805010772
822332322
640046508
792234845
276512424
627773453
447577047
35714692
738980655
727572309
40369415
350282802
737333519
241536028
97098001
353888219
34978825
353000523
715684073
658916362
927920497
905200435
457090525
656525954
22979129
434916643
145416436
595146244
65406928
76872968
33813518
390798592
655542170
767232223
137575750
8640156
512619610
704753171
215308584
238804395
995058929
555431036
328034042
428213519
814234266
308022197
742285179
849697899
137427781
422421487
849354003
124737470
336292978
869712798
309032216
999305013
34740176
765883076
598617577
473771740
63448806
175457026
974939255
867186932
325598565
433858703
370383358
761071526
480393092
804677735
596767687
837877302
70468970
919132122
380552047
666885158
976334315
153057487
248774371
956936253
68080670
972392313
520614953
729227093
927698328
483410785
620010150
514089858
115571084
887101433
830888201
543920871
516847716
796790363
300450418
348985823
142950667
290946007
597262980
403641577
880184705
86104848
140153008
321143590
324555976
984757891
871874104
6684170
974033950
664794678
149800293
991374496
844994491
572622988
962862911
596251163
357579819
170353905
586151839
113921584
659009651
741363708
261453918
850560782
865964881
715116563
793019200
868561914
119144043
948471098
679680172
380867196
640524217
261316399
88509425
415933091
888270138
643078431
418463642
756199800
836656
514618856
955734648
482985808
997946872
524869912
643621686
546768694
16594012
727006232
815204046
733622554
545552404
157124712
757354147
189265543
557800287
347552455
174727932
345324636
663694276
813293899
847800420
549479645
468002474
864654544
640518488
916820746
928278695
741585989
982360216
629805498
945810615
398834263
433160399
599492429
62085352
786704612
239007252
691564906
729475958
744552010
248869183
302161032
796081413
307563849
803529801
960904766
430273333
229210849
819998937
815368890
537553100
49023214
176524326
836678377
787344373
782560884
727268655
248169941
413353481
395708893
984395970
718974108
964040102
937863652
824169777
219670169
66337594
524815934
311072547
520080912
626339275
697906070
944554345
569217394
232855167
978979837
470319714
954471760
841071955
565504719
651783013
192063246
814118194
241608567
756315668
557483544
52376491
610238841
313006805
186735847
771645093
663982043
453175352
138731976
636101198
369109306
830156958
597513685
227883267
931115792
406412249
401105177
843491220
114127757
537004674
290614559
374704016
198504293
307219479
588138057
785581822
91897582
67728665
694643427
314350911
475978109
476825147
223779818
231111155
997634036
159192730
442289146
865915637
400188025
90387860
606305173
480298320
429161108
193124114
391460902
643188878
800332581
602870362
92609158
645435417
919441358
155871841
418776022
124794688
605563133
362445353
605942099
593771667
760333182
337545730
398795203
474694938
621683333
325651524
481943257
848960453
147305880
736014713
397392921
95706566
707724643
783287231
488901190
646245986
709900342
378607787
999609597
921192057
143816999
690122298
517182011
441466133
723248439
504802619
956235468
869697342
547578176
866527999
525165591
523003859
777573220
867261224
31187493
988142542
590646633
670270655
170758074
636224016
392500153
693193071
640514783
347940951
123957144
709327723
157570972
861021186
725830180
725580309
95572634
359222661
384190587
39930673
142404662
738426640
855783102
619704526
902402461
462188367
914743722
815896984
301213178
754732761
726880177
398602857
364652386
806671142
365903036
759965184
497938742
838950013
73880229
333169652
454385002
71825181
640127905
547174626
1910478
367591463
552454155
715208549
487663406
532587415
364349620
533943364
103410966
831680017
132145555
673477626
367108859
184869767
507649804
959936220
619446104
250034844
65100869
763247970
236074227
412768891
286198113
902260019
657662784
184801772
84842887
653296932
989240203
779593960
63705120
83779034
647497182
4223090
929738099
426565335
106538638
848100258
277530245
803151258
801099241
842021769
579877633
12036815
155391760
577133572
592032718
319496592
62802414
895049088
107509269
273628661
293715173
395351487
593346243
393636483
277941019
175264392
299607037
554641933
730317727
472528939
285489500
502898268
343975932
981053000
520151770
48494343
97248694
509623238
931454366
873750179
323398171
976818765
360120230
696551966
381022335
79444691
998214969
372196058
619709239
748362566
356318937
949539160
223903332
554699447
773587086
593610682
924633114
56448555
245825763
806110145
523688977
581865333
513353139
274761530
293567033
868780751
293779411
134844310
715793029
554019641
794061819
751500468
444856386
869699679
696981763
599090055
441137181
578804989
431809605
234052487
295133376
267008346
270746255
759242328
785073871
20558573
483816877
383229143
535424509
767917743
347145767
741605876
926214076
31168797
446224828
193862784
93462485
967489379
580203795
639684676
237399513
816689583
27796289
789302988
190807327
674132573
41958218
618786000
907185662
55916368
250462454
971119337
110906807
49418467
879252232
948238974
688416016
646811352
543120141
355080938
904277558
1416935
999865402
274400403
425926962
992957475
6006278
220232423
982243662
73065518
232676749
12522949
766275622
487585955
171784926
813471893
506775320
8374500
795826615
231071040
963928284
726224872
527737803
453506672
722905285
346771404
592563411
733094371
177300055
603957453
737011467
390838288
924494687
867416309
724241682
410592341
95621127
323734416
649196768
334806263
775312980
706227767
565291511
488563047
365705422
766639870
758354310
576524577
850525275
88046644
519089906
935105845
663432505
103551181
142554313
383900694
544430079
919991747
194447222
841099994
849010143
205816438
440263197
258736767
933827208
323860967
320011626
892438450
662607681
210386621
533484758
986377440
146796412
642995524
516814274
229440551
274124531
817539927
682568300
599570341
588681643
168454750
322590538
862233910
797501124
840344292
510344334
657945848
304863914
286173996
210895192
309476670
850336740
817902968
763948034
566775224
301364369
817648857
800198049
712729076
223432535
188336723
896556640
994356678
225252357
699821738
366921410
485658059
903436828
823425662
639944465
507572528
892406839
893430482
169746228
303020254
409949439
765651123
763502541
942933788
499979215
459765414
385956584
82327151
342501361
993035371
706496124
600416280
806997123
908067432
562772177
767414599
123915490
538329433
488367612
839726916
421772476
165802354
799185951
344551934
406051680
641721019
252051901
146925088
996099487
444240764
312988634
985996500
783785672
422916219
746439755
963537845
366716779
236453578
374545877
115175018
349641646
340993760
494351979
588479277
748932187
615666074
327762330
285375491
694092877
694542179
30053843
803560063
363503310
501491098
670945788
760964970
323834276
547560916
494663131
924700196
509094568
527487681
256129533
396339135
282655794
620977656
129683149
302380402
326283587
563057946
674589610
617173841
397742184
957710951
69657391
907642204
269711922
778898379
992993750
326294464
184892931
399134721
906705736
91204420
306522032
646060020
937376509
413363575
619778216
570674797
428655136
655714096
951969570
134980206
315614694
695000062
158701897
316118946
61656405
294289910
848211910
886449741
287132718
624826824
661647483
215351582
522458548
807735535
896534982
476848542
930258037
765299740
152724748
806873468
760298786
202786730
852686500
238212629
642043860
657878322
358617723
202783458
103693162
929336218
910859945
963023748
569204828
359570621
76415557
74494323
516557608
946348526
35081095
628335147
132656570
680112869
364594046
727273680
381245272
151927863
245065426
266065797
761264111
961947715
880021192
979216774
71416478
765281494
848512798
886253248
117702723
149611317
847387090
832042877
801158577
385760837
221618635
982514860
468303921
616875177
801722898
35174037
973980315
672099752
567850139
399117799
675452966
813009191
368398391
781579754
730924385
839335071
261326452
61216527
422647568
666804916
422275941
719513850
993008098
68714286
704468355
304418833
268641501
242790014
885173022
984647533
244051207
780013197
123926353
917605864
575955068
23980260
110147860
583302149
952330409
996211578
306909216
958297315
139185700
406566918
942809738
994556989
604046829
111775984
729679508
876338010
812721077
191801867
987498251
699411999
305174393
403221613
937623945
781805981
320244816
110306631
128802175
637312144
272370363
639054148
503805641
524532305
11971277
232648894
935265986
531558971
868050411
371011232
758444001
239136893
874329578
606276088
233072705
95595429
977361228
815126712
966555744
521958251
359810595
700541665
941638153
728835388
189668866
218026953
819785774
177204480
126849344
488930330
411235545
575268167
245388008
885382012
962649734
668784659
761650266
108717360
53243865
773469011
805798369
1782111
240837400
865760961
591949444
28517130
278204215
662797068
642648162
517384572
594880131
167325570
834956131
85867963
591902172
632027761
670981412
678293277
386814647
95609255
176331271
515273478
144046824
376657899
343921194
21909216
435774995
772768247
617224660
46270769
641855132
225484469
953798113
642744301
620939297
811390582
258952860
787257281
834485793
593726687
275610574
376279677
440083759
599369724
823756897
104478753
629892717
553563468
854000407
71859642
873159423
778070999
849015545
460018681
738772942
66737580
781471504
390318576
937172411
81320261
924797356
622055176
953827942
291661403
274145355
353183740
336099994
668434251
258309255
878412676
605797591
120436825
692456531
978670507
470748706
489959108
200313376
438349419
991086972
418650377
767199860
300746806
798079598
857334171
264936260
595874573
274027960
213122517
671742539
893127843
854902781
77911182
829993959
151310592
554752870
655451481
584342354
408885363
476058121
331484390
626789162
618388050
243037956
824960948
755638894
522137355
395973966
673170724
253017651
650845323
169582075
409451574
592259997
470773715
312965326
498242026
922153826
854498872
660564397
837233097
741525339
172702394
402587259
553745094
814467635
523559106
954346527
443421398
829594091
17184945
461060302
20461531
556146612
787563933
816048683
65376829
81639593
335010192
98738369
762336027
505306371
124772553
430918625
842081916
493019116
664698706
986377774
711876906
651144672
488033340
458134484
850295354
935812864
629521715
395351670
704894033
97903090
616800296
131544513
82463435
37663314
311719614
648943944
347526307
224493600
934891779
550261222
527397178
98298890
735746232
371305705
812168258
831752578
647326196
675700730
663638686
68256478
325005287
179311874
233591907
701022294
171690807
893907754
315142806
529018005
892410584
385646777
277551241
613942126
443877200
668070595
613750202
947602940
908161502
317269292
62199668
234029526
550938176
514926803
280448632
627522142
31634886
146777141
613857804
938660733
96187614
149464831
376285637
930608728
2963952
420289760
29484162
484275568
946408012
430681110
429082365
918088182
275966421
715463917
174404879
360205046
22947435
655844275
343570859
809751090
172175693
373156328
863448781
259079581
977859596
171801960
465041731
382980688
265918047
682568734
438514598
508991611
254862802
673463153
518298050
774783414
231122483
608624528
494512091
721100863
613362586
888571271
531096579
620501194
914920847
218004415
331125592
824859854
400148052
106917832
672378201
595888171
746573055
80860288
269837223
34833026
371611331
107449301
168144237
782963598
986455587
961120101
569000846
883024673
758629214
433270873
242993935
721769774
355302018
741207401
249677436
363094171
729562065
508661143
4177990
535259436
43726658
455970908
464988828
154316132
652711500
33254635
67296396
247899501
739119815
654312
40521190
814276740
187397838
614977307
694475564
638646594
548289766
698858545
434010188
225711904
950061104
16143396
205154260
359180956
698269773
695710018
836580851
716549542
580600328
643374417
745580857
796665228
844648842
546603759
307127880
836941677
482810600
614609272
713201095
220740070
688581761
877334970
104891980
411292856
204569732
334664772
954432789
251981769
80040177
413605401
22094106
365461921
972194173
151171096
279387254
481667472
473840920
493695328
288162655
415552891
937562887
407788994
767387836
85373427
584917372
198234806
105596860
507926793
839382092
784112420
85508605
936883892
785508314
455249629
635699641
16828328
765855453
870326636
974668844
923603920
345971089
737672950
628910754
14339370
651755931
979738929
152186858
711933078
472730731
849444257
886888657
799067062
730482419
397019971
323601002
582670278
23520768
94499793
975637758
223286106
666586506
743886243
791651805
228036010
721980190
334166495
98198729
564117681
611440091
799662681
197946662
659732686
404888471
730029935
765263381
389662605
636487413
465037855
771648029
369110455
141038896
816323448
438381195
10962684
533469828
568231495
377537047
3743038
40818760
376141693
171467024
402019742
229793691
544263764
514718080
176589896
187887972
648413881
102535652
812021308
690851366
363111565
929941137
475322768
432974571
93252473
632300963
506687632
98181895
261945665
894402234
161673152
952135775
246145891
505372776
902375563
708368313
843779390
200289980
677979116
542564562
320625865
151099831
680403467
186859791
666156567
651075941
813829041
836194388
126533440
846691937
84615020
797920791
430965024
335865927
983229769
300223392
69054926
675220170
488569395
6423211
143815342
536201937
845470439
853068167
630441783
8586745
176372032
118373787
81648824
554090120
663309755
828903507
443390051
588434992
461719098
137105603
541888044
274853019
221380433
163797064
45651514
470304622
666045958
180280682
637797876
559899140
75351024
254644395
431220272
23061466
959956819
934273385
651658120
204585479
927256061
772582278
769182728
858551165
380818405
217397083
114878211
37229370
910164633
76410926
589402203
766686641
393254217
92456644
847602504
843189359
830467140
46708699
401023963
860180925
251151675
395643934
429819911
53247827
158777426
15414577
570316240
773190235
815042516
275994193
998466081
78575656
991996506
681353995
485564680
409778330
524026354
249596398
206439137
303932877
800280280
283374012
825710509
965393061
55430298
608896684
686635279
274880028
795226358
823515730
589270944
197437985
113030504
154727617
729593180
662257160
802929225
895155813
150464868
292755059
871111839
268508387
326635026
402356321
542835536
604916015
254704365
649531387
511950854
597161336
376935161
923438639
529643175
519684886
593104030
316091813
199293860
202368596
24906107
143058130
793909751
256590712
240982140
775095849
220100433
552579090
903879181
84361467
322531618
161598747
751242128
710485098
208131292
606719997
45215384
226681224
41938748
963648736
874028877
152055265
312480861
413951981
468618983
60813721
41652661
279664755
534911416
520976010
317944661
893204356
402971402
695404485
399841079
359715685
584095310
538449129
896404730
861292758
761853963
466089231
960435516
728226690
61935024
73158941
899031383
208668418
364190235
662136934
485677265
417185531
252642799
693318803
738473867
463030282
468652186
449967608
828412939
812315681
453132930
648454355
988177527
498560435
255186511
927882404
253131879
497465358
183967422
72606268
627255075
848628275
91094588
13040150
666086432
607040647
469122504
679443499
348781464
976695863
87984368
460189691
808737170
60021797
264377197
80892771
462644656
435125322
459916731
280123726
229338282
512650919
374389083
634544882
996428021
556246384
465820647
113035325
251579193
431073956
178998121
368426931
547015158
502867578
589898241
38051546
344724185
930340055
608734850
296085194
772380393
663234725
688525896
530183180
981854103
399229365
432769702
640879031
588531108
557064273
438671467
599492699
725427081
905377297
836648466
832197945
220968282
58663367
455846347
177601390
619520514
344185073
983878990
206151961
865357783
896153577
875506397
644172939
889806356
93281813
633139599
778410213
389325125
798753555
96654393
199254140
235316123
584448331
570147343
601112802
499595847
273274342
779441904
821684015
841385413
540366987
877746563
349334145
428462468
186505301
317838472
977791365
991533809
772976608
797777938
667924084
407178904
19911462
358197186
620225496
737660646
330253819
115750596
565866623
737746600
776194785
753747177
814020043
480323829
350323795
723010373
161843185
742322885
112215010
388647341
919199812
60056294
737748566
919445520
144504632
750814260
371836214
34709424
464485655
736340507
13806004
604004001
930875244
29733654
447558931
113939303
434054833
209286807
767301675
196745024
998088704
551305900
217178795
647265586
105682119
753780422
3605963
299393402
289295706
606920358
13272360
90412208
853580008
857392469
876943785
968871836
597284216
661122535
760748135
769842087
861839937
867803764
124134229
952784441
320599472
419124664
853640540
185683109
670589599
883705714
571642140
304055224
152671521
865151868
661290111
934715544
584013798
635258635
514451717
178588833
782006625
313666062
128558944
979059102
420961687
644457398
139165193
927688600
915781088
525532326
97647655
749860547
708940515
933517033
508905366
462331734
833045967
815358633
211157238
545692670
708089801
939906959
6246812
712806167
210147193
114886069
51695208
292746425
231534451
870844775
63804854
154813825
627379069
707607758
119287969
748826258
364764265
122532824
837788093
257041613
92757579
986583317
337609770
796188059
863802596
470482284
670264799
44781101
202135477
411714015
854950489
35410147
572157941
608741194
506010561
392767013
95618437
426701866
716109455
239076864
167771871
978075137
397093639
532929221
564370491
853334576
927554198
706412074
181472373
830010701
153104144
268733224
758997207
409984828
730191194
342433741
725864342
969777304
68744256
481143949
391525204
112466878
485320713
919691939
346236068
495748470
252367324
535828551
96203271
386591813
399031796
565967842
944086941
969654211
604972232
969094810
274017012
994967776
579634114
696211081
799336510
151425518
619513396
138377535
914939369
217817506
416054294
555801918
836971616
802823841
5233492
101387228
198255080
52367320
52970222
750775499
115317698
969105367
490050775
908092965
956600075
991158021
705367950
948758167
803261436
903273787
264199212
635415939
697992001
104499546
265076478
446012510
377109616
154344634
91962070
810954011
961602206
258146824
560330656
566714731
890124439
600269468
878749876
191935256
774082144
362628716
776947671
218729078
816389159
835443438
848965153
351681858
261522375
17262793
662425137
653693896
524478591
720774468
302811185
192275236
196377583
955987999
633421421
578409196
32663824
571978604
593928044
984635427
334012270
233260926
277183113
217453484
865240001
433941340
543737634
675853511
638839908
503472900
325180257
745715067
20093821
4877992
483892377
491248357
327550004
615562995
539404004
238615832
615609183
893161939
162842710
186831518
300853323
406016335
548758232
743030803
442378213
212307596
642213043
598704738
441562336
499518982
997368062
309630013
524548684
239127697
7748706
611077296
258615458
823490489
915137850
200037583
641004480
597004653
841257400
86265476
710809433
775568862
170883992
815970326
810458784
374487728
354202933
132246511
5227032
241548310
279009460
572564938
747982175
672233992
163711037
131072713
991734370
523048767
96845078
636580977
777897852
664735469
740656075
156242338
523148417
963567021
183831117
485513311
37581795
809885106
41893738
50323083
480437843
575406410
707394748
970887148
665480607
133728246
206891914
58903590
440235912
429248836
872043385
744292576
752450830
677289892
783230169
508227015
185302359
978981515
98631843
605700909
32574212
967560381
935899062
581706413
52957580
740775425
711042213
868253662
374228887
686848562
721452213
381021032
33996656
91917670
538788101
735641799
54234085
952063599
818312845
987648090
270466609
372955580
462342607
178816510
129645508
165590267
371189866
589684459
298984576
594297471
453314395
213821974
779945854
801302421
583392628
972901334
169910369
701275614
282115469
148329249
541725645
733037464
643452604
814730895
520375084
44115044
621104229
697322520
835698102
179919128
765638539
60217920
218098781
312663591
27885908
134509807
98756086
279138969
463524894
496162659
701812375
167990247
987138160
305668789
449275159
486179246
521670899
521546738
627640701
150229225
429035666
97027347
147884448
774736021
297238390
822828302
175000592
764120735
640681186
759587052
77146027
224639156
848090135
743136035
625386431
223214034
759328862
709656892
594268172
968243038
639860013
135492447
606939993
636259777
56705
961344390
580681587
45427587
308311010
371633469
184075751
975708408
53040689
50446154
425629206
429154839
951377664
760942336
708763580
930035556
712667523
902774631
654207497
47297961
789814918
635211509
379012856
382192599
401313654
785445893
880509318
177514310
918404097
527140138
201407692
108229971
335246975
789755563
257356416
65956180
36208818
77481400
437403899
830778091
431062122
313966159
44458445
394790873
856074566
694075135
824983151
83488502
931409943
213462228
606374210
254922984
588490132
414795269
679791650
318323817
439880322
714466249
529234831
593488174
201514356
886583757
170815987
954460831
317711683
640041443
267162472
938636603
406363394
685105475
480339808
422871580
857731115
976857449
839507175
900978751
786011667
239817211
528357288
117470848
349745536
221334203
816097593
2443490
851668867
939150350
48742742
490720411
95066763
572335584
25668833
902585973
988476960
182945207
279178266
212178496
901214995
159587460
189260303
290324775
183430112
339708853
520192712
366501382
167579993
958342831
688730418
356089803
696735843
477816049
711647317
634356638
985946729
164676718
134030589
363714353
708241247
681083243
859301255
114390855
881559157
125245950
345934160
956323018
307048388
11940633
540245055
917596210
137493187
825263506
284006309
198423307
974622488
591056792
866145730
828755607
840838205
907975677
511179313
595211175
691629247
321963522
307918217
55360341
605892415
131871157
288407892
912840168
901602282
862064021
535266695
995487035
422855764
455325027
702259886
626032135
866776171
271480302
32613061
491615499
562770933
203834374
409136880
571551452
756694178
617774781
501964175
940137190
29314408
799250034
597111019
462539859
404518212
358023262
581026873
780953134
4864663
578301374
746373718
859879411
979543273
422678785
428481393
464096550
150092678
704099286
722659640
322986754
860643732
404055603
368971971
273133309
705274562
124805881
684097403
121504024
684700232
303024122
489769895
540421874
68475055
868990599
741538683
887160554
78762654
250120564
215362859
363619756
871416517
14689042
778671096
198452578
403482028
124801319
372040037
985581591
776732633
812239578
740597997
987504035
592133152
15389911
990452771
670953987
960066712
628795831
452843848
230684621
558641494
794738799
158810753
753448301
592266122
307768200
268718292
433753233
974261635
323557998
592160089
519921189
10431500
79528503
426963517
761569619
999915427
103402308
535516873
899178548
791267773
808161184
770588817
205786246
126001686
794316784
136518423
211680534
897863775
330684576
266469619
798552959
329234293
427464627
311574556
919208292
785503875
381431682
887887255
704601379
986011958
718519359
380907045
180278978
344567332
402906798
592288715
802918819
900503563
504376856
376726186
43139589
830773997
101502458
654816383
142475276
430810057
978167495
2755866
241499321
545129629
368783446
519773698
673037400
764397349
454201683
540085716
709906455
674737061
92941941
612032042
966181884
488673791
504434734
150184094
251665926
262749283
384788660
779499821
549421962
345212169
456760873
597188807
796136685
244713950
27310501
792678016
528810092
176677882
116856259
219478515
580436327
904268279
718561880
854513464
711025733
197294982
740974596
201663804
515455857
604680346
200277436
131617681
568252322
843749305
478874937
391083146
248155712
161808778
691747361
660381069
236772643
607901743
434354633
365250134
982895857
752943031
173770049
261848113
527265971
883228228
554083216
379253404
300873136
102919789
718122797
333114270
186081205
845717112
780130949
466658558
331672444
652700006
417572841
465489864
761490210
979438295
514307083
736151803
610265841
263786538
950008902
842133138
586178736
845004593
95863356
199764041
150758787
984676849
915335831
717158493
731798095
203426305
768435416
68789279
189521883
172390422
223634582
124207480
50891242
105964515
225945685
942967887
956749528
755400641
538751453
642318966
48503325
479686859
323688590
135738348
854706028
786518194
464613100
511612591
738774355
290394868
613592215
893271219
952564776
35331772
622517612
668136622
498269425
19748464
666572380
339314081
905053996
221176597
189415660
383260128
964770321
299988683
741616502
420578867
911552971
755508963
47483794
495598834
935366466
471841812
130335660
138098772
85262427
39587175
909090815
85051855
682332664
598849330
452348292
944995026
632405253
685501708
300307308
655135377
464854479
45504654
851460921
83949923
855423075
708609875
972519758
163263184
732563275
611712253
385704005
400612646
203267843
812266960
671907483
584434265
613741607
971398857
775240120
231361057
562980180
126670795
124317906
528411203
928978582
331800425
887467584
382831328
347395779
275008027
307253824
865408169
138101651
220237701
529709705
442591594
175725950
949167241
863220206
576899193
187760359
698519934
498511646
619445492
50793935
947144980
328016599
131765340
662976064
301953592
601457615
436675328
732352577
7854156
167286755
453668004
997415004
860189359
957049758
830712614
52633244
530438165
741486197
324636798
701903884
755029812
708991007
967682
271861361
447553347
590631000
607990493
108244551
230330725
815912430
969266054
904474677
595981243
214688816
428681339
170327025
335993080
562359861
211775258
711595426
975651586
538257386
333284081
561933469
497866395
445289372
959840337
938974296
51678697
431242480
389221836
85002061
311154776
65754052
162636002
135871550
690590137
739439057
328545966
473948851
643275668
106952366
644077493
348297910
495292155
584139306
103104965
550191890
59995786
830993343
768925234
240191742
165005612
469376359
168379439
411684513
979142942
758219503
199352561
852353659
942135274
955146155
173775599
349602340
172721395
404159955
360159909
117943301
364101639
842338123
547532042
418988610
423394254
684374245
223174005
107464630
257922719
633024929
447409782
144995180
283060545
450986628
45696426
508153767
680784813
958800642
116013779
449498275
460290705
631839311
343694857
359849667
41199193
10354847
16735326
470857843
911821147
442825616
161632089
50459926
474066727
820740492
295685988
496052219
532878963
375186222
754799973
503514903
390550590
866719689
370959848
998289876
728341942
304841939
36413787
9485445
662275087
985070454
880846478
288286051
761445773
631946537
273068385
141041226
633266300
508027347
3083427
159797720
628858647
622503167
191104299
907409844
111595604
982731292
493423664
284862027
627184910
366372732
275017416
360313138
712656837
980069211
215566537
770867653
678574931
946267716
192339163
647569834
19536658
830709211
860872261
188654057
851850363
247595892
204452141
198212737
992034796
409949052
818950316
440561893
492909762
496634619
4746764
129070458
353222761
702956162
266418453
369277902
878008497
62979985
631887430
743641815
732618534
299861305
333017121
973217713
857580675
680176624
474924601
536156208
53460565
44352141
945146500
492976125
125471555
267458826
782835125
21676915
765627050
622324537
978999208
979356233
205235383
788602894
99603044
20385539
444976543
949786662
557890671
13221764
102939253
975912848
850672786
319883571
878472177
134347
111968548
934540099
310783585
639079840
98848452
469158106
132680967
992054206
75790325
188565323
100642119
516229475
861703245
485791964
734966409
196421072
347407419
522353890
309934333
946347995
697729196
911804390
611757048
161698984
336874758
849512056
351373502
819151913
457982572
552891371
733705532
168137400
676828592
417918110
1982761
100370600
506895225
911680005
81409985
733631887
416349660
476424389
12244965
655643084
159117231
250397589
63651894
847307930
234399873
425282792
781009056
304501868
217893233
223515465
328519634
249614607
268913832
322339949
837213148
38954343
833965661
12154018
649687401
14769134
24225622
7566299
338891237
971926000
312804687
650160661
688030502
942299933
613163139
424096197
53842965
186019434
332152136
246575474
263319525
534915200
558421849
716795819
770206081
965782405
440236907
175586807
624675254
151753384
676941980
114208346
307929191
133951820
832646996
859406192
931237341
754149376
309379631
425279353
338497014
568607609
499556082
314811406
227855480
274743235
929605294
334538245
306129818
546777111
773477724
9797933
285369459
982156464
92804527
703340364
908320300
651796853
29628140
887901500
760691487
985163655
38221782
202457593
283662431
685326840
797263263
43985712
749267118
305775079
315475703
856867877
63146203
941452166
427817215
683365308
183334101
324267273
719945083
952674139
465559046
175018789
488393220
47486941
27233753
69968504
611255995
974942097
809562673
902444623
286075436
636476678
776921083
153922462
517331843
71459082
986176979
263297505
211545890
369263279
504664170
410792491
273029248
316893692
529013416
706119224
531847146
789279164
595689124
666026009
120945972
562703623
980374364
547159595
777932783
725924925
859670748
472652503
522582078
269315481
786388081
663174914
665805335
291320990
218766472
207765020
499900838
660817603
35155864
423787334
876069905
67492186
248580131
417589072
901488057
991055499
200730369
68033770
908447929
957224659
467753251
416033613
439858848
124094413
608499981
676528393
770191161
468888963
818256437
476191985
734468186
344211327
306487689
33976262
99127879
731846419
549249908
334129422
63846924
256762013
391714275
233562331
617985948
204027712
777232593
450267322
581201613
955147064
54343960
219554307
984168615
737332982
756350578
713917766
639982460
813086615
979499901
105821535
313992330
55421522
367902348
152053653
188053497
687095988
874436083
899782726
294986967
862212155
467623432
844872875
854302111
429883852
401886420
775356578
789542988
50713273
296374508
647301465
73623758
728469338
255825482
155483200
443642255
516536459
840241202
931948110
902776434
895947532
872026750
588155300
113569913
932600302
51954180
207896003
947262273
736038236
119448913
54589874
837340371
74248463
51780729
128524745
183161029
227035037
214874497
155028362
522789764
983669659
143260017
222601990
760101445
933852184
871522236
133740831
310308436
96813529
846561010
871381942
14184818
175680664
551570956
415158450
241115605
222467691
897814063
954384365
649162618
463218391
502582777
265520996
250950626
29697828
381934367
858512301
901153817
879189029
261531030
979168900
985798731
705125312
935774101
733527845
211881889
960748394
901747938
790983503
791867871
884609642
516343120
636734236
777491136
626400946
675016708
465373703
448296797
348652044
925699451
757034257
980909107
261049977
753735323
189256714
524207180
976987619
509983784
682066483
899189940
1365466
39465116
618244444
604304882
121583588
614962685
654394952
553838779
195654403
110672167
22198940
185050527
393636725
456688925
875785864
717349493
927788703
11674544
735329662
68454972
400824906
421102398
723143436
596220554
7388521
637765758
387774380
309314910
369668558
729876744
50251299
694533326
638822747
139557201
235788314
934366265
516180291
92058986
456695653
631047677
286172912
377554583
679615658
861999927
845125995
289279728
801463064
223631652
514672793
630035304
180541812
320064766
28600432
832588912
35342560
338557967
966980931
500951153
453200982
581681510
691701633
790160589
476320398
36062005
563462772
801168186
674732485
322870266
45328219
428194752
90334520
749643649
129773542
872037254
413630721
656680163
927368783
279334456
700588810
820681692
510658126
626820272
851321467
499475566
367213460
893519853
455032337
200825307
163681061
34561832
44285730
457263952
279088477
150137273
851579993
178254228
486395424
137435735
704875588
567243622
628506880
400697059
97829704
621156844
300678911
699979444
292797317
10348899
688229233
80699182
637704536
326328007
798292689
166460565
206531316
179918583
207878223
723060878
939620666
623188896
286353725
696751410
891616307
617666293
762258459
160785048
229303406
710149875
201047606
128831739
878266808
742870678
856134342
523095786
544183909
756845731
601845187
897938088
588544869
485907575
881905218
436996257
853481034
897874617
690256195
374192647
727839833
386499636
737894730
115958868
608210515
176747684
700887252
400924580
588884657
28895185
697756652
16236806
139759776
277594023
307911271
829115387
549791574
927290004
244852832
797464391
370968922
135945686
945267591
537724125
536290848
279399011
509962417
233968917
197542258
119646548
698273001
556491904
675743556
460253887
304202067
181848652
454499981
960260527
234625754
237241838
37938290
180583791
320372306
936756197
229318699
296930485
216531853
459467702
19448517
872243659
143461698
89327073
465331164
164750505
570616226
192189802
791484750
504958322
334767352
572345336
907052808
386535350
987764534
988132268
673193027
982828064
594707304
40555284
695402942
110235440
337876956
278830460
745901467
824039166
930247545
980365485
659689576
431546524
935488466
462549683
474519491
535671821
391439277
82516482
579278778
836240094
607633725
297253220
426576031
79124036
247596264
487024149
806366260
456696701
27074876
559548068
980687665
399327137
88195975
823101706
278091832
42044407
942046470
260201105
857678678
865946526
968583901
391858512
473225023
381071757
138991805
567529969
179996232
936652919
567002330
223982735
9353399
164837005
715449580
600168234
351166669
146844404
804091002
224372496
846756347
316917727
439441115
969903213
38296359
868506276
70085510
767551123
360653978
602185609
476125184
257850199
949684877
961777646
384480296
539870506
158366213
265881794
951586733
581810133
492068767
681926775
609886133
857108261
969164733
4084495
639832801
254774951
445750218
947650546
304024463
650860506
698223409
679746211
465247095
113626638
908609221
928872278
884674613
770051380
100103350
453992381
540689495
187162893
282993701
212620359
643081690
907239288
183863166
148035820
944990408
599475050
868957795
176114892
109892351
958680353
178178360
496950581
77297020
361095774
497598092
751590143
181946658
126153067
347973397
673228134
469318549
158402265
846066745
74825971
84924614
187656365
209679649
982554719
422380148
524452058
929094576
940835445
397438329
8294867
498016388
840080442
578630228
24296383
28793319
373500982
880375027
752019735
441233365
228495592
789227400
61958299
487836437
580218605
198092569
50683772
834989900
152890049
266075977
221878635
157354928
763954597
638087524
168492312
618234953
501932020
580416798
844405166
536021952
684004353
728324367
867875685
739313101
443098629
668244827
398756555
840422432
698992542
547099208
978906937
244223298
598796972
930877742
97673813
721858150
865040051
986780433
854912283
702188781
997466080
197820350
392544744
772364588
165245536
701976292
546203762
993306049
547559830
309100688
181258841
504307955
337894297
850304584
10270188
842588489
818496384
688049825
133294363
114928381
308353636
897517171
835100665
317651971
706951783
161185815
280822257
702683367
530442653
36689742
400364144
160739061
963253741
106751065
28441356
124587200
217523202
45315445
774331906
708077980
530996553
862220143
148976411
58826816
980083562
767503045
950632216
676573170
160825849
12869080
496608686
361467536
141593629
203128199
348040270
191565740
316952860
925760579
557274007
846039010
325968218
406965199
497409117
38866600
681944852
645260084
74910893
30644037
56333684
762867991
75865225
157760155
12438148
710150567
372975634
531529977
262426020
575182536
559412652
118815601
619485886
501486736
129793897
963960528
642331102
223827088
973131667
302750981
395577975
444747532
379681438
912055174
660934175
762470240
959961975
457925053
523265190
947584160
989429138
794132770
760776782
460176626
986831789
764872706
951604051
428826272
227831114
803292346
697870517
805965964
322242499
938048169
927606780
5164290
808908268
398345915
915909941
616989076
285471534
145743660
720433805
551318713
532322312
797808421
205630464
223666140
575930440
750691804
455767954
605289969
251417987
769325394
634824320
657378796
400759620
779417871
228612341
910635954
122377592
688747037
107084801
449759807
735977972
590024665
314926989
723927928
568895259
754780088
967764496
122705837
901858735
114325034
948659261
842896072
723126774
952172630
118495546
780461367
660497335
270143235
937107421
207014920
371528208
683663108
813377050
741943708
920445299
60743111
961716729
377087818
126587845
88788073
446469979
335235171
523679299
936180201
463922810
85204724
352298663
743242607
288424446
73074980
3216856
525407164
232883503
997050167
674950898
742876239
994336376
64458801
97737920
533793291
478648644
102129680
608726586
896077991
85856912
18213160
624112032
898744144
231755345
74213781
961363763
613854419
373956339
531368955
463774778
485514541
975521669
603207028
601333602
194987571
109322425
959598107
129026648
480010678
709962931
839937924
647909064
521420671
534820615
304913478
979388732
324165865
629258937
72000394
904194484
285085435
978942770
932618901
661554855
576419835
944155746
69185244
371784933
561672682
975992196
496161202
653255379
741786215
885671485
925029341
739231447
683930314
822720294
67846024
581363692
89359530
33208229
30875063
857745720
638058243
92587205
389490624
40935494
179699613
247636081
705882218
650351221
569048255
754652457
606651812
229525426
782565444
254350048
64780695
101779920
500554214
937223084
85194902
368487992
800051005
741436276
920053937
191834333
598904589
89459121
353522348
485877594
379071179
324698118
371369644
901234386
144411875
55520160
754978144
793395833
464687095
749426063
579118838
562441555
993642471
825896235
211520775
416553104
807399815
503034831
236803411
396396072
155129272
23479810
498768442
764926469
742173931
194467476
949783262
228510658
339906946
266376283
454692771
375002810
461332410
433526905
937990053
434949666
519500120
730279891
657425518
819908416
759619525
556095139
436995562
573506179
54175039
826606429
775019156
752241087
871279856
929136643
577300740
334478772
408102650
93590522
704194241
613000714
430238413
192490933
504787739
30100837
127629732
786343509
637751011
274952199
666675566
723109662
699473581
969396678
202411183
481846962
770991680
440428178
192196283
324736171
131970090
699759170
385214658
778169338
746669755
435593819
318394434
368946979
770603109
326609176
25445419
615672719
516016954
407683876
597107163
27953744
836237507
633905306
44288808
685512811
487415566
900576076
556466296
81983111
25871782
917427394
854766345
586469095
103520105
361608819
572391499
922093430
718469135
133438342
791865928
174193020
725420150
94337461
826538108
510780348
906673108
175505412
577855193
101014743
78944736
368859098
179575972
447352817
442692313
193282552
400524564
462457327
983074709
425917335
945014223
818159367
434893858
880953746
3621934
742977755
836917015
890953134
974844153
874295054
296906135
682360019
666238328
900760579
867480070
326324995
502898684
568167678
913610589
416530790
906926661
902220534
227074104
942713522
537592389
253757195
85151784
802382106
369140995
361198526
198807422
310728127
710474323
29635952
466510522
25912846
62037931
356873724
486080264
445272344
82443054
230278946
398502109
31312009
82842309
334397144
510005608
723456752
338145857
326623782
391729500
707410674
261292107
958283283
451964986
216002023
160225630
27216398
978114915
873931860
574536069
867965643
831023831
135927275
404768569
529209515
444398458
62035814
324363357
435188819
797274831
215983101
975414834
218968766
12363160
275390283
708722552
178319171
85660632
509814353
41353475
882568743
364155875
497024664
262029933
282358839
606877760
534556798
61027109
232028706
445548843
534033241
376955119
48227882
959104223
408530957
293386158
898920383
66231229
235157769
517601355
443468565
556314651
482272477
31383059
578469800
334843072
993429907
595403019
338454559
185233188
562337740
20330033
52213616
188535213
95515945
815885686
97676645
916721608
408837726
631311026
224474994
295959294
361960433
154449496
436251658
400221370
908607908
105171729
274681022
307584985
631094120
569287780
988644982
227987983
238106150
951021638
697219413
122501474
741202922
504683416
272795312
936206567
638836745
473165768
980709405
12098640
31761278
940769997
872349380
489784353
485671930
626024567
697482800
695157122
124807743
954610109
554501020
539494827
327909092
498399704
957084477
612456804
742740818
151828843
92883017
720537314
499721523
106184839
123821157
781662035
820329987
153726841
681904087
899921715
201104255
128149967
843363506
686137267
508903829
376108853
965441013
344117907
292674997
61810493
513339038
543910236
898519509
890282163
176052852
272970971
672415860
378042227
919438373
451379279
969349595
84672524
647475501
832288230
782690532
915119165
555712477
135852197
297010184
748611389
272447673
745714969
769062065
235326826
883363475
467913429
999474192
65505629
52002497
225491987
728678988
405259984
229659794
353023094
91463802
468066009
139580981
611279712
371124320
670421546
428192354
41171225
45402847
562461750
932950129
882887431
422849013
660504157
981556449
937424465
400463303
370259562
198103241
561182774
840332613
110122157
129956446
536229413
569561031
155471666
164931049
349164626
623187643
954417252
557000977
258429489
717842569
206956632
124297828
716478209
964871393
702817204
323925430
41269905
811851759
445265462
725444511
955199179
342577287
439904253
975112522
813580828
949365099
198906119
47809097
953522434
704020713
610692999
352072411
862266192
872769398
929054267
589427047
437219768
584654664
217042160
69527190
356635598
899412395
778331180
991501244
155088384
186072396
583733561
147954475
159563665
240140599
149367227
597208162
566904383
777254276
866457256
462952246
235797520
670057524
75628914
257984859
549213538
713013296
83271422
416202880
636873792
573468910
643912794
652175586
666611860
566989411
615174887
819080744
207934164
442603045
87371966
898091304
857449305
357198726
668915416
345963107
44518673
248497882
281423228
420306966
922914313
992055047
785598697
32244796
1672222
944494913
675201337
90362986
46199216
310198956
487085178
157479084
990705002
763934803
643796307
135396737
539157849
27028032
434375055
581057149
417936205
981125874
12135016
34618416
254551276
32876002
33395006
596206970
279011156
878912887
267971679
890021673
671688186
677383254
8180719
988830293
444552242
654067801
264950979
431838507
530468040
660028855
2314926
7719376
157627318
39205490
541530177
484292716
84072060
158259527
318790026
609306609
552136200
76956235
809810899
828542387
411826545
304456243
954863125
850722384
911694001
20041659
767248027
220456211
765855670
480021148
758799763
127174618
265885080
275219471
933221364
328604192
194712606
331305885
118061392
972890797
564751283
94409131
267672666
362205638
140793643
952150585
485695699
746929538
382234822
243425235
450313505
922188426
614580730
884676323
202983398
425342303
144695833
443928461
576035662
255124444
357121030
521202221
438852384
950482637
472024796
809647500
216127661
340837153
386171989
340028366
320247830
333093041
164591958
740047858
960366517
424920699
971451011
212559931
740778000
835816149
579463300
720300803
183263187
433952542
406061156
667186003
60580359
427614420
980864110
453513395
382865807
96270720
524530217
378691709
383621803
965784055
975311682
88062740
598284452
938488400
264904308
913430421
119732874
320581971
821324261
405293295
71105435
843654394
737287921
176742007
793955716
502528811
186519437
927010352
387817623
904500937
284558642
110093360
119427329
678408731
381263201
379732720
713401200
166848457
224923203
361312405
646380029
744803518
666179152
237869566
841005801
734679150
217245707
556711153
778618134
488299691
767823454
976910351
139299494
875119734
375542799
187032976
329038386
594347754
50826697
804674998
192312074
968164547
923672693
778332485
372214776
273526764
819959052
763493315
381733205
652295998
476580079
37879646
877782618
429080264
437596622
789124549
220595698
347971440
26257428
253793159
783575744
218332420
884027670
640341654
956560946
617973663
896853825
848482161
557739568
392807324
36399269
380513737
928450343
793000284
419176020
59864913
35534592
68824608
448034421
78028570
558149408
815000649
709122184
660290985
538599079
856290469
422771583
909788628
312876219
318852703
319699232
323922956
278826029
41245894
589932133
105263755
38713398
25628294
849983144
193872692
987165607
71012734
124533387
432301483
803652985
467407286
702712754
526414591
858166457
706894
908005415
645206085
386564004
392323681
405823599
608506632
855420674
359465958
711783732
341936166
92424632
628772186
723904005
474954682
934083692
233636420
917774759
881491862
456614408
196704972
204876046
380221010
551387747
525909389
36522182
28031247
285138884
205122246
15351802
999748691
499324065
291742564
873213170
465061985
18270958
839961275
36538222
970691062
776324163
14089881
621645608
799657616
738588004
838186361
524200166
504515549
252054996
975983776
410605953
286599397
534693944
821214077
66088588
148130361
615683153
660950862
624511482
662629666
478186899
792671402
102525786
375377312
789478726
329970623
938472065
730436644
72058014
839640905
638218296
82446171
308240817
935920424
131704661
256346466
315720145
208935188
461543302
852434440
119529807
620144128
356803675
719596695
76858406
680333991
596915876
803995482
989122186
645150940
873638478
647632084
24861285
691115978
4361527
865413767
492321947
505895853
239772096
78037457
591050194
691872945
794040476
939284340
818720908
355774943
969691309
797271668
246874931
76550604
981838412
853194808
660196543
707928483
859048999
299629253
649127303
122009587
43518936
171131613
51580937
657884404
461789983
118977639
336438488
178488792
121907671
53799438
906077384
363604151
861573034
700957265
35501427
366053074
232823140
109374344
873551923
526769605
143869250
596112295
960257043
122670568
214067458
727398125
450715308
386553465
256202877
679965707
550700545
703680562
776438834
628349914
180546242
231090168
602605608
325441209
200843748
94875039
158812457
842490004
225134959
585547532
173502091
887801439
450221239
642647168
686357682
975273058
699203358
970758736
90965756
693415170
107668230
163823592
660651553
762253391
16065438
329271787
634498218
87085236
399224670
648113028
54562053
26732183
798093876
770527120
248208532
823058476
821103224
830816395
759050798
798497040
594068130
988636534
20095887
320538594
449530040
646188131
334493576
715224487
697568053
324892378
297240404
981502584
725001883
943323553
269035134
414894293
646512337
579626111
316806916
336423162
566663159
888546619
815978028
860470398
650103453
817565860
323699815
769536359
35834461
7992643
849316019
491284577
426603325
879011710
263332830
624349502
401863017
172540197
199880590
761184829
196527545
671754002
178106275
773424668
262490324
912184685
695776762
962364853
460611610
559891261
801143659
293759353
748407826
657531784
562517619
176909436
143694836
722227465
700664426
24435936
433913834
695410811
836403602
436326413
768829439
92037075
624894203
356235034
946506835
729233435
318924632
848305677
481083454
965319457
462862815
472083885
247370089
446720809
315028582
732267088
435636736
18371684
660906630
177919902
40717416
110919229
12982096
445021858
830095307
275550486
265171825
557825413
509821203
741175119
619084089
495714574
626244362
871744570
575683609
243590951
741311406
644055291
436095226
671259789
402746502
763611881
381444883
354204332
586845254
972318163
688391221
854951111
807871971
627007148
402374394
22489716
312080968
916913045
85544467
408742890
745848757
103803461
682004990
290374381
749350775
15661101
825384152
919176094
378867505
90268281
237689712
652241464
148387464
971985413
555520141
298317206
687683788
600709371
992514425
2379244
720465547
182129245
904361555
337213436
403908898
736048181
98017957
7893742
283316421
530534140
930874512
749192460
594492473
291046743
226738660
883669182
782530263
11128933
689660648
708442683
486460107
763702011
434214613
29326874
802945103
682790871
204639334
944946643
766588882
304890514
376083839
378299201
823133045
820361629
637414948
479084421
883398486
981072895
227251998
22829366
537846963
584943562
281704574
661712399
698744465
485576633
951596651
988928769
615024347
308520646
336361825
971659990
570504549
731423292
976045685
880991281
285793333
530396141
524077671
169279763
292534650
79022614
762425765
424094668
655814310
898969567
442057956
705694166
231771224
921096074
386535650
751725780
898420948
590287802
564912462
895093501
263749060
135145669
418037024
371701485
323813782
337775824
119011169
80007838
365160872
907116923
231895878
962621223
842968959
801402851
852317553
710793315
877978422
686080742
137565396
808653668
879623900
518339739
420934559
462741120
656761522
548023163
335972910
204295397
95903694
19707845
138279655
38976172
284745822
354171565
880591052
931874416
606254114
174644526
350234292
819008390
690710268
350986830
638907733
632861598
753247610
29135158
18632577
592086647
901788895
53169788
109369402
883157748
656175278
514525722
250603738
635373987
212146979
920575731
943982962
682477426
837404692
262760095
311042980
903817194
722148253
705821059
62811683
254103396
105746371
890409505
874862061
630012507
32574096
988434145
686193138
47811495
217244524
242108484
120173769
8366366
910122861
458905664
989494977
975281237
322940003
340323724
440580547
234636611
185821676
317394149
734680584
670344073
140354247
899882483
636939922
146315218
769072634
348757717
103730751
400755145
885048326
638703423
555654857
948915663
381047106
189938120
242714050
799915110
844558607
885174703
971015257
36158696
371211480
637768990
975243989
20626335
961285161
670280055
992832656
247260529
652931399
872754143
805452763
279549108
210040508
892757485
471509978
557696933
899331751
559825673
531698330
268465591
121394399
511621245
459700679
504604691
239867891
145554776
317529785
678884487
65388578
457434063
499962822
824719350
833115295
960047074
79939634
860072376
443720894
887755042
761550739
541184780
981995387
3719357
124065703
8485725
149742301
656316077
330472278
984550569
461480005
62747642
464262749
202216690
602385025
384210442
471633696
621341774
861856834
437151399
955606473
254560628
389655589
97256064
939767882
115515458
163796618
115576592
629030242
697363040
167762302
490628771
431000702
749386678
939054154
352532654
763611297
609264400
257866983
413180093
257116609
849636679
591232619
810353306
293743753
887305125
241321082
433579457
67620446
958565707
244286761
122798296
581036816
386169359
689747529
587537990
792667452
423201940
694605238
539181872
742151529
520460399
759378195
956910397
328443685
899576775
651000160
961576187
739821190
133405138
152467029
414794715
510277751
281382121
881056684
177044714
566233107
998329118
584701141
594989398
781798388
155245580
357657471
113047765
23971091
277507958
599526845
289207233
153828541
124735301
895764202
720741432
700614523
681426859
345284452
328827188
878398281
758486206
827958179
453788269
388603212
923679659
897783023
512261617
524426049
296305660
765511227
423742305
416657186
276821028
557861265
565941432
708013372
27211536
377437545
710607139
956744882
927356878
51208764
533172956
928839471
925172038
531428072
200439074
308803513
764281219
402658672
933151837
435329716
874852074
14451575
828590634
265703569
459472312
341164211
121880350
807417653
125291519
712296552
817841492
168233507
211272224
943476996
563117767
409891450
658492934
165653157
2408670
794851779
767952412
830494128
110675683
754646612
366717103
463755095
163975259
772918384
631006462
110479988
81260067
814395842
22311168
15302462
788572148
240480147
566573024
920637266
118566895
573985695
914594121
142348717
747971486
924628403
804264633
300611180
325228566
328895060
366710626
941888310
32825921
475137839
632889684
180571168
140626726
653078751
188476787
443796599
569367541
44247
121365877
526636129
351706778
773589332
768670069
663761402
394450704
648832755
805984190
647613204
194374650
961609910
997624439
630036629
910667108
114649957
626766605
656801355
41145315
164602216
294911848
604927737
218609961
243831965
96558279
393528369
583851404
190255650
584366529
720466028
8627232
556487028
180171608
602067363
871415179
308334649
291512807
122055049
32761669
910865719
84872369
154943139
578840968
296382608
512677362
235455911
804134396
639939178
397794900
303858560
621603888
243117972
573982258
939647797
20983939
937383449
497378264
810307736
386293533
738438423
901649464
581964781
838526893
268817662
450887457
787278671
578410072
781749949
231397555
122525946
344993264
370929977
154228405
492404490
87573486
322278420
464856533
441275263
222213673
955887820
674452544
727857794
974242890
849297340
320554781
851562756
985861895
310021707
642563360
802382399
229012309
766478328
808858073
59416693
738301381
25937606
302360771
194263505
238040419
847892988
28536016
441945592
683008434
191199578
688841520
247415212
113210981
942124377
631508439
484587583
757580341
737705379
271327908
689296193
845990730
800144817
807164595
611388416
689242894
961530610
877426077
493462941
510564848
669573469
132518584
777727712
432963814
90979686
49001699
613330643
677467483
16672917
73678377
993502376
160775874
880627656
288864867
87326895
563172905
567434047
162727721
483498828
10195706
210294353
800269166
610107882
589801414
610409262
508458348
501646825
670232220
664273534
782483578
243840397
519714003
662361451
583413568
537749459
806958337
848138244
73447729
393169209
993408491
372566120
689063238
787981456
950955448
204747447
648658717
37357398
936032307
912802215
30349524
639260999
345983166
477701066
416685155
99922609
585091961
99032370
680905119
22284015
249812025
775570091
643331479
277437009
840761942
842901905
673988246
152239030
1562412
518462729
866610667
426030933
346105596
85303342
236886216
782245606
955799889
932807245
512799016
102362247
629836479
164824639
156199601
214241997
158750295
720901712
627688765
572152892
534710200
613318050
285454082
903835183
167844126
687211932
737031161
823518990
364212108
615984183
38974585
353240750
529308628
714063661
693587186
481140337
32371339
117836498
250726966
509831379
216318778
2673192
249288261
308789049
476749701
524887620
883490464
159380757
393701720
208909374
229227155
578714065
312235376
570073806
627924222
118920633
781139643
490193534
748496289
936888506
467943030
383443877
304952392
71340955
965202678
87193127
609515199
14774507
286935110
681890181
725313219
534059330
893501194
403546895
356067351
79040560
136251029
844610511
819106867
810038402
990948250
187137902
75647690
815684231
536364518
263189190
540832148
37954039
434063579
73995568
429101820
742706551
918494530
451386443
378035621
707701348
911088144
940175033
876872262
297493898
46588448
673283100
450483814
631074743
399567241
744058205
790353889
627047727
941274023
225519553
217724831
925685604
487741690
988035991
19978652
306095270
408397881
979915934
449495048
42555092
130802022
598135296
272465633
526690409
518609136
389538399
113153581
407201972
576389320
359711098
687456346
596155457
881198071
727144923
552763981
828978832
294092262
23344381
807999462
668024004
144123192
319791133
259555739
706661205
922521125
745553698
558871364
921389249
164771112
58006551
723285530
567710755
31964209
536913473
64650595
137581930
848560486
332241026
802848171
479549920
438711252
695952765
856961671
548711239
906784558
494827412
799770652
754875349
437565744
945739715
229287429
989764568
410764666
433748382
181713257
860617032
120540163
210384309
325273826
347117197
175615129
568516033
297342081
50352161
749490589
884586956
418948478
949358110
205773058
32274510
266430581
670515424
367333388
925368963
437915157
849082736
762707812
672903013
298775148
490892196
233253452
976634163
537509147
955723131
593748497
999615123
729093850
70619359
94904617
254183720
305494968
179972512
435296691
540741758
436050824
845106095
473038360
617896999
222742125
272285923
247062170
231399481
298346063
116543154
585014981
151539459
534341856
265866510
501549519
121244922
915048900
127421704
9011897
454397327
899006594
656325047
33344458
390497578
647833332
154632330
893911237
612496616
488494422
219376738
195073389
263226332
149637180
617844709
448778648
260738327
23214107
783883
892103747
813474816
272013688
743094354
494732097
854460457
782533238
625239345
951202254
540036145
547598081
283253
474271194
442257138
715634880
275843328
541318705
978769775
694758977
551709765
940337173
634443313
250159571
464702610
619310962
256673072
531990338
87920187
228833371
964690750
643522531
120278678
852402495
64010690
33852910
287005902
235336983
790223791
102482036
466396205
796478900
944561164
852924960
276503858
899369230
707136589
615227013
371526025
567389751
64398314
6605351
666690256
9642770
234991788
385858608
444110753
941836290
533051171
267606867
452698387
714456551
160247657
10079215
410310006
679511884
217191327
377757027
309544594
256040657
45433398
792647548
98918496
550029309
709465541
293799871
690471818
757696689
424373060
581478865
870750229
351733393
408500473
44823418
24716190
247374794
307179859
133856288
31509703
177210559
963845620
40622834
53159599
898135021
863783162
719510807
121112030
962139686
344543639
109102645
189797949
6491731
270769329
101702965
614121788
697931849
329833093
218513138
550975427
921801572
553106968
830795575
880388957
830352882
793013790
151626268
785385553
860250261
240847173
549254346
449927077
29243221
312049440
688092838
436758198
749626069
472287151
693499211
835572927
457303503
428721285
500937943
51217862
754254620
346481572
999960777
374573359
468343303
7086395
525302511
452993430
211134555
196354034
79442900
766216649
661144971
494045768
278144073
462101964
859118150
662380250
382857577
938272247
473446666
827812378
701627817
429288897
386177580
18091531
442447878
259660945
847758146
236953680
439409545
804261000
515861661
412715409
310269850
287664077
130578875
252000643
948136238
671814992
241723530
167271211
700572634
192426526
320959668
393786240
995527047
960822981
156078532
345916508
433721153
263174962
250492214
201398993
451224633
634883217
263933345
412937193
406130604
302460527
421597420
888863811
613654067
479511112
122301208
914105980
415333008
363547745
615596550
663991181
683628883
686806035
647809375
342681364
291985907
803064633
210502375
850599931
482914841
904695908
868865749
593525904
802783260
564032565
167535364
757037553
306164222
267389220
629549588
378751956
233491066
16347586
535191567
489284651
717528848
8386258
283027784
922982419
725303473
942569574
237523458
426515599
707664166
495455208
292285623
548237598
971474051
737864327
868535059
492659878
457371853
793933805
528974048
646438606
261576790
276036079
588119051
203607536
633025254
720332851
883361044
672158918
914068897
520687971
337975433
708286328
192497497
838695701
394826561
744966641
63666210
818186586
567068695
277338128
783905502
925223738
941306515
178232587
619026436
514962400
765126733
649397301
952786636
209809257
497277514
325470059
82675754
348717914
37772599
390668574
845820618
87151772
816175114
754256863
598219723
450072411
396745363
393602874
312892446
982018024
483763122
709184186
293715792
759960773
578235103
229546917
658252475
752021789
460032358
490306831
13983722
867095539
288116867
63343689
753084549
424379770
997853828
826855429
830317726
635324802
407456634
541703153
751150223
136489201
645639591
107067506
242890504
193272695
738706729
112088237
997207976
355943942
636665278
17791715
478272065
486841789
213534323
442311016
508749762
34469183
276883684
459395979
249574275
929797329
765462485
268630310
853377868
845011292
895356651
633192005
993790507
998074502
81847932
268560046
504841182
69296855
284839412
40949789
649418504
490466181
834739175
170318640
274456822
178007775
895105146
133871273
744804905
688175740
439970459
941824063
100058551
230427465
366654613
443078047
377048649
358056532
492482987
748407226
329049688
922603736
876195088
32135454
928063785
455178441
352051596
143961954
709624538
220740777
631353755
564511285
972697928
748908802
828242664
416541637
225328495
594711300
810680076
449475670
770909528
350497602
115573048
730997848
442941964
61789861
504813079
538453578
338568378
4454259
388934958
857498295
995821358
500387048
183961225
350566040
455627355
986725516
710515519
998186641
969488001
489267840
999694711
256051209
217977868
204685456
786614106
219328913
727434356
938302477
870345931
841933874
888385081
791142173
371077464
400232316
329728022
935514040
370623720
115900263
437880003
452490622
828879757
736953956
346959827
641725634
240945683
821095063
822149874
849730850
786343169
221203160
381319944
377746293
944342066
728962727
921115832
198657577
79077398
871904875
988275716
1777490
198551504
420166085
249951551
963506685
237295900
200044210
335601565
151686996
760683176
165186336
885196083
616426353
503922050
821580552
232370029
167967185
690699036
164639479
711346543
349253033
349048125
40732222
487882162
155606163
128416266
682535287
258986228
611194072
394591218
142144899
780866202
84473487
664517759
733502935
687182724
67433747
947097985
996674556
719481578
551390501
617298811
189981241
523811908
312625751
572576461
493533306
151248915
477456684
837547349
872326035
476698054
892572686
19270478
810555490
954486815
888683132
560368585
707244255
486407296
76182207
116586324
590357176
680140809
966146192
160580860
162115978
54506252
658331320
528962666
808441270
375129403
668496119
506265480
742821857
720791555
306470674
628536262
598453196
968543715
776643504
689326013
469714678
422684551
841162510
253573174
728793611
567592675
848912241
495576414
871915336
769380194
585629109
147543227
530411696
469413004
622017301
305741396
681531861
905621182
502856057
274073590
690931136
95870870
703688353
115949638
290348740
183268432
86382983
553260247
91417578
276820087
981180992
780655176
333873712
51576998
889156031
763735201
844265169
458632660
674096480
309110708
789177893
276659408
331782563
288083065
962319597
939933619
725977573
811620509
550270701
709769197
285005834
780750403
967536470
844989286
806172925
699147124
701642019
219428979
995505973
777578071
418576002
78606795
536778154
710006520
804640475
531012743
78803821
228980184
266445822
21342939
856709971
702134989
27273994
308692130
385653863
487606028
256751008
414375283
858972265
891546219
968371358
556491317
182218398
465263140
250840696
712877925
621934875
145162766
155346075
735873623
175866132
89311787
888089391
813879124
544063442
280650620
330431414
335655915
471448520
768180198
956689756
988642483
415715181
67042051
258588451
847499514
736897355
869743579
623310640
816503824
275146961
972856244
327517817
382717005
817986101
943131835
227973237
328570503
353446395
621219537
465138187
854218262
686549997
561915826
65746696
742430000
184816812
25065833
898921996
763364148
667472086
86662353
148383765
507572567
91162103
537904005
474797288
959793755
599377893
878448893
846755090
4284131
618474417
696057858
850945268
582146289
434824314
752616230
880841168
678904435
47950344
951154026
820156395
481972974
495142556
261628225
735852014
17007146
854943030
855329017
330051759
423018290
771918192
828100925
36368580
291201329
555444946
752513643
527269572
40984817
749806613
261291557
46013902
712127071
751160737
569508545
798010027
291737092
395175031
549935572
632439265
914254815
918511
808282461
242732574
373319752
985391258
440086148
91727908
457746622
171888770
220994232
899733824
744658072
415012867
981187756
252922284
532207844
613698175
588585299
257618782
607717605
696645329
736128175
515187471
362431266
524604566
358511277
538552857
502399375
805725674
200108166
308978742
873170924
630066395
496515831
296027724
355341097
623331115
764040391
951062160
729336562
357138101
212637077
760654103
485992666
191714320
194906037
399865476
844640747
80871052
675293033
680879219
645572132
696944915
648041975
219329526
253428050
315309969
699206105
226670731
922630128
834858738
223508594
928437630
871238907
986486696
975535511
290858523
43844003
897377787
137564985
740748831
996831995
610338641
628201230
204648533
260879299
306344792
964790468
890662958
914711082
169681654
922002632
256715954
764564536
78631292
369008535
477404608
918413911
22509596
867021618
872439103
657393054
924209167
406904258
961652312
466160525
716151011
25311645
926886533
952362852
439356710
700204413
33650799
454855439
617798264
991235905
267110724
840490035
831685665
705428397
296788761
135690625
573348793
568116295
989468445
762066366
258795511
62686526
918576679
348649933
209228839
135831622
9734030
186283815
147204432
977555245
235521690
398354110
571362843
334603604
813992740
500534407
35828357
644530481
370669416
820452580
451902636
645671061
504071283
31350727
56726457
213442436
121722663
778616676
823949039
921140306
672876114
108321372
853691554
207913165
60035225
873844314
919756229
86557626
443856581
115351173
753033553
36332841
511511910
632267325
423691326
340864945
272160
99109453
786439798
691763085
75992269
180642266
666049000
836902908
578787842
446473040
665983082
780449663
241844933
914463007
725699348
916648312
82002611
929866842
913891292
941388127
244852038
151297049
980420207
697367150
812599147
229387090
141833726
288995302
692838193
579015871
768296404
92690085
771822149
791794679
388532983
500495089
983550829
453380980
538465141
603884512
365676457
973117230
692510860
419291959
806181407
298261942
651859804
358315913
51286118
934514757
498449975
592907707
454214042
522105031
11020659
860884464
75601700
849127226
904286426
779569522
704052832
806097340
718212742
939618181
800192887
58315634
28103796
130487989
640213713
849521634
264197854
827148238
801079473
603010843
520696005
250865116
748694035
976208980
492657551
577417343
418759617
195820651
454683690
30798494
233311972
782188524
447651736
973571268
809937687
805108540
639300816
494973254
505001776
734211480
352466671
255721643
507209489
854570404
260364703
67027869
609285083
725617998
189040344
372612186
375962573
406659127
541531957
818031905
298995503
724769282
268795525
307962689
604662560
365033850
399714764
703091222
738629895
254518903
646100988
146599708
469363035
963643778
185949681
514812793
849594
613055745
483639384
8127673
48944096
436790303
539497922
355351694
105517026
219661015
956458617
142923514
422957677
981477667
966924529
223301415
871658695
491130884
994365212
896101382
650477112
204828512
467373602
10322175
829043165
732398702
708687539
805691577
562538912
582209244
242631872
698973136
622883133
195669689
991703094
135584549
725788805
779710311
663434927
530080130
805213437
852628945
358415546
455768735
443350620
539255554
485841411
431151561
468393567
961084656
500632813
384542272
650363031
171229524
53621527
961827847
524066481
39481563
765247344
690748246
34114417
604638897
759900365
69120246
538826096
501328613
877717268
393812942
746149822
595784028
759232256
82051442
565058037
424830694
211417541
932050108
459807290
614094071
930512603
142578086
570960962
379286223
471136926
629490905
406137649
406662978
178716271
570796939
906122178
995341582
372234458
862534228
556544653
606792703
821154896
368884293
59499377
4832958
890260363
517102384
586572661
257299826
843972638
866018975
196282788
143890834
972739160
623342928
647219183
640864036
212428374
782923061
585320900
543578125
545227729
425264676
350079534
471747442
59311406
71991134
503404992
932533322
649399766
563764516
649730517
811403835
265968282
489145721
355666990
272438362
821339782
845819583
970540890
992407379
820561698
187998995
469076401
596633953
307418310
236534253
932136448
925440107
437543031
324562304
521573238
807385064
886257775
93902194
976438594
21544235
437142644
273621751
735222259
583582085
678870761
932288418
355038519
243094586
856008279
13415747
647427805
329766553
154384488
605053931
482962786
774918821
340158253
599008399
797615674
699837490
718288042
368127701
135977517
551518895
715652771
704267053
769323017
492226441
978455469
504984225
342283427
650396036
819891123
209687639
526583150
111924460
555631633
943964646
589494784
139760812
956490758
511009110
37848967
159271490
737511223
342369560
995451276
612049985
504427957
420370388
717992179
383169542
195276657
912179511
937170652
653845691
194345025
818433259
424930877
657610308
34218881
78332865
558022915
816241708
419792904
352749767
304303401
729076855
209398656
760283508
135002820
892301891
627575432
198910443
607164658
478719028
177096559
322224506
958196522
87399430
398350547
244096964
635194068
945074398
543888814
580241101
80841225
783454961
103833978
67667636
440342474
9026775
582072813
345430524
872495086
770749593
751111003
369585462
45897324
814812305
429449251
40767206
436975873
561661576
66778269
388281633
151203671
683364323
279090837
491587585
988584782
796528553
657748989
668906144
491563279
116867988
255925379
216702016
275464042
311379252
379100537
196566960
122277606
866948035
150182351
987373164
869144034
537542237
551221738
202806108
984149690
255540829
701640299
989340040
127756128
15106966
597675291
590435448
99884966
685960657
435121066
321400824
506850452
613939675
976876138
70265127
342814946
818450644
13233122
938557000
859592098
546800114
63792818
999500449
793176978
379324116
538630468
80168776
616420102
635468249
146981220
111843938
10589515
45332182
226560513
339283188
919322590
836100087
954889667
501096612
897071789
695314901
684743606
295994730
67612956
45234563
175516098
905694273
233618330
401470810
94012988
585411821
849157789
195489014
450208541
542932105
898695042
878079419
689177715
471812861
742329613
675796648
574933655
448190163
598242824
498054472
524541829
602777956
528381778
925199965
661208229
253868650
484490700
154595647
290045978
710908274
642500383
833651867
475573770
566026550
192466586
661364939
365414566
983329349
243769735
801963088
721998310
441665039
772803888
117492472
175398384
229740201
835290483
423583871
261868874
168675353
527468881
706045270
128182605
66743608
677418700
207253805
707920757
931989213
633011057
241329713
539005256
774843628
269141582
456693762
28882947
26748980
802758589
644284081
373293559
71807094
580331683
399851576
685070908
14117014
550727268
730335026
779251392
208970503
536535567
619542326
940685655
895560319
72667654
526288212
743404504
634626557
824738074
84328023
415964380
930086326
796715109
871883708
126940992
199497108
878638059
247586882
906835408
333202394
501134468
379989540
172788387
299563729
889546465
681234380
602006197
470096469
508702335
799200158
365400235
33004708
403038132
599975445
162711291
968311612
233872280
112214913
325982559
590289850
413925093
622401819
476840152
169676230
294016535
203858645
355927533
443311892
935157018
235407355
77174961
35354864
63356110
920620249
195416591
159575088
821802416
387948277
90312703
849022465
336853076
617485825
228675539
319710730
483385429
783339853
928080676
997105729
615725069
923151096
998824795
77728363
267324127
679649269
17677396
569988496
927708159
103010641
243246346
700554535
649417019
125712326
410423992
210991095
371382658
285219546
822480545
920639764
614904379
680570154
664317642
261098193
70574552
670764766
524831263
609998853
29335005
345213151
396665201
19501135
161398271
709329215
857534615
221759454
999963760
653552826
48062419
311327418
174837477
924141671
913837641
304126494
725430572
844996102
310279554
987320656
54714353
368487245
350469816
661050685
107443638
103007412
375801360
270079783
415547689
541667069
502849968
145617231
135356925
88657358
517828729
491979204
528241101
65537499
476303066
454371850
774079222
294763755
529088664
283535781
70475404
886360667
177849217
148723495
929813314
119703510
514977661
35733291
662872320
348555046
351169605
532801971
164577108
658838079
780887005
51042971
589754590
904797551
49542106
773518538
359847155
14137836
376855518
891001389
753359405
968206962
889883123
189638472
376485611
950119188
1276324
199762458
997563998
583038235
221958621
414594116
182322969
503583939
678765506
655265033
498182099
879582290
259163613
272461965
417256431
197205260
401194275
102391318
585507568
198027247
846789366
805701705
89579662
791236451
213887138
793545619
43224710
29860600
139422534
209230055
813675142
564603192
819671901
750263067
329479504
787816798
911219913
639453169
509555755
784934463
804926959
830741241
215696124
188641546
750073603
860761371
478960219
693988721
629358231
713570362
468780542
913068538
31206450
948007668
748318689
8665536
572549328
436948179
278246012
747957798
140109822
790927235
442005176
363975342
329382007
427592895
245232329
750847367
179827071
130543055
805172918
510012361
283272291
505793682
580415633
103427080
147231257
667851187
394002538
987589802
698331347
429892289
134982515
557281906
398403036
955070090
363250057
630317355
304148038
568324697
2734083
332143178
62362245
898885283
531651431
164760712
16193094
551075126
452502134
243227343
212588201
630863301
597822506
622172240
948710823
420480459
801185416
166472937
82221577
157638021
13631123
427879264
215628188
734867444
321641556
41599854
224751882
894460240
124598255
714818275
191276064
279912162
95975221
322467368
334094565
254256870
405510958
247258508
215662196
395179501
71240106
624648161
699034200
727320347
674694222
226400231
687280664
835115062
1504539
351178677
514747112
358916825
234707661
865157924
894796818
748217944
639765435
515767609
784317100
726995010
341642405
109090332
561288004
438052746
308329156
537241562
602143484
455764250
933546839
793283443
810685388
595532619
563227878
542317409
525664803
179672145
279238937
5763764
655688415
744010820
444872531
803221340
892418095
531483287
902955381
11168785
66749304
597983163
204018197
668486000
326218790
758532890
246392760
569589940
508742865
773994938
195346308
618471855
571072596
578221308
102590370
619613605
466982148
357771906
783089191
304965624
557066518
340704293
384667581
511191198
515263052
128511643
696914932
8269048
75374678
990033411
516127107
799633375
865830576
463154815
411401941
444882711
991012037
298351707
953046467
593694062
500244338
94399607
274634648
155450336
623524000
780395714
118855946
844879212
594125277
470082708
494721124
861800734
970837659
320215206
2307072
42632491
771851954
85445358
732686354
112196751
77763336
678832158
635360522
562514929
749555528
472223509
867407323
905809723
439922337
178633863
736304134
71651334
733730847
87401618
245523917
278162888
358164892
964767189
71979894
287249254
130688140
354741822
592929181
93034968
37811849
492557591
664965404
583436047
390589186
364125060
97848238
360819921
677616516
283100671
685774692
824733474
731949654
241981026
279035664
686012306
117805170
671300443
188931887
287016229
866932682
718441993
724813748
79201625
91221430
90867593
777680418
827695828
495001491
306112891
535000780
820447125
18556836
993966074
382843184
809277984
832432088
128843270
158447221
552049438
795956320
239896189
475687120
733115119
294481062
619197480
363179773
911773428
594218275
612182046
532459723
956407007
262052840
641160942
583544481
400050360
262455942
28031025
441374339
418350549
901201552
726953975
937191692
29509780
488789459
684278327
632471403
41868702
285655256
876551715
562602785
940390103
709161200
661655229
595914603
470363685
11730808
285131
887334331
601602020
13406682
797624204
798015561
509036441
370610799
158348228
164468692
450930377
209961520
371548375
18086377
531371014
429157073
305295682
232091453
677170581
760541610
361277634
810218660
978914401
594150048
293046625
295086157
476958911
456576153
898482001
917058917
904602284
633189916
188851266
363917388
623908826
786668507
333228393
982295565
707728127
538873792
556931990
216304414
763095047
672211885
703430868
995979292
419724822
179820932
325551610
66983944
497595719
915006448
467811599
949909842
40206902
273283018
565798442
838070640
779070834
642866152
465337558
517921154
621603721
331289194
184766341
472881546
86601549
318146837
534238538
275349897
920449271
679465402
993362672
353237745
120861180
75850997
222647215
155754484
411931408
293239576
608353397
771005001
671022884
44753638
491987810
894140766
220047324
164851654
986104080
925021091
141017918
947324736
849425543
612988379
283066451
962940256
750727316
308978666
996911234
746443872
517764272
651951176
97238386
296728021
979689737
857277593
283151618
466853084
47822221
609496107
705711794
578218355
853409348
523585869
615908424
529708242
661019783
745665287
448038998
710469140
162936294
686758825
178352619
885926355
985649315
809913033
487510844
438667325
549513517
629955929
315040215
681638338
965310061
314708476
507844876
377484383
88806165
860412513
97595159
414960555
693875356
932022527
77518140
778098159
89827175
160922816
211287890
914258419
853926317
467066456
508226681
943907898
722704375
260070466
304752396
160494332
135800338
426279116
83273360
611812614
81677330
823875046
606899106
249421462
846992856
963805490
173375779
89277423
173841103
441542175
995422399
254076266
145749395
323512643
264448413
483031463
231113945
28049895
791183725
785621124
111911893
473451899
451797742
218606658
131693858
265928377
977208563
213732393
279945410
472760526
770216221
59615184
678379244
102657227
77590074
843168216
702882740
333299875
790676000
776251038
614538893
393422595
354132695
42587561
80236739
732311682
309747957
998949821
615529791
915409505
342317389
209533356
145431167
353210797
400341316
998492785
874417833
117360737
831566705
147779091
485445267
210181320
230500097
969561689
683105352
228030972
619618135
725488534
829309000
725407327
856442880
118714938
99982716
365907973
145623769
454434750
162698549
477831642
209569965
823837212
339418680
555220160
794710802
946312841
802151402
249359723
892516988
313270599
458971686
451099037
301125355
168504435
318647824
759314538
813117370
857678864
970158701
606867773
688917519
576578803
500104098
676479053
848362063
846588108
517834982
941767747
807132078
230503933
593068410
902071636
79926553
97902645
317317750
150441960
92488184
113794871
962317563
130995904
110926039
207957224
68246540
450562694
982953551
252632389
131439254
535188652
47906197
307540330
954104106
892734663
289189854
375380918
337187765
147006785
944510783
290416738
280625733
514229722
807233875
118509679
269960847
813898612
856357669
964865293
99929086
954769025
407308939
72015984
214407089
776208454
638084529
755246794
24171842
73162666
848527236
923637800
530031839
914964505
365451322
698458807
296184000
815033835
696255878
665753055
52157737
962321940
465543747
351918815
348218638
509116750
4616699
745081167
626699614
801217070
563106541
927504813
634931221
295977867
734716614
742284957
124885028
554433000
128092789
872811734
915038072
325994831
99177083
604181316
504684133
862304947
935581835
345467961
748688301
277180590
409830814
199340689
38773682
618058504
12968720
198888508
492119043
199458047
586034789
404226142
715602607
440159070
922061339
176544115
185858405
352512825
645337041
729058437
862587010
652352957
456418531
597645444
690473094
491784528
315531355
498639696
63823821
846035572
116180899
790771100
263545117
458819140
53700248
652275267
392553213
371451642
804584272
780520074
977748050
305803878
913263642
729731449
301465057
942829273
851999809
700504420
11626300
49158886
574830154
181939743
72966565
89489624
644418277
433897188
721943483
917218349
626099989
814658684
449977796
436441808
666754630
955212743
971463980
132491192
503714115
536993887
652189309
895164660
360437134
776913804
874818604
823153682
751977829
276394821
858554855
704672395
23044684
312477973
221448156
866138586
927029970
799806613
587354456
381900607
531526373
232803148
157349353
740673612
435983636
43620014
990619853
476007870
293404524
351808199
980826085
685184078
366086496
652699222
483891197
445686247
288900727
248892648
338684055
730152944
757961814
367348508
953845139
203965810
727764436
465233537
576057854
771029903
750347069
68690874
828903353
39005763
223779611
950282665
495554244
52851687
645726046
641244348
754562118
474289204
265621316
782431307
533779789
347463847
209293471
534075079
114419833
448480647
832216996
919991475
600135730
398910909
971477739
579379289
518719288
258551512
360284825
842654462
768593214
145987372
110053784
558797744
440762491
904511419
254567161
361259733
284359116
777111749
185824837
874727440
750270304
880991026
680502347
804470957
969040487
722379081
430472738
146413494
662529931
724804581
924511225
630631479
69026156
385991444
170722559
842300854
160551977
887644298
525624569
412243592
118051572
73455770
27614685
815435383
112515280
597620340
57774989
248748217
270540168
652553763
627031420
327350740
992781725
917842524
141986269
725758439
12796593
605035365
123494808
534278013
454939094
769110605
669099785
808780123
412951172
401722651
337737279
366876738
25072665
257720
630560430
411861367
700524309
54311465
464214953
224429422
201063767
226410269
506161014
931761271
279479331
412264352
990689541
698912561
531106310
51019854
214268338
699414725
137954018
11318128
268645916
311304531
653331594
124084383
870210167
9722850
912173715
190970958
249211753
909492681
303256696
618949929
695243082
815293782
994224087
667958551
740839690
628068435
70652070
832374070
715493838
295511533
253514785
414438474
828979351
600766966
550123621
975755447
927966190
625263223
275575133
141051425
416910416
93846579
369267345
199401219
648770191
876587438
143615610
932089077
477008743
117176494
166824841
913691559
674957579
599161996
496599402
726052679
426979221
954426783
283735740
465308680
903127939
262906976
580315942
698211080
713967595
291917742
501546094
369989028
472910421
569775795
294964609
938728022
738703206
137172611
822539833
143603484
702307810
817452655
904616423
731488986
651177484
756695443
858254110
798429512
349932512
610574379
430970992
571332742
133613403
14282307
304203309
674636346
980725418
589660628
643886034
668275725
248120147
945655617
438074435
643680032
312696266
735587881
418631458
799496035
707382638
173806999
266214696
406108633
683433049
811809104
144523476
950255180
728388244
453905079
913327974
818803644
733681527
363691315
864624401
314377226
492176641
246146207
445170049
591943247
886995779
65310182
340544554
124905673
513088609
435554536
959894803
967738653
118743633
802302551
493285442
776896663
14431607
547274652
562982359
686564293
171259816
71030928
849465162
816130530
825063915
921345077
684279506
77677779
743761685
756669826
60814230
617120245
967825446
647645575
825649818
591653359
806789912
445313767
321658030
279837434
307227812
859394228
130868555
659811538
37824245
791433819
470963880
765568970
636495273
352236641
160002823
928071173
426788450
870598556
533440534
205412459
274507342
908209721
82970937
315197769
858237700
949811933
939372192
223384891
916285463
421182810
523438404
997995172
30160303
295953010
477228469
640084115
782110544
890241654
957482968
55313779
889682712
484181189
204341586
588161755
386477629
506054114
766306356
724570411
301465431
700170114
732161214
367100915
397062286
474527812
848511193
186608377
753813677
635645093
820060103
394139404
69536452
776923792
329625912
825886916
790843741
917191506
887512871
762689231
693887072
482978435
579272979
212973223
986878250
642372695
90802320
702981267
52814246
217542013
462120223
936227000
771296858
490486217
664754755
657641475
910150380
566697467
832498751
59939059
686846859
976678733
339013325
956105525
852098286
927951340
126910619
96389669
826998337
779469277
342431020
342965378
919229873
163221018
197408525
226341
653107075
246099134
199033466
712821465
346225484
700747137
803344852
677320884
58640532
255196811
199267075
436794463
111751547
764385637
177104811
775730644
572726897
550903444
710850944
336719281
987571522
628432757
651585648
54451549
873661203
199816972
340063682
830544355
900730739
877090980
157735216
994210344
806658719
970933860
535087542
619812436
781627668
728610285
854634498
868632922
65646438
618274129
846537130
954657223
772220795
482784357
562603111
502659735
609587798
304102856
491849688
126856637
734453071
698941060
579388299
546615564
794237748
588789368
513652814
157412595
655443286
57051620
120233006
593374823
536802720
1676845
168432597
177766388
405465003
72765273
531623855
778081052
631160674
112782644
859285548
464933598
93713214
625469334
223596405
143090205
717074464
162467096
394743426
257748002
354456265
382587982
684690781
357082831
605105451
407962383
285120838
609818374
309191794
934865189
84723609
373817999
250441621
459205375
24728102
750130701
317545826
632202240
452383272
980275989
638724279
507053366
455430154
756047507
997438679
90479444
781107234
784481132
969556023
629958930
210749020
200434662
201638165
882516710
257444475
409221557
646794679
68091366
385432661
800710184
214697078
492454343
164835600
877567371
65177442
392028313
544265004
649300328
605734663
717625140
112272667
833401960
808525036
359519584
363110169
321134462
329456288
766686673
901355985
202199877
992457616
318314890
660282810
139855936
913049021
410179109
217514896
211630054
231235729
372611580
848009237
788001312
326836554
115774520
275508998
497339375
910477360
515006880
869205358
249206807
552942500
977467062
507700087
537806038
536266421
656583036
273527706
193920121
915660647
694592771
418631807
139965109
890534905
636642612
36848376
24589083
669139286
705417311
375181534
681343177
202838346
644965334
65798293
42164647
672335889
746633547
248161296
17952947
489052718
914095770
394568512
291834302
6714695
767802549
929566048
884760596
17731504
866933845
323816957
699528621
971279546
206530360
648278137
539022505
408457275
320256192
890226665
764096365
72246457
719665971
931704149
803456078
800487125
478726191
958564314
253497605
454111608
921280526
84344677
969457860
287026406
594284902
33027290
188944698
456819679
319951809
374519592
842871691
428491379
882703624
166212762
154310431
429546995
209961131
163783544
266931104
841764542
118539757
715440059
664683277
556386541
392525848
8972905
549278716
587067094
156432440
611383065
911197911
418794095
999007468
349470756
249462516
964100019
245970558
169422038
932848548
96855845
568316732
715994766
491376039
944103308
979674761
61478267
853714883
625789165
376208161
504208874
811531718
355719762
868443283
72525002
739337146
680160719
805619900
515497019
932397551
730361561
283523517
631464031
768511487
99329570
251392501
48770751
135246110
88331483
410770588
429870972
397746467
81406663
597343695
222136045
166031121
147603503
396220623
531011946
411374409
175861336
789151896
551439103
503532323
82364331
380018631
673817101
73936118
835711381
779953970
139382260
507734903
502665790
388311925
379898971
448209072
134855846
582037526
858195858
9475913
998332354
511249448
315097283
955602327
880264518
922321630
716486615
210368128
725295151
977160394
343610893
224765425
857415203
360391038
263269918
470801414
652396251
387848422
137420886
218136243
576918213
1182285
631051448
71649080
476350249
614631628
215831606
122970016
41112134
481190440
402999462
203477844
764609466
118820083
770901955
745514387
935530608
92692264
319645721
136111291
961169768
855550038
374564254
242273646
354782944
520562725
999308455
985315468
858779945
112367554
768696106
675955653
444089583
886989988
466027143
463518572
173133534
30365946
465143731
156862869
894316576
251783765
923008142
910604501
782445005
126372789
291143356
966507868
352116633
805083173
708727621
449728336
577116515
747462010
765143797
16510305
450393655
617790458
345422364
276002286
66876159
990360022
299867723
561992465
887752844
861319822
875491758
88624540
119782051
411025172
160070456
537579813
517822471
222728505
50720948
81462439
757175872
941589554
851628478
637327336
468466498
227750728
3403209
596336724
352831917
957984493
145783881
428696822
583886245
364603016
636855368
100841175
274964783
206098309
826335722
228180835
498822768
534146071
613386938
381548619
691953179
563092385
579466270
680006027
770495272
552703521
31730355
399079614
119651846
465001315
84832133
187121483
845463990
994755387
428470556
192183209
73035182
397623159
606462200
555553904
896352835
151564825
107016270
886665118
775723763
266651232
611424756
534430455
138664603
81562628
836218652
227997999
74911740
410370554
789341794
734348767
9004429
755779480
40385362
16744866
586241972
664410164
137501957
328866596
402927764
133323378
61125240
186856590
769469649
534732993
125239124
885201257
395037933
982026896
855983115
836626898
856710740
675597972
348485108
540943722
351181401
679090443
590561926
214357215
778753166
705532536
413263
886549694
231205888
418515288
222941232
486282291
290815215
990324140
536683441
631558151
479549802
987400101
646788826
43930449
604510802
802138534
167296744
171600519
29159868
301577184
898777081
340505704
257138002
964983929
723154226
148936497
269644913
877661826
373629664
511584286
905811518
889055852
517389985
452279154
271036914
36650940
76225162
515980718
530536647
455964919
95046105
432351430
418910455
749316043
427415384
250328301
275296892
920737858
671163249
187938544
805335701
757947915
671067659
383689966
126222931
444761387
448601022
940231034
928494237
703607024
506583410
225646296
402148434
249466621
10591899
155454866
43575874
214627056
909674625
505195024
613279345
8420535
955678672
284295219
242482733
500749816
270888259
962319409
175034646
197475875
841748874
462112981
72275719
330772902
223479690
458333629
22846079
135956660
213985069
754026718
372169507
577471075
907291022
560583993
796268449
747791511
826437491
114132534
684872833
102870360
328812065
417574020
366997689
784338994
351417342
398276964
845616
712816496
601847443
574379705
440120923
750909794
396081320
819685527
443006489
264474892
388898593
392833667
526819842
856513276
936417420
485346720
549238274
938111640
115441145
760405744
910751079
310628554
216410738
315729280
591499521
35707384
829575645
955104975
318239501
217511927
618860642
129506370
212419873
946847833
327714180
297899695
51084369
951739094
544762453
490560712
26513392
559028266
234669052
179937318
629665448
649463701
486986318
277888371
640689260
863826787
606510115
431702499
26004134
885507744
434464703
183215986
396539549
59030794
26458682
666822272
866277966
652470344
30591871
725997129
508883946
438840643
575318335
303260009
792663469
466012616
585352537
861112672
543418658
365959974
941899477
314853665
341366562
44462858
866309789
29599841
353169288
65889980
480899001
174800585
34466510
582854982
687364777
687327251
3589096
646346974
968014174
492397977
91450521
285975343
607724909
556727257
495300725
929094026
185153202
943108580
798765983
995233075
442188741
953406718
610334070
30922666
202972699
20081897
845738307
377740017
36796777
494250839
73574360
982665392
278543854
586825407
732659740
946314893
181322035
688628662
84333329
239954661
339906946
202573868
557338427
847544747
762473223
178593183
971894198
999646288
237321750
587025333
110427636
22319079
122648123
449860809
641495555
404747002
676570205
700010733
171128389
991827108
804045755
763165249
696887376
848670008
727266106
293248631
351303817
124333885
210213463
939197511
599312448
525632404
187472610
394959005
76185340
302567472
343895509
187461666
39895055
611091418
250860708
366590292
510736727
180252398
563316089
191711817
411708890
624757208
675215664
282395660
528796097
183477751
23464569
436944252
889361017
43923436
387806770
635902108
603873749
891968727
576798807
800574258
113998555
840300626
486719776
836746851
967678425
413536624
372633886
508110949
433786816
572059361
13852630
631290576
124599505
595743297
532295195
225270880
627202431
47198073
170887232
89535630
368545181
489938043
508816003
624003228
232451123
327946349
813911333
546646527
64988781
506444664
783098132
133313269
193294202
811236880
666363290
499126828
291182037
616617174
457672037
930066858
331289256
957718769
974793164
453665279
434891179
543300319
94787185
468580848
605590983
505011798
6811283
155969192
103164533
666189370
436501932
351826454
162905424
638980282
809022126
806949662
163870005
635289650
770812520
717313282
824722897
427353736
579158571
654865738
627717605
429246812
668443178
24983256
676690368
312214424
585380129
949583728
854434718
662118762
550657220
85924341
970814950
415014666
263415047
52287687
871109223
244353703
824434446
128643844
610062562
158784069
884257286
305964055
91756662
427073854
666521948
140775259
628099939
355151692
937261775
34375881
643148080
101287219
179928223
67291108
261385546
147432286
810104749
340404438
703099671
426371446
620913008
526582177
428479612
684537958
896364955
205862670
592056947
946071556
829956585
298492246
757137721
134498199
460966386
942200813
150093042
376229112
272311193
791080634
170852790
897940364
842808957
644730549
16360192
4109318
229614551
996996139
1797692
883806289
217316150
972630591
961571364
331465921
89789873
917486031
445989802
991601924
625852678
319902884
238268793
982287880
503754029
320569424
465126192
831383666
409634467
20134720
634642618
974748894
321231927
315105271
565684069
514352315
953120872
925968739
569780984
397760675
618592383
335401740
251444916
519096605
329009417
209145092
893919364
364341450
374162640
665101451
958830972
97894345
513048779
743752918
733394041
752416718
855163549
252680281
815448500
75449806
174388129
454880882
416216737
719634839
981349412
356825620
130980118
135038119
464562915
570329775
562164334
967618896
656485541
786995049
483332364
938000243
948765748
405993150
284288021
204605097
414664023
332687414
700789195
770755040
90182513
851011770
701836637
905608253
483611923
599654850
894852761
560284740
471739549
214206330
783127794
766330105
301762387
663045540
128150980
244052317
196259483
989494993
804014971
277287595
579356729
421996567
720582666
14191562
643750237
379086720
229069950
783445273
49033668
538664163
503926884
719733150
61606019
175643638
118063421
95586162
119892196
925840566
645129080
419136045
515843806
156419654
72719691
615923423
242826847
57915337
813108056
380084736
298338948
528447491
381294138
483268365
199729251
264812934
18497903
156874270
832543970
301787422
933292691
988851201
300725223
299978129
955749102
631030120
896449692
366962935
763248084
12047472
222057957
279177707
817225241
677274506
96488182
923997547
996584668
313424036
308673159
915802642
704993666
144812399
441551626
272927429
296094905
833671373
471276659
34856696
611741313
398351748
375887148
165386998
697865467
658838196
513127832
404075355
121340269
274025005
45175579
666209906
291722412
981228999
22535683
224892907
423791498
21147806
813430069
860644651
604564719
886277767
123554457
847440849
769776262
572540144
242594195
418879004
107572045
283625745
892580152
256520579
21358096
404321783
810387150
839858047
519302944
495772667
611191502
46398034
907953556
792573577
797014285
852486659
722977861
459232865
206117147
734660292
544549038
804052085
557741922
538381747
330056902
416933535
60201082
658177188
640310713
656368405
382763795
801002536
97731016
426817265
530650848
681152160
412842461
201642044
377965396
843615521
185690445
381101064
64857857
263429556
536829931
959460086
334501611
86914716
660234240
748762303
91813557
936814991
627482347
661721842
333578539
837497461
143150061
813499943
360890377
351282708
640911237
805518250
861519180
389910348
253706664
389706910
891854630
114578099
26382357
475271951
508229495
234703056
881812052
840199340
942816995
780621271
251017393
698075027
107949431
590525294
538814912
461149413
137936571
246378129
422363340
384429365
512026978
740969463
331104463
739158380
571200808
885821158
827480362
929042027
290838541
975067866
101877144
787308416
711561156
283201482
451075017
98453866
397056517
17322507
469396186
909918397
651765991
5060045
355063171
377934533
219072701
893729523
880888438
586789909
196304018
882205268
59798806
160395931
301531068
115284529
988127016
559273103
794132760
17308643
329663867
175409900
438967526
349715795
479829370
263216215
452424567
39658107
351189015
222347126
477029293
498246987
976786129
958241343
528591504
452674755
624017180
929994736
933895706
826370588
800118989
599929229
949404748
475536941
713747832
696479242
20052407
798979905
80208180
232449066
226726565
23947085
921006808
660050059
754427154
247141448
800545609
322668677
948081054
568410156
926794044
865823901
885297349
436609301
283081959
347980229
778215480
850301995
306328836
492862728
803406305
486665992
327641288
749824275
751752350
585876490
878236371
689597862
691602491
987529910
920694762
723139220
197131549
768086377
851918288
588159501
466841635
959880350
704511241
243250293
469591725
932562269
565479322
800680474
706456695
708825994
133261733
810413910
120168112
288342461
923675498
39858636
737328716
228995720
300724841
881661208
555040673
773355703
274784480
835991073
229235856
7735805
245939546
286917787
346400451
377065426
397352388
815956726
753094998
131539545
276356150
371961476
981114194
184791720
566282443
704312032
159123601
863015437
162581543
167407090
701292684
682054008
39744574
66953488
423151119
677315844
378039422
931330765
624734763
863198886
38257622
917548066
573795276
713319152
922564529
717553289
215919234
63719638
689146450
824936450
383628565
774724530
355116440
742777524
350720926
592875015
604649100
954308272
79479633
577602721
794794941
619305290
6199656
108248663
106230306
163796000
250873268
749381387
181739818
634044896
586391635
527074471
653737021
764977132
612547880
336891952
654100820
856601414
541181648
486229134
513524828
822951525
185639114
609865512
729654693
704135894
245731601
615648447
298437831
427779657
217797454
834647092
145974022
107188257
161677828
237728437
814834319
621730320
464298403
308644814
220716922
243130338
69947048
63475844
682086755
527699502
770754044
618904138
986817516
444666611
58453435
155075108
856630435
50871274
291694640
160833049
495020612
916213706
145451520
943471523
837189233
810375664
107257472
881716356
412933278
36385356
895460452
665557916
298795449
540671447
16830817
297201531
313656185
817033770
477735092
663095379
572776588
594342380
510698518
708177754
120174866
702940596
333336876
636375928
548825708
394546853
97709110
11672115
466845382
872710316
702558894
812445451
107665117
39448703
33809019
171514444
104576237
74069078
21344154
401694367
196455792
378746129
387008718
144827811
204185286
496674845
116658730
619247172
797263967
192375376
956033140
64145436
515003411
887092987
94450546
190019598
391352544
924082377
109104407
134617502
86316742
262254639
258331925
1721155
434461023
848551832
100367472
331603095
332842613
881149614
914319861
635027111
933718095
794715391
501370689
186342680
46091181
135510656
158062982
725637699
308052665
332047481
398013393
867179805
618612734
580292146
182837537
624454440
905840869
916033213
587551383
346144055
740474727
746571366
640958135
291841756
762649129
378201547
920579010
994831847
512796875
967052258
805360128
143016902
438918389
596007480
855153054
760625426
972774403
509612047
99858658
938869881
945124622
628290103
806024722
241383017
612989788
490850490
488323319
205587900
443723863
77966182
405676432
599562385
549939684
152203837
772950877
752349929
467211671
890161186
815780176
115544301
691086528
598139227
887583378
872302865
512744039
114135544
420945205
892972813
118544348
30446550
317066400
535215119
151715194
224644761
386314552
12723194
193103549
992419439
97559541
447678727
222641951
187376296
890717865
387603252
508753959
735975464
88594542
622407608
510254718
105341113
745396104
501402012
285237231
107594306
368101286
164527900
27449128
682512777
401378377
323858700
989845458
73810646
213622928
681711235
790150775
547455253
822613194
542410565
416629839
499515050
467311101
281865161
856340340
515562184
29506282
380355574
509816571
965560625
770017498
186125895
63660864
596292513
992281850
863445100
273583930
89942887
905510118
624351186
779000377
492705902
29323368
118681771
49346947
171215866
819221799
336019864
428467414
678997825
821323390
779589955
380438583
585273
11007846
67802343
839676532
555886642
246837047
378737865
931543034
105150941
696185867
305651028
547501725
913443152
455471202
220025499
168819000
742428840
444154152
473756482
633291059
700999803
9074809
265513355
99332194
639479121
16270547
837491617
420318482
541408089
553973880
191761860
263463400
187801219
223258391
862678995
674544092
636818414
368449643
26702094
482724759
973597765
480593
117163985
977268629
388432400
772590127
946233452
564223825
927618733
206872248
959824689
138172855
554052229
52845875
712890735
609270904
413540230
832329633
990846900
746355214
773902679
122178641
728944571
14026398
44670855
978489230
195279638
498083622
484590933
415635957
970055689
432779670
950236175
211478734
396403746
578200854
615699280
505904296
161674169
687600603
786727728
114904919
723438484
399979154
4146578
625250380
854216809
574384418
791233574
834174031
825291897
163172586
4244266
784598698
628672267
739194498
63201502
900064617
240974800
860536112
593413336
566000163
727480778
788129049
591495698
989431113
819361085
663498522
563159896
547000833
686530263
423747252
344084123
77319365
180920194
938152831
945008502
132093437
58675055
284567857
565246528
642232006
641502657
611550469
74424789
237692460
2703722
777688780
444398707
440563507
58010779
994855334
961362318
520393883
114858975
57815684
134070309
676531910
653195368
107815864
799863419
989493855
377667735
558033758
650896500
854957657
109677630
940140802
550194720
879700943
978253030
513908902
595544999
289956652
87980757
420500843
857403954
823427741
759844813
804274859
245586061
108369725
901867976
716574654
797909792
204229613
702791980
964563192
818767851
776482339
379527721
396290735
475672874
673765723
159752974
366867810
416847075
258508235
319998592
676930866
43584857
244174051
667658322
681244872
317081707
919737381
578156596
929461618
633601949
107479888
349280659
532273911
785638452
885091051
148410005
716019703
949561704
452914760
793066140
270008196
572361094
749042518
69041115
354042193
281595046
879818017
561268192
134383307
368944493
123112815
878472383
737548827
489368968
376372062
197723366
964614840
961253390
664281990
458309075
200487020
28342074
139342495
984173763
138781444
100444473
298317896
882615808
577324378
957309776
172247765
557241313
831019809
869442995
66132345
269622973
977979740
339902579
890747099
755228191
801916489
174187128
908315660
793663742
126702030
310327826
77586912
87737608
597361904
558555034
744637681
296726724
565354042
905399847
302430678
929768519
406759401
309792657
108930162
599224566
493149611
410378630
184796623
191875710
8510327
463762328
814927923
62544998
231410503
941262073
639121651
965520542
707692396
471383362
712451780
193375214
320590492
112221395
739402346
22966164
987263257
492482964
768124147
62613442
763092689
577063760
451412717
844663255
968784062
573371765
518125695
648663250
650129611
548392236
447815681
146912737
728778868
875929666
827122904
695793018
106033102
98529251
655162377
283449690
296545506
899825403
791134475
337942107
860528027
162371215
706242201
89387415
522302399
786120755
809429647
547817878
280381069
985733824
958912117
362128756
954283256
21606447
23960336
432027403
389249876
686930929
673026904
869843895
501963450
921788934
269912783
917832589
101563050
953693722
789743988
379686544
263504884
475402642
441817125
50674650
570237729
316218885
102831927
276336308
637972900
926767005
201832992
348953064
293347689
489699994
337366043
495021560
853967128
328192985
275295087
472747123
53631090
658390054
644749114
464209717
892939130
873708677
655649195
800070440
643200337
741500131
457458138
896251695
77937859
198354680
170967083
559140584
481057525
727107053
746351334
867075057
557518457
703720563
423952293
760871
693362442
834387825
468089334
744644594
327436723
743584957
784791968
142307008
960139973
505660751
453509245
916330492
114542201
724703122
241573255
742694993
354847308
594433388
585970198
600605299
360947844
837398667
78598788
215946990
951050337
569742131
417940681
677191618
627566334
813036116
77374470
22165117
629590198
505314532
160953877
812196341
303932737
749333389
491551707
923068141
146415172
307620509
178035041
956529435
714447463
370013263
101959464
597567495
130728754
561958743
234197594
563684074
54683480
368676813
393404726
135544184
165386504
92116500
539809972
393612330
114293703
824297602
705156851
672405331
858869994
27869137
87446300
183954014
858983796
214570877
200007145
327393710
668427362
812241815
999576617
382563072
762673834
640676721
700359287
139113460
387163891
713423137
424089074
337167588
478017696
412284537
192623960
288220054
56205263
711789872
937105663
393420954
477609161
83854615
507314339
927486250
740701050
99022586
972590730
585844830
989849591
294864913
170263578
495096524
472624841
482986250
635911883
116907582
536665755
678801909
798522421
328202676
479916446
919974158
242183634
158855760
185350647
757387249
54152311
524451951
241091333
702328774
525823338
488216487
149800533
309279004
540465238
587723750
161400645
721153937
547207671
896681387
564100704
735365112
855432293
326205001
773767940
746944168
961031063
885510265
454462383
69577813
482973381
911073237
756153674
689153062
205130735
404333207
91695835
517910402
67561299
341489670
682996148
596985874
225037910
368975628
220490581
710301304
539017993
224122339
232851185
290076555
325927205
385661207
614294035
769515038
16319783
790875628
385380016
548213661
254908759
483096131
826993542
468280142
888421991
566225150
497647099
819122267
917461192
413217662
142755480
620686150
246143236
787120014
110159413
927616633
995703653
505262604
194860677
605403206
987507054
151855106
136348436
768809365
461920370
240988351
462318722
680169371
696010280
310672163
752705939
212986344
882340964
161630905
658645729
767801388
259692537
484358775
211089062
466941274
887507731
650674335
729048319
534657875
380452912
79924814
364877515
898567822
979304482
720872795
928164788
787527745
790371675
585598027
453076042
881512364
230856818
650703343
849028389
137275015
111233413
775449553
370714419
475642794
210574946
69821851
513639213
341043638
812668410
572547843
117919643
116191926
948720857
804274831
708558901
111452624
572433588
863010049
627255504
526378392
698293389
193934042
714130480
61848779
432839507
853850106
210183569
588909970
463621333
307854726
737185546
592781156
747414236
624353597
653821243
557122978
419461430
206598423
324402387
985471237
160773606
530709540
951995973
361023526
79830221
540323481
368143076
62563436
311346273
747266676
939456061
717531995
591669783
206923358
376090214
447821287
394923899
564512937
224390872
748396239
66715218
974984804
63206642
157722172
242102772
288824888
605531965
834474789
396055379
328359945
191833826
210935442
983787215
550675932
232939713
136476522
302420831
208125934
145537740
225607701
36799577
51365858
259681912
455340319
103735597
136245817
690682976
291228830
721058998
266249638
838673751
51344919
2482354
283494663
600074872
503308704
240196601
602740043
21884816
44059128
610520517
296243963
524884636
73873387
889782713
693009649
175693900
441120421
226980872
125798158
791890262
801221744
254071230
936300210
218369804
893354861
26153335
152060901
432479066
885060751
967242421
612673340
751396717
744906528
761869985
479514302
374490833
514656331
450876810
718127625
740505595
330331824
801527211
252964381
405873335
868604352
900996727
835476082
123342817
765222556
117442387
60767397
48690816
113912948
458155162
315976172
982155038
568936330
171703310
317786560
66906127
231754278
103858327
220816039
13803631
460256840
988983975
633497043
481846305
711899525
693110548
639873377
793011760
384797644
127579067
633787098
150148699
276166821
566899025
667244856
177233379
278691247
95309754
629576429
859935308
651178758
405698022
446021979
839296082
852796766
36368639
361605393
493809645
498882032
133043288
798820860
901521863
227316660
602980189
139500504
302917198
596315897
34854137
88210239
352592784
87084838
260997620
569857891
714406325
95667647
353505654
691352524
641715531
645528653
409428629
266001540
508897666
586209073
35851707
606890278
701565121
101839316
793565509
698384751
869054313
265696594
983931300
787654656
406588918
946292188
750213008
705548394
407121489
876841112
399306581
346271474
954849224
912111033
581768799
944546823
811717349
981214864
983829125
817289941
267852349
334250303
71359244
622195772
668911270
957801088
403944078
863609091
901721957
82661925
30223440
659437205
93331223
603380029
33791307
150431290
727453051
79892614
783054033
588568672
804527272
478073622
665697120
458825838
647290862
946987294
737145186
684961543
320348043
331760982
558480125
693713742
263454879
553440054
74381049
436726602
738997434
224425672
322172223
680338257
611312117
684540903
589184443
107939445
424950530
726438114
724918770
31386405
779318370
526870667
850375804
915427119
543770717
853987482
190193852
692791260
934184113
307897100
793112786
910207694
28491349
682243974
533196793
16014985
517185170
312285095
621918668
213389999
272545545
139563014
925605719
429098800
12970226
734553558
154560697
654521844
977630867
28650235
474033137
382596737
232015461
525763009
245976768
821599046
598164863
91148730
459617430
560988830
475262754
19804944
512917703
323096936
825180670
385395082
580923393
983519904
561924454
677417763
829840740
473217368
589674967
717878318
843089438
258124023
49660986
513986617
383784785
78866016
526127525
169197525
697320896
199530196
206841205
18181070
429498940
985837478
68303795
461670296
912647617
833981748
210258202
34326516
146720733
249616091
674512411
615606591
924977591
973562649
700475655
456735605
5767927
923625295
579970533
973978429
969816260
974865036
30441751
777314965
75726034
686973022
38790462
745868982
656276179
425460162
322528055
227066400
962076690
726148449
280531066
977323414
219737781
967828392
287306100
136072765
744306681
696034868
943185839
238548878
661027830
949643374
982186128
925178826
384840126
419598234
53602190
163547484
78530865
647817726
203866687
301091776
467452542
677771781
29023818
255827614
110537353
96851531
655322611
450961133
667903359
828419947
502563193
827966343
224552876
887145102
668743933
260951535
985373531
345235530
669489023
617256935
25262631
396215880
789010968
263876906
459112990
611954702
655825442
406480917
812878265
381730224
176752866
898260937
285550212
405909477
121394376
625873327
558598767
316600759
232783564
939740939
857335465
979068629
728907200
389465783
589536061
501197428
240449919
954131515
323433334
188752203
289340810
248565228
759864595
515769443
952609668
852795689
247643367
901352847
815273655
110821576
730637237
484780640
317851276
59745487
742952175
178327317
415126294
337690049
793996739
488412257
648965151
157702854
137118500
694280478
294683812
704748151
927654460
536462515
327810103
148275945
547681146
952347971
483690714
579372299
766086141
341575840
307476381
768612499
350069191
153795228
635948099
302326903
859108366
210444493
173306435
312879880
234644046
16834395
684709006
718255320
492470951
732893956
488932972
884154408
150997853
297258595
575598981
659410954
57434338
851534971
308908867
986799766
993243504
847199005
573286664
627179634
189864447
947261969
391624838
179159779
722178852
853911572
393250344
399251472
532353601
318064246
357862444
869305975
3690819
909713423
530419317
361445557
543053153
865884499
277837138
886894376
204250066
452996497
798354112
668047974
494350942
514424084
554944321
449065612
21087490
326424283
119637496
151619833
887278356
659299442
908298253
199426016
474386993
130650215
267874449
325454195
8448745
299316048
414915646
762661804
38165376
734392615
328708116
900688906
734153497
977054332
440823643
758629562
105020490
429301702
338696879
450045931
994345588
761494500
521606004
771568612
172261972
685097921
191455471
870747309
684309922
927159886
807206703
439510925
358452941
210601164
617344880
909307465
62125782
241919519
147205403
451959555
913860706
636243787
484085305
787409882
820834094
551833287
863759795
683636262
26815169
361981585
866015824
137512029
535722755
340779169
455334559
980830434
942740250
543712688
873955774
294699550
40084258
186636092
282746537
905371985
734666803
800313844
448953659
158628891
189433225
356668724
852547812
616989982
263377724
106951141
622186646
783619501
711265745
948409859
29296277
279190885
236702458
483941750
319612259
348393522
719680520
880400550
22906764
257088865
693610383
588703354
472068622
230939107
192115389
258094784
56097946
315546478
716133045
654503661
27569443
949932615
735948168
689212223
391294622
568794383
53810709
379863713
959491793
678015248
886936254
208137062
894205577
234640355
25535149
990730185
628929194
895276015
295813378
57031521
777412220
487101775
131554329
442908774
576561934
72218188
401053192
195384518
83684785
760851141
584265046
54276365
714271764
417191441
279169188
924040807
956539922
518724238
167104284
463542259
749947847
703565233
455448873
327289120
913059777
866803996
231438733
179044194
488074728
504431540
523973382
93662829
800013062
287412544
973668196
729488481
708965174
249397840
810125637
404398698
818199543
321805678
566302628
810287754
433078708
663135749
730745969
659343524
449000841
7894708
696344781
706260308
672154043
375739673
437285405
20699074
840858960
804847319
773729086
498329263
57066887
733533116
631324148
743118478
277049852
405984487
296513622
30917568
361164228
449173460
822496199
716355750
530413014
797149936
764672163
510408270
263182543
951510424
14559995
218093130
315909788
570912340
59709832
429104472
794314492
447615381
170631925
573904918
653089568
418939493
944570525
636469408
888855120
169621904
589818944
373540943
178803492
432354917
885521470
998607071
402777828
626039634
52474573
795690686
356362195
268529633
82493915
305566315
65030224
297576976
977866775
932958452
712815669
713714609
99248310
578173559
288851799
992286066
444487942
696671596
175650548
802198478
755152179
587547093
973779728
968806678
970766243
278782625
209136551
836887541
67393767
2842257
22797591
601775005
373687396
421364654
874164182
807160398
815250816
845258453
454549166
600639242
895520830
625269368
175941339
872767375
648227661
556633738
222007485
328885157
913768531
692348852
935185381
656913102
282766327
756554003
196174173
368801439
215050625
669637114
787592705
239343944
415817537
850808706
547865024
897956514
385438411
266873478
729749190
729281704
278472211
596032080
617048976
206997087
264892441
619094349
945058522
496689651
135766666
185797625
340479949
250344759
985006043
64393196
740921676
461231172
390256430
745963930
294995621
704582794
316810777
128105402
846196574
204019428
509478975
127692633
423597536
575529554
261898742
989263192
174013319
969634095
855550199
34533053
915558994
890471527
350478290
908780184
219800940
120690460
269537896
78005041
662120290
692263520
11438490
448433488
31539429
955352536
68481725
309461978
269650652
508655277
827729871
808281932
399359017
553859477
688799101
842767360
56935641
151638444
862449365
583522558
282251585
820876656
59721716
547534465
499496204
459358955
684036111
750217985
147205759
247938079
546103377
664631911
924623723
545191138
425845451
680235360
658638013
958825447
561249337
574639751
365452258
496844792
679374682
845971117
382491012
414492191
83307111
319896844
610060412
677328819
796399508
150843271
957533101
933213213
882999477
632996334
90204980
980509675
895101997
107236539
110863321
240703106
378708417
83247953
905309923
976565354
532678139
81675688
235334668
166204081
686941310
269966822
394506885
673964455
619536400
641331977
369268766
948046801
946450942
700123909
176809432
747238356
517609041
436487286
809843953
757098275
229349715
875635652
790958032
286599823
624506470
4251751
353694228
505047878
583716463
627605951
219766799
568935699
848888519
840610617
501945258
381153226
243264838
887535880
684345733
678767182
90545305
841821612
740317416
686360310
804862498
964327887
291992907
356796211
454971468
804146852
921017605
768151314
260019419
23518425
375816838
16605957
414848723
857889326
65642576
55401900
256369324
528567611
743396322
31467592
185133778
354954602
603767764
439892164
506381432
994378276
361415728
352813180
208359237
522884092
514263855
542090000
373057639
528270244
584984653
592819078
182779843
24516501
221928281
406493011
866611164
767839888
839204072
751656140
295546726
390342250
458188895
801815017
660029789
784605503
180224607
235190631
959178833
924103767
597495272
440237211
74651804
148600380
668402008
619547094
973378497
516471740
492035998
772766047
677372163
678847068
199196894
240590278
920947212
734161672
102042366
800115840
165874144
196255243
840526077
283868578
133445521
957797155
826401893
455248807
359703534
991025067
367888787
42775823
865171464
319058968
831878668
65221648
725533061
368316247
124956833
592492048
823235424
69021860
359008104
52057038
732009826
562896630
640759978
957894551
895364835
957676737
424308642
600823203
896648394
395308925
889735923
295319900
479403476
92970739
785875473
705296872
777217474
943731034
710181468
114888666
720373347
547802793
955581280
89517101
181693561
708800193
112596508
367412623
548237192
149020415
685207751
490524206
84334066
437705793
351638756
212972149
633699066
868844987
538771407
289251851
937948061
191246674
640479140
901421715
463826561
625318833
391863969
352577029
871461359
703499335
135133932
97509175
462173571
647417942
96386319
505466280
54385324
261767929
660311095
429622248
703528506
871991733
791777316
46837765
494193703
755571127
622931109
357032935
967229300
512617003
993203365
713538994
199684917
229998298
819489465
603030590
910162264
58692291
532256386
417371368
908774378
876470759
534767924
189461539
525106745
589386325
298001728
495809080
948584898
962975838
629584167
727183756
35863837
395430590
397366790
191564955
433700189
794441744
434006
931296430
118456748
608311591
537336229
913390949
584308634
393721458
87443422
951365659
892524075
918134965
253328914
864584711
553060272
275708772
691493104
48416018
331647765
541111956
986982585
40452751
585513046
922467084
65924736
714191464
108840832
18260250
571322612
147671062
572007822
763775162
38016279
153959201
262588513
832351230
602031532
551982079
283009087
758472665
766600156
773237775
108822968
806675169
157141144
162790405
48939208
961998442
846296201
895739259
947001987
564946062
106796264
535626848
739932510
685726676
958191498
759960284
741848253
303528616
477305894
342662849
750729558
79171477
230346827
302143596
896101493
699062638
865809103
153068146
71875229
2407630
456911060
289434750
185375071
573491446
951241509
755556904
974172043
7328837
139917219
138305738
745565378
756430976
631866516
102051271
20893610
41655350
26812947
663379485
242074243
886782898
596576890
282630621
176627303
529764319
499090065
594843682
423874249
794456490
978580463
485385590
496237916
367486486
673337478
153619345
915111293
267117994
92621794
712022089
462456645
132251332
546741994
531480650
49808762
606906882
34705660
823103429
247490648
986521874
592388736
27435538
641389114
447442249
206136616
294081343
171528351
860139489
43418715
301264893
662478572
767749347
721024131
743832851
33828044
990390172
785914945
601857638
836802500
84901481
957251764
656759972
783297678
592436562
295187401
892835174
69830388
500308366
777200429
450455487
626167008
947221557
159314116
36339477
422666134
954225728
723507500
617927169
228798459
605966717
703092697
41197459
844929021
901071704
288587266
478470963
356984716
404682656
528637853
919121658
639862856
292395298
316271040
600643547
906588908
573007829
351310617
702624894
733172935
143110169
215656653
690221485
700322453
15477063
288093650
355710160
116235302
976079699
779199016
17891467
60553969
436454081
177233342
167986232
957367517
524294062
711757338
44381813
934286640
707162467
47869904
269539648
630044208
873838190
604500663
264736859
994197684
21959774
704767451
769648180
186389471
790908017
471372677
885601686
472664812
127532
660398701
639454881
200457378
490915784
645660291
332730561
428676837
20867034
602825890
781065273
175544716
871290235
660559330
189484555
435149350
51662729
783668475
455134060
718106998
674242282
806363755
420099452
435945184
568786992
859634876
805862202
512828223
591677784
968176643
176500732
32477585
521992520
10046055
178891617
172403217
63818574
97982706
366594531
502441639
653520292
454310994
732683458
902795577
148779891
390568930
732664433
155979034
465251826
349297931
633490420
870549913
555846421
812759025
16756109
29727305
10193042
4525162
14342949
552152636
455485717
415066464
344914158
479231779
828496786
410623296
569750478
609692706
356306287
853917033
927558879
342606975
590281178
878278645
119229689
407557101
824387848
204133790
769667361
162326842
168767895
393653794
536688274
235995248
568772210
340213215
712966211
636415060
975099213
239185622
410392177
590499778
640872670
259346280
911315182
315262218
428776772
176538749
798923297
149493809
839836661
644962782
729797863
57247863
238433567
974643357
491760959
433839866
345248485
418421333
579289964
449688106
82242397
58395457
608498778
624876956
755907667
8530422
294753971
568081173
738195132
440641233
423374817
744651045
454016409
6659701
348518797
481515133
886740856
479076253
485854016
715835037
753825557
860403123
836329925
8764976
719722290
585967174
573659133
844556856
346090608
147335852
467450266
408062888
775621354
70881752
377286180
623006477
28148526
470533288
663355220
143105353
377012042
979719375
668253761
669647155
96375066
505450447
499507683
608762008
63136534
166867001
259796249
936989864
214195381
117097332
715831747
418055203
533150966
618488667
245758265
191879097
67877419
54025102
287560798
29300512
224894466
81024796
22863826
994373398
459469319
4017676
203303
864840838
858990327
849354554
568765783
756939885
366532106
406672222
30007397
53166674
461918394
911053950
30730149
473602374
827055815
477055824
789499532
904607288
331114577
515611263
485474851
337237041
456567336
173372845
470233054
401865470
885664627
796315617
279879652
465584218
705374183
451200358
329169039
65751538
184979738
17199110
581956355
871470952
715287459
138481549
467694643
406504568
33950087
550210465
43032921
688597125
130294164
244127604
560655733
510216250
722942051
376983231
124968708
758358756
998418480
827665088
248623079
48035782
909913502
261559856
953424528
890682507
215799460
742026087
528661018
300799811
772356228
973583312
801373312
250098930
887642649
490590892
941118981
381207042
366406485
853842186
990492242
831592330
93453489
483223868
274643458
475493981
449695748
642026907
229782704
197227383
248897155
203879512
632887911
708126258
328153205
664084406
577351297
239585751
867028204
334977710
654679528
164781455
598264355
223722418
609097788
206762581
595108571
737130384
903244229
128078330
18837224
513827273
748295184
79621669
117405636
784370049
485519212
51892911
388246545
828165876
217261971
307849964
321928582
995662115
502633301
36001677
185467598
968316890
613649977
156439793
391886206
256901001
692917396
737080889
752860245
549818808
106256973
903969565
870305472
788444648
469461788
373150133
85018430
136531663
827233041
806120779
734447251
753708294
844787343
454230135
984811591
848803229
777255583
363780764
742536007
502597472
770234769
70493880
778586457
604811850
617655287
847255388
69544302
369420583
371132845
811634226
734921553
381198575
173174077
81778282
40967249
624039767
267176454
219898327
995982704
605654201
34140421
954129090
970318106
324788253
336421681
736089495
458145279
315580491
394690651
983292037
409906791
854037874
374581236
473534561
862434938
936608196
356611693
523291531
780371171
499173854
584533635
882936384
236945363
184114601
367211922
970125926
643179849
407572458
148477580
631706073
659947584
522717451
859646642
833306340
793903611
160881697
552485457
521228008
598903264
553391318
400070168
123379123
733985850
351152138
548447807
400039880
221799820
321923346
961987342
787267408
162589853
161662474
520517078
130367585
171085144
734465697
665216426
6342125
368312490
917452477
44268230
419217472
878322298
397462113
929059052
697950882
605936090
168927376
184012698
151152602
404683573
460546327
9196259
325099042
979820756
109875718
767954075
178238331
361274438
486975098
616743221
596379868
381971959
434940854
227205782
349316383
249255042
967946003
237096319
2529447
892133829
141311080
887658537
310651321
855936304
192916027
598648760
460769378
966379090
532807014
495100048
87048719
740743977
756424788
632742642
470905468
925863402
102348423
29360166
735161489
596445805
920660108
28271047
903690166
745230573
712126694
924114260
883506401
196574334
384226769
258574055
538101824
383844651
532284548
320797869
288921315
231370424
524260478
979655423
491820614
162141693
919716000
599941615
519295045
250686476
822858248
579184667
900543818
133086339
311427876
142356646
363973443
292911956
851493757
789780296
403467086
742474709
240413868
987872844
591270371
458957679
92611927
962435728
401376893
685138850
376522859
378525517
4221777
567165391
597448493
517654801
11838408
662046728
441181866
963384792
161842862
952231401
458652463
577913676
740325064
823758337
488270839
31327543
212304585
593585200
970190126
611804940
239537782
879993284
543729920
148353428
634543912
965014476
393236303
510347027
246091890
140394857
939620111
952374979
527540129
517851763
12495132
800859878
711621118
840560236
842558159
399850376
345157215
692158082
567505689
827650375
399268766
142234231
278661519
362479231
239748412
969830789
128034287
896374270
138265194
627897558
74840054
22230212
641159188
631823532
994856433
251834846
648502480
525109307
711130742
119985551
244133475
875637229
356579776
560842126
311851830
740441749
312920150
148477794
218446176
912586701
795830575
865824384
613176501
989826142
766161314
15625795
194461356
991025355
878805807
745788057
134855193
276467614
85540609
563031709
363651368
714350778
978199183
917490098
238321441
478050811
144942004
208054585
432211599
149483426
646939239
287015017
3061689
257207018
906623754
912784182
64974861
68974764
709908158
723695882
572647539
624527132
143619973
551648638
993755524
989353775
665876892
292420464
99821565
217795220
359231142
774158591
178565297
833160949
72710938
967573473
377650519
223224738
839216895
24659784
103086030
662511734
437931055
839037576
975345885
370002161
146869356
957219916
472730630
2642999
408008711
782815593
83403983
370588047
747472075
997103091
772455239
663527975
403881154
829945984
96556533
968008582
513062035
838402873
882654041
630767952
685451568
315619528
447362610
653529096
492901998
380803123
632129927
885760168
482811392
65046870
403618192
556567513
114096489
334279668
503389693
345873271
390826938
451941184
217229838
198981305
963681068
114098585
141530795
221770733
468638943
324345972
430513681
453005778
708658123
271308504
893781149
857692368
303053708
423285909
285432382
173449855
517433113
921965007
547059437
881319663
875634383
847767756
70015936
989664879
1835643
868711125
618540300
621149641
204558223
307089034
223604515
978379831
471672287
101218684
926044305
902458876
154698701
275216133
151929083
192764651
505034444
98738231
400864528
302657390
526686681
601978142
15753558
342498830
586082986
802028512
899985781
308507977
300817563
520783618
723794415
675449285
948761706
934710699
912851518
873505924
639052841
380555894
627364409
947841613
292298261
403480707
873288691
51693115
355567771
285449037
674608324
228096658
645142413
421087165
890657239
221180591
299317185
517016315
785815790
156543881
268029419
964759176
720556372
610192146
990024134
460182972
40588830
924890748
536623901
186561787
895259139
528761794
667741339
414592421
939665332
778094377
924524086
331285601
422899279
246707101
473448500
255481874
199513230
93649089
579723535
141669434
31845021
41545400
84615263
570796351
739970910
560842239
925836936
990011025
695256695
304782136
867234513
419463206
78680035
249743245
79278882
377525899
576065914
601633361
54033746
844759178
297280732
900786904
904598380
153848300
509930805
876783512
446106845
41584349
617221488
713367947
10274008
390910323
380187480
141193544
36624052
980768184
716194719
757316329
136355089
112867812
560410626
421913943
466169365
330285319
571326181
868686298
95630155
158561561
392653374
747347176
386094475
114952434
672079866
437732448
177500618
737847053
99292659
696269955
460725539
188178319
856888538
136749163
783235989
860496426
238376338
444648304
618362935
34565890
797031036
13654964
315701990
227161029
154381450
655867398
264993773
887367215
376499582
733958782
585434137
827772298
725025206
840934408
833180132
127829093
193422905
199623158
136378497
810669778
425284582
568162679
417020867
202665412
211241221
593363852
151315888
306695478
171905261
878640437
525418669
443255843
181679143
784841648
270743965
765577596
81054025
447426119
831824723
166551573
907301196
866705829
107047918
712242964
286920889
473744293
952455456
840003587
792429330
884934128
331687634
66643329
80884072
140611738
386458818
156600092
486671349
325054320
17197806
528609201
32716114
954741480
98719893
571444570
85993125
372651477
628952766
495369953
363037926
953623284
437678054
382232639
275343811
59860708
791877929
772394464
163742797
146539845
848092103
129912487
862566157
469865339
680265297
76084750
234783780
791994147
162218953
702190606
679274022
593404195
120439197
582364270
882479061
680826410
834224112
970826435
695982953
401089556
578089473
595541900
715230843
116835901
23826161
837474915
162308812
82971622
252034431
738093866
579233691
520851289
742434963
688590353
965384530
258483971
673820342
977607883
169760734
807260015
716021222
2049359
940402889
191830658
11991181
44624328
173030110
293617947
486782928
613378338
192859889
200869519
440457579
924028543
7975003
358074734
289839036
863724404
231378785
814912409
505041088
398172934
701461533
896603581
914037166
955931286
483338955
950679918
467409565
450081917
530197397
440376340
475638435
567378158
874676497
456397003
995444917
75213829
766786606
178950126
982483748
681603462
374021947
789116755
556311126
413513618
302107532
571969528
259292154
172782372
471243404
875012225
960750372
883384856
704703275
553129231
798092010
664801880
250246535
634216917
848564334
296162931
709787138
717213188
851576104
670054455
192692614
411877810
876551250
555353193
673255072
360793741
118017364
609439631
92616246
968410565
665503704
558405122
766733014
11626906
561614914
693961366
11345735
125541690
615693445
135702185
174121101
390297187
217269495
307650812
435231797
987329780
54976298
885309435
712600997
79886802
373186181
1534154
904558767
205972063
140210573
258924516
315603160
699643798
667496399
465286088
45940361
790908995
946914120
680224689
390540369
158443837
13363406
730502923
496385028
713473521
949223924
212909282
693747687
297270777
294601566
821809873
900324286
490921214
966096912
241185997
517124536
236125581
599742554
351704379
905734482
422879870
496033261
484841482
573754135
657354040
521326898
194924092
330633672
726295527
57027192
239723894
131096606
506372676
275777316
140547913
72556221
315651559
673733526
879663316
428389137
955038829
819872957
926937925
876361305
199816035
465777672
800408099
568156590
812824198
768784336
244359057
66407887
693569397
532983807
559441682
907027177
60275454
642630000
912918317
439896641
763820126
236939789
716961256
233457584
807080802
701599010
151965864
150926191
178460993
124596395
846946753
184002778
250549589
78529353
658296762
80579196
937365413
349597589
409623719
930698087
943526514
577977716
17104133
907236330
765468126
373937975
571759495
459164984
88398676
34630729
170342384
563927046
326780571
836101893
133415227
303241524
984416452
204882420
75480959
185233422
154027393
541098401
606939555
379205109
331682593
782246681
438386806
353036581
714884321
907775492
73520318
25286071
977076360
808147212
55688110
926310443
225008338
301121521
144767274
187050458
576938957
603957030
44130308
337776176
520982064
144449190
663876950
72692324
322045631
191307239
627110515
146782030
24213228
525546590
978139283
414990386
118596842
773281841
450704625
580772139
92637810
620140860
484326555
942586273
49960829
996568620
66340005
373858646
559002497
184764306
991989676
667882265
622041742
77184407
370812199
3508698
833348423
180017539
458826390
773068211
553214053
907462364
271400434
960047515
814944998
589545587
676768487
738323433
152960578
416945453
722013806
374182627
392207003
432730794
448797737
731318102
797241668
991918719
960091903
399702840
264520346
629832125
851535949
300412234
209362850
436338624
869390725
190131451
480486868
762229030
119821400
328921516
980398331
560943044
574692970
819003308
705001207
622112982
588446411
25676117
418203080
694400481
667662471
42562063
289148227
124065061
564748510
26701232
399030295
315047492
890861555
782731407
104579971
169055746
853074367
428364862
370194851
993307781
711748301
436556715
597418854
723632993
311069717
47159016
236791577
913733299
651493542
801253639
481564823
558947118
852183139
986531143
56602229
707085658
520065333
616947187
993242872
535965186
233425593
503547431
188921558
104925210
980447775
670211554
480033035
22828372
696245100
894470702
166797562
5237356
964105369
789420989
238447201
394476025
473291789
599519479
169229996
350493188
919715015
95140241
153940062
506780189
809109791
990209852
790045810
890708120
380777182
213721229
870273984
372007604
137803980
597325894
791382868
655177089
669818166
260099205
78079810
409642717
703789030
888847382
510860380
389008742
196641999
861439563
26138517
91973291
910142564
251220605
20536260
693187626
555409758
497873083
54554536
710583966
871857232
401174065
341648690
793057145
102926430
994686241
421932776
236508368
163454972
496318637
936055251
234197495
269992257
345736866
436555790
12967309
45446807
768342516
483706538
258713082
853529485
119681573
805042137
194106850
370945732
239240023
11403393
501916803
276179672
348312204
568772757
929326496
580134778
946916566
257390906
219903333
949843918
672924342
332737193
640230537
529705850
308726828
395710090
972995021
68583944
700872989
176156812
155521184
859057474
563511658
574774062
347870670
682440773
450168582
686911493
385306551
124535096
758131103
522849831
215887494
446398665
378461355
248785623
721250025
601722256
738145039
302307933
377023370
653653542
576191709
498474772
361995810
685763312
268922177
804776491
798703672
755759517
281030818
335134926
111021031
819795557
758438493
996067994
603438226
133551315
321590282
501550999
67938154
259201987
486933568
203509841
250323677
569387814
619784964
234155645
178163196
627908632
2013875
540720220
942478894
810080579
406637961
345038672
576415685
94369994
962724498
179859621
435723074
985275859
692637225
773063776
335221187
883790781
733624003
557817555
510586315
199767334
906545716
584689688
661340103
783142562
220359777
574128976
28260354
770190677
419256171
68641676
205177416
852035659
531084292
922121157
666061330
918001654
895090914
699574875
437640075
547115634
591376330
51283243
737095287
498665764
547287783
707739165
693294695
72808456
151696642
715858935
260051929
364748214
310919798
766564938
900517477
818733200
42486952
687990251
455937320
266234937
410199925
634404073
667774413
28679940
387835158
920878959
101443813
952820489
541551192
665739828
485634403
738892246
88801405
551588657
764859514
298479438
363580915
200679769
845819301
441490961
350008813
334842873
547383466
891315266
880355863
554879104
363250824
241551104
117937979
801106127
918603414
8149600
521797980
372683526
772654258
588287098
176622691
67985443
612792882
765959865
196256416
378429028
873442099
874665703
117456348
113195947
870473100
764316427
713062042
377738810
732722633
431720468
867809099
723084442
132758392
930595299
869699664
39531168
940723077
461244581
58784485
615594311
735180829
521982532
746341201
550135046
841350636
897694034
124596803
830138176
924638191
759602030
924735947
241594617
613624896
99840969
582130580
410623919
843233342
860203581
561121505
176320264
958500625
180239562
797287984
298887058
779399886
760866550
143514996
472335403
268561938
514243757
346509383
169356894
240905537
369788542
71170506
208757387
915607205
612354639
385313817
593043408
845959660
152373254
570790386
455220920
198622324
60922469
799891089
339922825
464992174
618597857
274079689
987628798
427542836
417441320
430955979
66266857
348855736
607251504
346343505
223795211
849996470
296437013
332142702
939632258
706305428
624149145
650908441
90993941
678608923
555499019
902656357
589591779
181399314
717329975
839160829
228830537
753172252
744854787
379667820
769631945
857281198
509512524
376158145
398793859
182988789
838452003
832851098
700873407
166769052
414976324
89553905
153519249
332905574
553794047
148003013
901048896
195533826
645037640
147467474
149139988
450526973
371074167
887845095
214291643
736648058
471979959
127046746
556762671
380871849
418702300
794864141
277570303
188689227
551266091
826593789
422192055
546804266
621057337
807798353
525700381
938061508
210500089
682859697
718962358
79694594
867142213
10750011
953614482
129343694
925464757
221133009
393931121
786005813
607025182
359369616
561882852
313704696
831311275
287613251
972120780
258676892
935584054
719931264
324445540
773767682
297074850
991992879
342656783
987233928
583628765
393110510
371765390
460570835
168362555
555852664
573657548
249922141
396537824
353577706
4930128
418982581
389208184
645952888
630470334
854949729
464106340
297872627
325393288
857577219
270727372
763998997
557332868
814462008
983285789
852179623
603468357
306553216
143351733
648544272
511976375
304832504
296462589
544422703
541127663
742749245
995108987
625325913
122194939
917384305
22330990
468863802
365254358
277574130
741191570
713693158
760333183
505149051
830722570
451687653
170862200
485720750
792710536
808698476
701956784
374146048
721024190
647800079
267350412
751752057
477054300
493552580
59775188
928249669
886337968
57823376
60993495
928160994
598173688
88665828
197007259
155174854
218817536
262999890
155606499
614525725
786048926
949115937
278127794
355350132
528571541
249762985
865778126
332271875
752327743
571075861
647540604
940357126
219702891
414481045
556479228
321917126
95564291
701701619
206731759
392005514
616567092
30411036
18778923
510580132
976665523
148230362
653787183
590779023
739815401
911138023
172405996
703459175
547724359
519730516
133454527
103569261
328016124
127378026
419880378
392233929
825890755
298667795
284975536
797658591
443211939
579356768
854556090
728107326
502902414
306610082
857246797
429344439
484918778
458010047
76037917
458845457
193681244
792167680
230556205
954694682
397787652
627499209
238315137
729767439
911385241
379352785
505313944
793685445
187593595
260734375
10422743
720091329
746887035
403622522
515378321
14645464
472392069
620666838
769951537
931327375
955542347
319408054
652712097
305518862
168398127
853492338
180608268
396548289
187930459
462018292
100906491
431929288
31937607
450870443
707766757
881999668
67961681
360276898
904575974
790254116
835313688
855139192
630562179
68539213
24046770
150772305
980252364
248750265
472435014
619247795
736493253
69220922
509268168
359557541
656402580
577278047
590932004
64907191
41391246
858263238
515539102
457250734
583979371
37440453
465174298
349635693
662941181
153198513
537188455
794436459
451861795
141972460
163841385
337700736
94106531
660724479
329617761
560021946
183523536
736099345
863328565
731219371
282644894
236200188
588918693
356100499
501344762
274025454
782572774
954921391
884811286
954571507
696972198
741252600
845591002
680825824
849716793
313781958
990588024
101128612
333695612
384225994
607702195
832601207
78168985
175326728
531517326
328334817
391404742
41771235
560568367
993396336
16491995
676030215
783175593
545076780
457814604
343589778
451184259
932635016
100608492
332778342
916442882
268069127
785310162
11293082
33374199
893432683
970936035
304690485
444751004
176136194
365679820
500827394
255872289
171568494
625786498
994594649
559705545
810102728
672014476
536200390
708668417
704795760
953544933
297649879
240837893
533818595
591757332
29911550
722956141
710818291
56786124
309594867
490538063
998435714
609021836
399074072
510448136
186743849
497335608
118141819
743671233
763898134
902298887
863687346
150484701
877974065
182157515
324364317
917879815
395952784
284610346
834041330
246860069
230440244
570775706
123911014
631194371
99252215
824077355
778965790
844364314
494402646
939697997
68844679
656737798
551271408
849556627
100750888
591603417
146553313
490518389
18799951
379912846
459754022
476253472
543048603
348911346
449406842
697122044
110472427
783635271
789239358
734734851
185222195
594226622
133886240
626539203
185782616
844008721
284095802
886238274
400704896
448383303
389335903
851789321
199134023
983095566
157879611
109689931
1247883
849562822
156317824
891908245
846691342
219224646
44865786
812597102
876012971
771015108
240258908
367497700
107183829
265980478
767646281
494966085
710450990
328589487
443691252
611381269
210177525
310912046
837530501
752169842
613671949
378494985
922775348
294762728
572117862
847532317
306821151
535965734
731370283
439838376
341553459
711774222
439139362
188477876
795126786
383965969
974626947
485806656
796484375
100070034
489595079
154523648
927769235
484941981
906010293
967698412
796047024
958405358
12828314
340257323
914918833
72065657
76257966
289806314
225780223
24686907
435068557
590510668
154791448
306209619
884039750
878562331
166320969
62660403
980102581
381747479
10877932
927951810
213345227
575492817
950294857
220635347
778417670
90910463
638388485
483680398
777465560
158956603
718595351
989837833
944545022
393480320
551823797
412728434
46498362
425829567
18982126
115880284
523232638
859469606
195836367
537881063
848829145
967767049
466541668
741437693
548201473
378164117
932375997
239692231
526615862
799691622
633518841
640426501
382035917
521611213
605800254
311418250
454569844
136206434
409183399
204383612
529190174
813228280
512773792
770838410
293139046
84032640
568110019
795448746
860942943
493377675
20591845
164949864
552637251
515056801
92064666
655732325
808131257
382630626
33080223
448231907
380450919
651279649
485312455
246738382
551031932
63347785
135822104
164048531
389613773
243756219
940828102
501422248
616358816
405028338
166293708
264698612
501229048
436913406
152038722
235534239
189178128
395363941
717637607
924876274
261845586
108878168
73794442
427592053
310541560
118192962
518802138
565194995
672089135
487342371
214965827
437258327
388631858
762178329
677267331
886351893
510770915
45210324
595562678
887160521
248870760
4386930
715446245
702308006
679447931
133413497
341154842
977725971
829556744
39434454
561117061
606386497
732301891
33345135
683799706
301260653
779650030
352635509
37207686
254688236
357345552
790063251
210317153
78456147
705000188
199890083
94348169
913897030
417829178
319057411
730904552
832370928
988177473
75253870
108553040
217901705
495014387
698764597
35371742
775415513
691016808
676552675
724072803
641314028
47220375
982897461
861792275
56200843
257381909
455819492
318172642
677076789
731542143
256254758
894395256
286657209
3006499
466677417
577973469
234470800
775749766
851290198
998978355
170243521
924501117
205803171
522445570
187523157
269677859
478469869
770897311
399716047
641183056
695530632
403092508
102463950
353290051
500717503
958582973
923048414
975785699
847996418
422300822
777842897
550247348
724993641
704815172
772281856
792507269
414203429
147200377
712021168
98647739
103937787
290334807
667113907
295051923
59413475
373016277
879351197
78283302
339205242
649059805
904168737
632659145
942214130
296335318
826629712
499781750
624542916
934318031
765127886
735591590
726900623
742606183
626750954
23817244
931560599
244133038
652301378
76046248
51949945
423949561
484276254
449745466
916872853
339560181
243403024
493217608
962659688
420134076
862209182
738084099
692482344
265617696
509447476
927411504
154221026
229952325
358931738
578559930
771205959
195978603
682582707
171719033
682878915
489888765
908428731
756864565
654733884
227271703
804350894
26274784
292019346
171581441
804350844
595858609
341599340
447584478
911989683
543745689
941075952
813007264
714489863
531016633
472408958
107364671
343716152
167005682
794492727
227694956
639643507
920745995
436039875
569252842
916464927
420643835
830367040
439964791
587374394
490225277
81218246
890163204
148131100
201502077
134058875
479972965
695775033
377800480
142275380
475230949
19264512
830413247
455235959
640731015
995050619
461483740
116238723
646692855
601483031
471070282
920090609
535200103
79938228
97179216
498540506
60593471
179329545
741424220
873170245
537654034
699280401
366420261
210119141
264295109
98373759
416267137
583589538
131649837
147025489
113631411
787241434
239747393
429546375
484596695
769701680
347392932
817850080
624818882
515866696
159662794
484343730
730177606
53902428
46166973
163775400
953018037
981122309
795836573
63756219
498200917
519400894
879558273
955108309
921229784
939824046
176232114
238989159
675207021
606369541
552882173
452505325
928108979
871472761
632927281
730433435
302855537
320143402
992000789
311153186
180829362
75701275
425740769
416578695
672619932
975453992
526392842
316528551
44420053
31692469
861494367
323778884
719847684
723468261
228061558
436540365
149226359
451242257
273361618
846257447
326165881
630222888
105731834
555853864
597590251
534493290
551206030
833638527
743867098
539023219
18071461
464213530
642021178
540518250
632307496
274181282
786971134
133421114
614999181
183921983
455682977
145471796
525018480
744191806
998999608
372295640
29875163
468915534
479728340
697159869
397981526
44644564
434973671
882145119
829889405
582070563
998102268
237734814
654294520
391677357
95773510
545017692
765060224
846939386
705192333
609494931
754474322
798476116
810387756
347794768
730889868
29937194
932628772
732649568
744291822
375879265
165987538
855397258
92020698
944009077
747541670
2541574
481259203
216060833
670714697
277630276
839819316
836975369
509703466
20318482
1108277
202670376
619727070
168276702
991235794
61253205
816766225
374815416
156912719
208560749
245470808
78640670
133360492
777829735
896448133
556579749
78104968
351522607
517134102
929868013
727552767
230882135
166835600
628315013
983191262
1619721
936317437
257988728
114588870
510280038
917462884
627808707
517115987
766519190
645977275
141323176
464684062
444402945
260404286
362809389
387613391
17332997
549941865
755068278
595955951
282584667
446183591
991679080
841051631
746952934
350116064
304166913
678417766
537319782
999477853
413494442
219197536
849758728
951235693
439093694
366650423
517185162
222075995
852642968
336128530
370276395
768138006
23279159
277626366
565492277
946624063
946847388
369012521
792135606
213654049
239056587
872696202
936180812
895450158
854235797
838760737
980736137
44894265
122908890
308311275
966288108
82533428
646583583
775954171
139955787
169389693
247409831
69168971
368062634
981219051
408985651
897672646
829372996
315767755
442949724
141723398
262690362
888041972
492720629
313663453
944793025
608528242
812685992
757197196
496727471
730353799
446816084
215928773
684004435
78995860
173710116
626002866
469846933
405696807
90284942
788362957
78609113
263902000
599336374
740036394
866221106
236119084
57878004
769259947
176803049
449774471
230871445
23145389
605621019
179163429
466851021
49417364
149658414
171383333
860606822
346457416
953502948
74327901
39540555
253951758
584104741
362806274
704896930
67859251
924846113
168612653
440529385
90393837
781206618
259396886
973978446
834700735
761354398
707697155
341404359
589254572
51541281
400405582
882079471
858312680
90242922
333150008
749127768
742282673
315141454
410629867
589150351
860696122
297530762
900726740
588897423
954031939
21581350
681004399
681620907
641599181
315385209
453219285
206516721
208814641
161128592
54687128
696712259
199726743
816500299
423644777
714294091
763776740
384497209
643525258
577676694
634883069
614195048
925707704
307706536
999213487
679005749
754092990
395449301
168232863
979366516
154295593
429032598
569867639
901301326
208036739
468127501
962721983
975793460
297454865
134542728
669451248
387854982
734587460
57485394
483970754
89222751
203423918
805373757
898864363
100204092
937729297
106497269
43389105
911808534
142161261
687934914
295908716
649784145
399860258
929651394
288441208
182557253
929543108
797605392
825916599
297799524
527431498
313616640
411434206
929513982
178438224
726003537
486251514
850791516
647543910
164272379
150266830
817536432
879929821
494137365
701778655
285902269
706429741
56399256
24070254
685612090
70568205
231552824
343471078
534704847
390929072
686843702
579055977
18210372
868219405
615753372
666090478
52291443
54687381
504410918
236043292
909823483
413768307
422105311
630582327
461654081
999836181
865503238
602318012
951165360
470541897
177763298
594358918
396768892
39628114
369563406
326757416
109924924
85384190
383370636
442180999
622147501
739754221
919412770
730752133
649995201
713774698
707723556
556123819
659627101
864234672
883763832
602059481
475488756
19965935
320328650
565396467
253794949
718546478
221286196
340799575
37345563
838667398
792633804
239348952
113420889
79011808
770610420
675634078
511755489
968961523
818251140
124750591
32849985
730785695
295284864
531792237
996814585
804411767
797484618
389270540
831974287
541371518
55371961
257803693
57544753
990404497
483259981
454508585
33520726
855526843
249792395
279097621
559934758
743141427
335507560
573677183
949564845
225249031
69705930
699075915
479987097
317492227
67649720
262819938
741030639
762178166
250157203
662237483
323078296
262207770
417645742
893255003
865909727
570312487
200203902
336421606
231751362
468325792
503664642
802868725
944624268
70561286
690194824
749083763
580041098
786875765
687942197
467056134
671651174
26018565
409839239
700373607
317791985
528478755
817566222
907091973
862025404
274940035
498156997
759756316
411594310
10779920
761795176
499278630
632903465
575917273
118667011
976248362
319868640
25466801
612796519
923478031
137062156
973954672
433791644
93902059
596150132
464554860
450864741
988899280
625165986
930170145
176568940
291268072
946262470
608094655
192371225
877449213
205665802
719366096
113633630
723069502
382270489
307041833
461969992
469677624
195485763
582213652
828444842
74575032
861238940
160491414
551954435
530513698
43313945
125025864
818304591
483828689
547214066
595880055
413321808
571092173
356606151
561277005
512971631
388082065
714455008
890561848
636140200
557030724
41462757
711499962
572954386
825928745
847350768
878412348
295194595
815905204
116337437
322201656
570695659
875108394
574007896
832295477
875966705
391794606
579820055
814825225
88770919
555510572
361954471
272256383
704465109
518607728
716650384
562774577
768200831
890586585
173698372
718131222
989650561
265533895
380263438
44284862
144399120
749877501
63413373
127022793
944240181
73140912
437913369
102697118
163987244
98691908
338124344
985537649
442190252
48527532
828146368
745327012
680378628
456113752
149593010
66996479
616728074
757395934
171758789
977394428
412204484
717405441
961906678
228575238
563374519
173335990
877380443
601276213
56891420
320549974
70700963
354123373
375515103
73793970
19924222
678482335
117373635
564734639
858539298
903234052
493582772
212604252
822000084
760281560
848648094
337728129
466769302
787148623
294621873
414939182
369215629
680690218
178082585
693750167
201741868
754608690
142628304
278876091
715953512
45980877
415676498
138421111
957175334
958043003
384726911
807125791
166011327
591706679
963299849
258987155
967433460
606559706
729528256
567793237
196937911
635790850
182066854
938136608
66218019
804236880
655768683
64587922
753111341
289508150
916259283
100217129
535266863
857786597
683890721
764390263
356550684
821501764
706265111
639205746
901354359
125191277
956168651
600088655
796836594
810206029
604087515
774871231
193076628
557160579
409371786
514563363
109769828
448655866
391944326
860123190
397729202
306679750
101158135
715642116
333486961
837606093
430270646
641335566
484404692
918096398
223085237
28296
226168548
199324968
691440794
24684537
117612728
709250958
610514361
733928197
66149717
678005757
90112189
235271617
802403790
876433600
794796794
743201431
408542233
638400246
116688061
859854662
490991738
724120394
335132270
885498163
583130561
290085249
573300851
77969433
913912857
531788804
43765360
735532898
619508701
828337302
247109020
346585048
286237786
867491574
781665348
790766967
728233093
959528051
493334077
378016291
369594992
765998966
518301533
305108468
110303070
399617481
982551083
898733869
81900447
308421936
899528758
139109302
7485000
261997303
121782213
908616601
373578793
426019232
527589259
662090120
33478132
989052048
982647128
611734545
981561908
512428496
887277024
783748858
130547001
926044959
33444915
915967515
534316334
111631355
296448208
280293122
721376598
811652818
203237320
445534017
424990291
323024356
282617822
329005217
580655367
185717670
29233431
507891356
818341641
636852250
90397388
866387863
808746433
290391395
792268932
683126585
543894868
566780588
645703360
219290986
535960006
199753285
169007071
853531680
690124857
887578317
96645813
710528909
69914134
655533078
890676006
626970999
157098262
285463809
62166428
11054668
193444823
312270592
581718369
739112341
699959744
942715078
559476423
324353656
775200913
491420381
509997295
782092948
4887675
16091594
624320234
700219785
709478909
231720182
631597976
352427761
422077531
134314071
817508237
30987537
352415065
933197858
99192859
430521979
997011548
963622986
827839976
802256257
302926373
288338326
22804516
606062773
283581044
524189670
765616892
286268885
825059932
618306713
964488423
125995025
115274287
756802247
27174215
664279717
489488382
929754885
208927443
820303213
723113349
89837954
67892081
762012866
279657803
734812899
148638829
536508704
841527670
378470696
554273289
951652964
130845288
155292747
889999969
553125934
140252080
552668289
98521406
79654950
945724423
136584141
843626842
141810336
604267462
669891625
486164974
454058168
105809316
626097738
766793743
733248658
967830790
396507771
117029352
667590460
973749607
879142766
60869823
753714296
786612850
906407497
319472372
224480649
303676450
521489388
732825014
325818569
223765941
74465819
264596367
684180801
672817818
738481039
189773551
676295076
154564724
90160986
372490911
401180496
371475656
477378651
277161130
221577612
840411917
857841796
489960770
238764665
140879905
544006319
961142768
215376337
804489308
373233095
563677426
880841545
360411675
287882491
978188806
846665677
495621679
79148618
62214085
981361184
729974166
610799086
822271920
106483363
18351641
744059710
131991443
291732828
796956246
864232269
444951921
440603176
361056754
443030709
778701120
587928705
170140299
982466898
821252522
514755552
212042370
897847187
245188559
272008841
212960229
961529672
360515902
122317325
50237080
920233986
808512434
389332224
614218671
446199959
661618325
823824351
211915714
366401416
595255002
829053572
832054336
717137995
864965578
188396742
908371549
725196104
398742819
633582292
210820487
939998027
797828831
619240556
108594968
221938434
376995003
897463361
502473661
322815144
488197859
647907941
698325263
884776920
55131458
14871776
897998683
334708122
218539073
94407940
966554086
329704056
28473095
315945596
862790339
362296816
174251844
359975796
580237812
540188120
612680311
582894944
142517289
23324429
384425975
521271699
127158492
99306366
348137730
663055677
110400932
863486665
210854311
660507482
26928473
465864202
766164474
207618997
313936984
165107956
256386140
469175140
259241296
682011601
392476788
217458943
562406674
731647791
679682809
686407252
383989959
246064274
746111375
644076824
953246076
551595636
743747235
510169797
89068923
76216687
123956205
6373470
827996462
726562697
170013119
718763781
843276454
844065120
824808224
125129443
899952639
151281758
428919148
565640098
807620026
112315624
191445712
3709228
139975215
915191887
451622895
117802193
494490321
635406219
420272588
691618134
800819119
287559960
358134224
891580337
412793515
504651590
299518228
67930266
268618556
434283917
51500349
869990698
56463095
704709736
999617905
921422053
312352793
877289623
972668347
297162646
833925472
926659080
527423537
92918582
708431900
774350584
932258740
53021220
941761558
9599277
86814310
933397869
697650055
890723630
613151895
883676922
251033725
448497200
268657434
580984202
163055710
332964739
849411182
873021069
987827923
570361626
649449825
308095881
675614204
984640210
239500731
583430492
874091317
661557293
224775746
787911739
54872683
825712228
12069592
189627339
208716071
826743995
72110737
455860908
16753599
835166982
669754430
811181855
266250604
376442111
412921455
639336180
80025864
583947950
759715449
970078780
194031865
194932096
469253121
205192534
373267101
406293078
303377828
23537451
807617049
325322564
268623013
553748290
210890661
439658015
846865424
425930195
70360355
865416874
135743502
754712073
586330296
937796153
898978126
935211608
90211027
672153184
916138578
75844818
195246594
569958602
439955957
506271191
799441753
1556432
157268373
824223848
502251482
997456066
84073890
694443799
758600457
574592039
480042384
115322633
253346083
585102254
573462395
933840840
720488816
240661066
783800735
45541396
265999964
588876412
980866919
404975027
707335022
733417667
460725354
345030812
79044491
697922196
734788595
14727724
592983792
720837707
837755548
104638070
31709663
20104371
761121302
678045601
661640596
462474805
282653701
112147971
693260223
330724220
80944764
42998187
78582005
877303385
642907538
378349275
823488087
853757745
682953790
852678952
664752101
214264843
249497104
28687069
288100856
555213276
288039540
676616673
597490494
954619208
714968613
634963696
800720594
346339880
28628133
510535575
895835530
689079393
830603483
142060707
533594663
258561720
108296549
339019558
876267997
271373401
381073786
403629131
282801820
990794653
935556519
186266835
830176401
101531485
556641294
281642515
403194814
460830103
320356136
593493254
804336909
988153909
349185621
131340007
202216008
963626617
564267387
857001634
138977029
235345321
755448293
654366857
683954187
456199355
286016001
12260638
510840200
546362640
178841180
219270016
878319317
86228843
973235359
10558839
423484256
620484298
480756378
964104851
447172970
462342385
153929124
100578988
306771405
297844228
207649036
388112641
327119607
961689696
491670924
863926305
387588566
789887426
457069967
651866754
49839648
914460893
942218530
468158110
766248343
596124790
652373137
482439169
516296049
669273098
3140411
713557183
663610548
989435921
821529707
965297068
104971607
561108906
680056431
277090851
327901565
970966095
953958062
114707917
875387159
216291352
805214805
594405955
93839365
407443015
822245992
40810840
643465946
67806856
199404470
929370442
258140212
404046916
112237862
532334483
316427790
530855156
908101793
704796601
873764020
839877428
317148575
370002957
307851565
958658968
844166667
783911641
975483788
632793905
651285057
8169101
985081728
599693990
38586841
867031623
645531508
677168657
83828566
157906368
101427707
727674054
881021657
707630952
40354984
656084399
208958739
182412624
969653459
584796571
111664931
103284311
976742943
995336735
130968122
952531850
707827959
168894688
900168275
903307122
546681436
710902542
345402933
190626362
628204949
876926348
422493208
682368774
85625923
642860551
261055324
864841002
673284340
807146459
432587629
512033022
916250947
629001868
538154254
243777823
987926522
707143123
647247638
103821984
241298261
455040001
498065377
283560180
716004553
69641625
257178175
576970365
183208093
169931289
64332229
633496490
325978526
182486877
718366993
963212006
189905228
33287544
935972002
786127727
586872810
407737144
965925900
273678528
396778379
481263215
230716182
847767340
904509099
38926061
796155692
343912004
506947815
142606581
251019244
658736441
683390013
512782836
920520158
601709412
928034256
549202682
619397028
665533654
584191869
345957319
252742883
271419601
698256337
67799685
47515801
87478241
966651645
513433013
104521696
425438103
328434390
659594806
656819717
280561778
70003547
121784159
128156731
580801829
581488035
509737262
428223034
536037944
567540938
932732244
427062962
443150453
208857523
778137651
11114577
641859459
190331392
664161882
189873006
435854611
479485472
51590501
765869571
15599001
540531154
164911866
314763374
871123002
702614449
864264673
629292913
910946377
653261372
288328690
240462211
61759253
962251466
579008404
496252112
133740749
433918567
475652760
599171577
860418036
330331387
150710294
843808230
928086665
304310463
151490179
662839210
756958650
529366069
396510404
89331916
510238158
452939738
602311216
487387453
843213741
306163625
621374998
861796806
985942569
846194857
308682918
350966716
587700471
494358288
306940005
936692451
882036486
647349965
937921768
534188922
515982144
246522289
225064283
208112982
752244747
930671386
805943762
237565336
644853269
561039064
696792631
695774764
931109214
250474680
606657076
221205134
545554742
449028622
230591534
292389435
788059335
30245013
953665264
686702508
186504372
448382369
366496721
867834357
382394048
908882746
183131173
429650409
572713862
365475889
109663840
176682398
991151443
38225909
170553376
770369052
548272190
230841101
223640025
477600949
4388037
205785641
254965649
767169657
32626463
376727562
698846997
135879390
865761972
529558184
561193547
298490543
149924630
950554574
251711419
213988136
28760990
620856894
583750714
54326426
526857503
779213615
166290562
464175853
770207062
269638988
528623564
745469523
339644616
845436717
36332261
952474072
300944148
924642970
600778156
193965776
34381322
98902491
325052364
841496243
810010600
833075244
573013185
910107650
731756495
232084501
206222388
563817883
296527498
172186589
489522037
300055830
933797798
492954978
580103699
733799383
609328325
712068455
198537311
254888514
675686876
102266405
199546054
338673925
952112103
320309666
928546843
401177431
43858448
619992657
107015127
876399231
580592851
780241906
524111772
76948314
436703805
633785687
290036054
377279613
550132430
874884395
924093945
403132824
136499147
883993497
238041873
305729455
395690753
119826614
212079225
535715174
335804452
793882249
793984038
545260890
511601019
309819616
512859733
148778008
923016576
697369882
214020071
297313414
482666392
644259631
266272597
798177891
901976848
50219340
477569176
304754375
614664034
74942273
810173773
390416212
822266732
78388368
790189740
724913073
877282096
406591182
946886921
552497882
544706559
273761686
89805272
235072292
567803146
796534726
289476174
743009644
358043115
360566824
144183018
206475052
345047248
689530126
964311449
791123843
49160816
223334662
990379970
115953705
308281341
701367139
951617005
399721727
904723580
256896855
498270750
662144510
908144302
380757990
70827291
270027251
527106025
388329808
710043679
616684964
216094237
519671063
690656890
910411877
622485717
555558232
210134570
203976966
15646701
105906050
161237667
545294945
2955219
328105104
673186152
269296769
67433638
310061583
922172868
516052227
768344986
299802154
9660705
192064689
68521370
574550415
366107070
830484561
165984804
941452768
721268526
251188047
433830333
354628094
758948069
610170851
907241423
45831219
522007767
188922932
429456005
646880183
212670616
34219436
425075244
812791490
584982700
156429989
77257904
276262607
852465940
474421442
329540475
180628167
226232179
845126875
433759455
442458446
449078076
646218738
826615444
275259775
846233603
881296381
973579217
271852450
187481028
586009240
530762786
373734124
615728923
958292664
62528272
713440135
408999732
14479810
560300789
697682119
187775879
193938811
461508052
549273809
930405940
237778113
6960487
810588995
8870899
446890148
497187900
788461303
427790308
513600531
109847337
73701845
952028500
387707356
391508657
921267744
656527977
297241713
510821291
652413685
179410715
145228421
208810244
232202680
661159841
108373828
343926940
319382797
378846142
342392469
459158973
589900698
857972499
484073813
136443327
925831962
284028267
553216044
24951977
775458874
9302517
757236990
263113354
167245575
823487535
154730922
867809338
228278885
206930489
844970533
323165281
573946247
650976383
187772511
925091772
133061620
185830328
18013327
233357650
910200899
985796040
81582559
887416259
838467092
783907669
654635853
194691599
944668724
52913738
972048897
214851012
779483947
446568004
823650317
65283381
991774576
707635651
63393184
386397291
317487738
525828840
351067061
137824370
954143042
891561288
35026006
946075736
340499303
129259411
531593189
773823951
972825670
809137217
634933914
996520276
449356623
812557702
715376077
416024946
477104923
524013530
428360635
358524363
379858321
716941901
35884047
649471742
274036725
708439040
720728894
677992049
116470582
561772960
654583072
838454484
906735986
484586618
892004691
88128724
603970908
994234682
840631261
822166458
736477927
306197691
943769540
133429328
414763749
360399840
825156474
22444416
24102075
509375492
91621434
60371800
771140906
312053019
957196096
808223906
608031901
721059523
880268214
585827088
155610008
752751058
188818790
735584326
257976852
987265612
16525620
644069211
549478293
360611466
204558603
461127231
586839285
488128373
274496453
888697313
661704966
25325813
342341469
562343526
772878324
633033475
514091182
151481733
820999212
651168694
652706803
997705653
489989296
727844933
396394539
112250229
668436419
438143251
505646626
739586864
47495659
465588166
352463095
741208201
704983531
32243582
621900575
602839687
990099730
988533187
555789043
644522930
545428953
53419385
601041938
76845340
957041627
881472206
347012305
286820288
334007992
19120012
141473417
88899411
965041740
702190686
946129756
28127850
126613968
562754179
422485031
880858836
176972751
315852806
224195385
844725867
310412700
346463058
827011924
784613257
144472489
195197066
26983640
349060256
180186300
600333059
708828753
873991479
859278375
242585948
619709908
491248862
392188341
500686928
696583475
465717688
637599461
782736072
188617354
494979559
659282743
48896516
950954258
772781835
829031403
39754716
274174226
937685139
31514394
947726613
985405688
91129514
844902657
273778572
298047602
881551649
913431596
191080512
866953251
776412301
436538859
757918942
445292154
952797064
455707602
818272494
798583225
571802040
232846214
306441941
982658610
871122566
643357755
954151666
731585020
818713548
13213591
992828773
770427949
59859960
736633927
487688397
713483540
59775225
669960576
332291658
7401253
259190055
712554698
819428426
643643976
601646410
261292684
902908942
592643075
224420373
97314953
803510065
657714318
377316196
31706576
234993457
968732589
90514914
527059396
525648358
708887148
927872012
14385120
885510659
407414842
120326141
57942167
702695585
358027477
548791272
42548408
577706916
478093563
108212380
716273526
223983474
840511783
340148905
251559798
409432999
235009213
380087796
477829645
161322670
630810542
638509860
249699879
848244171
375885943
156047204
417827198
11993926
115398071
907996608
857257053
22388815
494158035
965791099
233180441
67681401
130780944
615600933
711308421
344572428
624359863
529150090
568478790
590913285
147045557
730638598
137643724
141900707
109830234
55758112
78813614
763862925
309705926
361238284
619313740
759568037
442487911
426489272
303701455
433082913
196721930
276104347
871899855
983563567
254468212
815740802
547347531
49443222
560648583
936965801
513775758
673727105
685895698
43168795
596950129
457526746
100470472
483805609
781372363
792382840
894923958
779281235
100768336
753358189
194215563
850661255
778620858
131048501
995876356
861785467
751283018
788567730
316705335
173375392
778651138
499058469
597068338
557477739
468336944
101266856
920034606
854715399
580045848
822803240
778554993
442837318
570588102
78306692
129123839
795517355
252179771
448475182
421360852
123972638
772708812
316254470
649280309
701323889
469562562
180132307
535178300
179409539
111300231
948118355
717269214
896080462
958580347
580642501
963036141
660658624
104924260
546479050
374746627
854840605
338474054
99800227
661726246
231379280
855204824
3764479
630989789
186946166
349281504
569212302
816102662
574615756
932238856
423368178
116273082
203083357
208287395
407389889
814708927
512788403
467101503
932149678
508030632
539774707
580048926
833963803
101524269
972430754
440606268
936731309
800825518
694511806
961388266
312622601
212770468
600180509
751311332
517398101
314309707
47295178
784309248
803093352
897252904
264979298
266138843
282101285
866994730
930092508
821418626
914172702
867848079
94913259
828627275
217791777
551977574
372946282
141763766
921468270
175381024
787261775
344120613
130618776
711938474
784705522
869448762
958143189
927886072
692008027
26780313
320856016
433618177
324494029
667781899
440150249
163620182
232225477
647200273
724443648
346507194
25592313
800058865
756141974
260104751
635554294
642061419
778164327
82677412
572674856
181935871
633959512
476530367
471707082
756521227
685332242
639610074
569583555
620653835
908343638
570651868
993561568
956949375
326880567
33200250
889050126
970565117
834072796
962847310
205873254
681943005
862883396
874054364
985880684
569809128
386601272
371418254
520795546
259897320
66920942
536147254
605423311
547739738
456110803
464893920
210404259
224748828
409951406
204053735
981938856
402546557
122969810
429256274
795220049
74409745
750378731
764869261
373923092
940998690
693063337
128306352
32141032
724725843
604576610
375200028
85701530
406493738
860798058
401160022
460001879
466223640
90260068
420491154
409590554
264091132
276971589
466259686
195714033
929973245
771635627
791249716
582514808
401056015
426947335
416935874
442771764
788314136
246992399
685891350
768176178
538747860
369380575
474863889
667310728
440803834
40065381
881624051
66786225
583083703
447794207
987693299
306942673
678855913
454447364
380786409
742912818
167792934
935857228
917878669
781566908
247561330
829968512
373125711
680251507
522592618
65604593
623303221
487509222
86088991
147831644
410160082
207661056
588955424
62837273
374058384
747331501
581372146
554557727
993664560
739170865
260763267
226075771
922637747
974089919
255746763
57608317
161791468
757935567
940882690
573630825
838531055
803086175
818002420
499216224
815115806
50061870
983375909
984712309
970960510
721299360
145224548
471920564
489666742
686766340
581507458
690530525
830081360
632074053
653034198
428516043
752154844
380286669
791170069
450491348
372774946
189241986
120486045
267493808
912328698
438286197
629558510
841837938
916953058
50541153
106998176
414444027
78595047
487988620
112358655
554246335
82291076
235544520
187156101
719789907
428256026
53694301
896573240
50976075
429946474
557345939
41909244
410716682
601104909
324523635
136700066
693396000
893488330
800547740
28469940
145787382
562973838
538929692
252954237
819807985
18576675
938348018
695820553
536664694
850900924
113358606
287486339
154056594
731521087
917225692
375324468
418926498
934600980
481210591
566193516
946270383
509269757
391010414
75913320
951751042
30789733
288333084
461964288
676234168
933026945
875598748
205803262
179090276
778791387
52948182
676198724
340397962
846631817
788131055
833902030
540581298
420146421
597922612
182279547
604174293
558056828
589532475
155268021
507110724
909369861
155463381
644923401
614188283
173629911
5493474
115627689
545874577
399131643
294206557
839058859
847730677
989662185
807565085
413590056
354036457
109362114
916756446
835705924
924042277
85361777
120108963
696169794
614813132
938556581
365224377
239898558
345179239
627215494
653522573
588669035
875090645
128820938
574706217
438305190
863609153
702803071
126658535
602286364
367457612
605633872
738401210
998718364
672903531
667318060
798252253
312398594
100432657
168342373
786918234
659672671
787398160
435064513
606414660
628685062
358814978
511408345
911722164
19174969
300395094
991790235
53290073
284491600
581582675
6627855
9574313
933379000
943562149
430553297
728920474
471193042
635598864
761753694
364452616
934256194
490598737
548937937
64992378
745447986
221234035
188030778
131644012
260946798
359127379
726558088
173151600
188256791
382866526
485905045
446812956
327566738
539687628
132953654
705295495
782287982
574024814
62239330
552552767
265447806
623284375
106657307
291191314
64016596
6083614
352552239
800842514
956942654
174814559
104594718
686160971
797249594
798765757
64918651
926955212
668023748
784873465
669059822
402691499
348856425
90723379
585166141
621290334
791552706
646340810
977441011
388618598
870173113
444410934
181494871
369147783
290432101
133640885
160769241
798165247
279426433
854876172
186917961
249732539
532828486
828957192
390457526
86456852
402997027
171580652
659916650
119740900
520647908
754968857
484105105
682405728
427539693
518384409
118643374
630820580
560352049
285532225
695617471
809043135
938715461
593774320
945378308
925699552
618177739
752535609
810169604
593216231
30946074
905078502
474863452
458062172
965043236
268387292
181916180
293571310
119740437
818482203
419222615
885779199
523244568
720877495
120718045
249812250
347497874
962495520
888217977
700763880
485876547
717543392
845384134
272478679
983343082
559845376
894200644
324289931
337793133
693512039
532823314
968606406
880452293
625375908
886512729
947543073
688599381
479908208
387002305
729544341
594948139
844428781
638978427
713280836
189986912
135072525
324753295
284269423
746900256
938000933
781432782
189283278
933464148
651248993
336888285
834597294
305549077
455519869
29140602
486244039
572970602
705510820
614579753
881755162
541309352
786344769
294309013
98616766
310391928
791339932
396624795
842785222
795722378
664134372
474718000
107362889
86503716
604442395
869489997
552876952
884588451
458882981
227847086
871813236
122837762
420381049
579284170
241431329
661916347
888968902
323539665
629387199
692543171
455974020
487389555
269021565
428537355
921151096
97632107
995464941
323062909
67300987
966310356
774614027
672720928
761513853
706191758
964473519
198865225
69185853
899957471
836113720
631947500
757742281
409433172
924336102
678691106
52807362
287796512
584222987
537038765
696522249
538329303
916827208
233563006
506987794
467644750
993090000
888937979
616511590
708041559
894698797
54518613
377222116
315052872
543948999
730207302
714085050
705152370
896665745
608375358
45825118
248714130
829217717
673749977
804956449
982534020
583738207
390307851
618731200
303679034
975117139
576983877
725899025
181388992
762014873
597481728
641599175
977401472
941756464
486434380
755051021
808810464
211439796
505205854
571008977
760640934
622158584
912440003
506970819
246589841
830231137
664058028
201140402
199693890
824899590
736349457
309716491
617407847
950660118
555659286
252079914
386194488
351873793
276400784
627895249
536798061
13762205
46936063
207895793
442410062
745467119
331293923
957985128
98166703
555897680
296649922
832601554
216928119
453313025
183625923
213310981
626540221
590402422
621610937
704786875
69190804
799771329
988627495
830282300
718677370
690089892
417566266
548985102
848571940
268889611
33248280
786934201
970617750
793284224
789732230
75510433
100414399
524624341
510293582
399088751
113243358
415223867
335117954
328252627
19712076
374893698
903647586
564584028
84923071
734588094
49946426
675584341
376993070
366779377
874777362
202118967
413110089
928108944
365380548
864189212
883974945
461817893
821016969
525386314
437243417
706519073
773603284
421290373
175872500
332127848
433049192
114237602
104630523
675952190
506962783
945394648
761913102
875010476
612144595
156693092
640679958
447394323
64395645
640831296
703535813
31429771
346726795
237916450
291288867
781477377
556841215
950433382
876923513
594484819
571389797
228033897
281945253
218348675
944974297
673556358
232769026
201353459
939219996
58016814
286582706
308895309
339771151
304153144
407458833
167663846
489455184
542996291
454565321
552010721
606384998
915224053
729857575
361400561
519527173
107507319
245809885
206886639
463267326
247914716
201975401
612371827
22632813
911818949
577216347
680613373
859324299
278510168
975403664
566244922
73277891
620653344
745428831
590664298
873625142
753621152
236681269
668467576
80520769
593441859
134711971
16681349
916014489
304777332
400003840
647391823
1296713
670841988
535978919
505659318
53082289
97828039
775636404
419366081
923274510
704002656
974676301
373643763
992030073
400375347
773573659
644482356
110124910
491055814
306600889
341723078
870407409
624146227
476501250
682541558
593801861
978825130
800566345
248022111
773589587
355212408
681397626
411745524
780195889
844047143
42146921
626232740
603424200
158149580
336378076
825218278
99361534
120279369
745859250
940529819
106622313
967078469
712591546
66028797
296855840
478494760
364766009
922577538
795998293
262622279
602972963
704678434
451313142
579443544
196851398
642646530
233225093
736682295
840282153
555719231
529041547
749260290
813503967
552896009
302513322
320084302
304602586
938656594
387405569
885960582
847890845
459277843
920657439
838674978
77224884
668171763
284716571
197044466
525655656
215373919
393112443
37414583
493150765
49961359
63408880
446850625
428269552
485352830
522804714
426499321
198873077
333977544
118157111
513749685
529512099
841152252
651461641
550047803
581926286
649354239
157391639
553276222
721366280
989758019
132579791
913064100
175734032
497243532
730203430
482652065
107199437
573181956
901117209
737290335
782005529
910396461
677683633
137611422
536938045
774299236
164505720
995088472
722853411
840203380
292583983
339489427
22495561
641586223
956715936
159867545
917361995
144129730
12309496
382980123
283258164
24946586
125912824
734519122
93824112
607149271
640327696
538183737
879148283
402705705
793306285
3967504
169447036
177596825
437242252
690756397
27829039
523066548
829057339
198376372
591861237
647185137
967504770
426008691
149387530
251183342
322077109
279722261
905321605
83592871
388484533
819743526
356130474
418444562
178934356
782873088
192173655
69306463
915927102
456106575
623336093
913027679
420978069
889477346
49095870
376574018
269353876
508190011
711572800
369041162
184850422
1464416
339879551
642158463
890754727
94329188
143166774
948395643
423285411
731353197
749757844
568446030
139713870
675140437
40661373
63067704
561354636
450806104
56019148
848838445
972176903
280538176
700441570
514356361
148793150
185977737
720660304
272371504
310070685
741624968
591667762
581718460
379753211
632625736
484945963
995929907
840956726
228006839
16764007
27078320
361126129
216998987
749266244
900364238
866026680
95344606
669946404
545872136
288356203
736482506
42953226
792275950
599314252
947271935
13324282
648733971
437072691
323206507
812267500
891858238
100952866
232129544
430625257
463711857
673811573
684772674
777206438
349765250
570063612
872176583
182320159
847342823
23864103
795149065
901974588
110884654
321532459
755019686
505022839
376604696
224370208
430572973
696888853
415660053
951561630
990237846
351101803
734874626
322135391
639769311
172097171
667188900
50984906
612453758
264479878
498271612
828913708
151597038
27412957
714713877
207846708
13149690
176308790
418124822
742877069
184474792
448454607
833906844
990079752
606098678
34552421
263176920
452121847
822486508
137119226
26968480
411763426
186846395
739536524
154679023
689867553
53144390
711196163
416276795
70994706
698739238
995640370
978722447
519113521
189655003
7062550
896501915
41321061
877780498
533659266
124835493
273652602
955780071
319623572
212599560
961816577
731425914
450660749
690948852
779935341
498828245
31010692
714575063
763051622
178367201
187205021
87763558
453058553
966327640
274803022
783642460
502832322
669951468
934552898
644072229
168165041
251961957
439365643
48826379
699587191
688353892
797757285
809133626
280403935
543441876
106235600
759845632
32419754
938341964
748237100
912065925
997304123
778670561
754347681
568014070
275855387
544235611
310332603
839470749
778697656
444270768
985295781
942880775
757057783
375624819
256107214
510848230
395645899
346428647
370542134
581307764
744381398
55344508
177571399
468132015
453860498
947675170
734880952
190068947
516822655
700988814
996267499
37346822
404946465
496806985
964816973
673710704
135667571
921631029
255351717
24723589
538580343
525167075
907369991
809653774
398340733
839975814
414250382
213891150
549501436
612834961
567523746
696757354
541031765
826500752
665057769
145883934
131490794
406204141
371282520
441310667
18134034
804450421
310931884
601056898
424634598
519879373
114706090
23085078
135953501
599754472
601845692
380658717
464129504
621280883
290892103
351931694
956829222
872586428
731523539
119402673
69552908
965248901
663650726
828219625
502560694
328103974
822398808
773244594
65461327
336198470
411931034
691698220
810076138
7671327
584618060
562147325
557837620
183534668
724700441
774627286
161015164
160730330
781178693
695655636
552621572
199824786
871082404
389352529
907245001
868199895
634485556
327750689
46332185
621150728
937501310
614834472
728228332
583849511
887910111
454571953
303032589
957631750
139914027
479317707
529006486
511103634
180468222
25324387
601885812
254316967
624386356
52676300
776268087
16122852
275444903
68341941
312724747
134219006
343235341
668031360
279902945
49663541
120077853
885333895
273192284
507377353
754041582
483092999
273028616
659265119
440702749
856009274
432184978
92392758
152068851
417148815
308066465
6992849
911281021
865297189
667205460
96227624
580887883
237112348
357610016
643877607
726476045
313468541
793329874
746542858
472051033
999271955
239394415
908975428
826110663
37632537
640347807
612458864
868574768
179233833
583974243
941289474
269669154
831568480
383190313
396855747
925552544
209998786
249512018
353955352
933564490
758869463
975678793
104734685
238393034
499228057
427291572
704546637
882678464
521845781
316201227
362367563
69593320
920626003
736708223
314265289
471943903
639565194
642069759
45085129
703665499
253518085
716038041
768943175
550952812
993587876
870716558
689020882
347447901
367586798
781362322
520049598
919899971
593994763
608850366
532877061
794217341
707087060
977961988
771090110
898423200
522850808
792813936
4743655
956033311
89950876
333675555
686501164
625493595
988500572
745465875
946244274
764330604
352137373
704441798
797549937
440303049
844658903
482070364
824563633
515046192
537559737
670394096
176359669
416064104
679917922
362432098
937315185
104494386
176986000
567905484
874819970
924748263
422499098
290557134
103226625
355933921
938082085
354738714
848071719
255379595
841032991
424407111
20482580
221797047
265050031
729541370
175783763
864342506
871306175
728351544
720493376
486649637
417590194
431437160
615744912
747368897
945368125
382455503
174627225
815417199
27860248
168467015
600476518
138229628
981520813
691543873
760161047
803735120
616344004
114202258
400308455
598247480
819335010
873214255
88948767
696610889
357128755
987521419
971744082
205818220
421816443
494078752
667634769
61686188
973775394
398752862
286390289
791019527
218829949
656021583
988638472
380367197
112465438
220342115
366379512
208732222
304544636
100029790
49203097
959116226
417955777
117753593
178620550
219810911
634975305
35398124
600075959
883552465
252159844
160086229
34253281
64720525
880749079
893303373
861179817
182228783
676638151
910989441
570856397
970957819
342094390
288045407
993856058
744300204
474305704
209698893
752650397
478798275
680755178
482238814
977507298
843013818
11478678
487751219
858716291
736763200
845589806
181038351
531561124
584160087
162477151
716619224
87783619
712183744
868981009
861542845
981457790
909785381
612580444
795668858
771783529
238749820
29311086
429086745
457750994
177992344
800360970
403359141
344771580
374158904
609915747
129488875
304855110
500818968
998022548
356334950
167014623
542064001
611731770
76634455
825815468
503508219
370195345
28674867
268501487
466148657
84509558
328829801
792385068
477979754
299278543
670557499
426256785
746646499
964947875
481456347
672127925
490281455
99125782
831538123
678755364
317283441
592326905
643817319
843011499
860382540
855222833
880486748
94331779
20092665
171729809
682136059
467852409
983115445
847776873
219445832
475526863
2081917
727064744
425072666
156824293
564847482
550899491
901260371
955147642
3401424
897921523
85095861
663896307
613944570
675540640
686324267
543214270
54057374
536975202
247867063
531057899
771513002
624491856
305099588
937928859
493355030
193464009
463958158
695936982
226541247
689541030
264305128
408621136
343606051
780878285
576199118
577172713
562094339
599140678
267298697
345082178
904793916
338699471
676865290
862573204
925585399
522337177
212895112
705181832
446139592
527510837
61917589
599790233
858275325
155492308
531154571
138496521
825063370
493221160
899824553
893209241
588167653
151000117
742078385
445739963
677313163
804179975
77409672
164096552
345117173
283374389
685301579
979788749
624455204
147779917
689383545
557370763
880420222
361765577
997366130
72045498
240533978
281358268
329545307
29852783
614244630
324790718
714734122
364993439
815432438
206314888
737560863
199068312
453522554
459441327
735554042
643985270
817260935
212372219
404354426
557966721
392800288
540050893
237537814
977394252
563746238
7036207
394191046
925351674
752598157
492062241
280494126
825378632
309478542
423849283
42703643
117617007
158851080
941370017
741109077
607558065
66204696
193836313
613969906
838401779
529231347
616536350
32692038
461173325
651065310
734246620
551129782
714188800
934182026
597137248
80428240
105058727
461319580
418348247
848408253
574373709
524892921
31766615
569245693
400089673
177646286
810435710
858873471
624620291
873342235
767195093
915182979
533553453
198283085
688135799
361027918
593414736
753403951
199648502
642198008
445139787
940803588
443290646
568459826
181612865
23658087
116879487
32462979
346060637
529475318
526546300
379876349
456234675
874551969
578720587
435534582
222685240
715198433
215227417
986505517
431274806
698040639
833392553
639885231
454217829
240912183
437097798
648479556
319598008
422026683
653839605
222697231
988239404
581267036
139410582
354754382
220218896
308546602
444667339
911426499
472351039
149197096
153063353
822412019
600496878
773742382
558010379
173967816
156027383
839777267
504471333
351705455
436280310
842251847
325318528
577291444
565575278
576866837
507600603
990663359
222500130
496461030
22871611
864628525
803246100
99097909
45866745
29110428
984613874
338364734
278697275
361683369
9378506
770369816
688494297
379937871
831740453
375280369
105568202
670685205
841267879
216999987
382413952
604735941
88918816
368844196
97592792
652661168
745584412
769740856
293109121
312498268
205206738
292371191
41072393
662608003
971889645
764485132
515754363
708344271
979083642
541472097
647428767
990732173
473614626
112582173
292747005
993930030
119996548
73502953
976501636
890890942
679653885
253897548
383990193
502321795
443464431
27883281
862248572
146004448
23386137
456541702
851978557
427398035
436262175
522306934
339217400
843048672
703320148
777714358
142319855
682790405
800961397
706904318
700421267
927608105
404189255
121832771
456489376
955415103
124972616
696684050
934150579
716749712
949328618
714529794
382084580
356834644
400333120
319412112
46670398
755206785
259222851
57935756
631083255
368939455
283777935
891897766
226169574
825268515
20521547
454008319
404820702
117990920
676075988
250292639
925539952
700453430
832354513
890307063
416781182
544564079
331150449
397951420
568263471
979591080
309355364
410209701
389851246
870090401
952723243
183593613
617188632
551947085
171371278
147124653
920456390
817086957
75702873
167936006
91951155
342537452
603378018
58795225
950450214
106982698
366949178
369632752
508495906
281725944
329681513
932154542
635390764
779661402
106686953
828731644
794281883
366774353
326307180
771082296
185554130
756747275
292230352
964852519
541399308
654085902
643020639
868392013
438869492
548744297
470010850
492659641
892239027
178635908
634466159
850399209
571371500
345839239
253453432
858074115
776434970
952796367
819772078
181687645
85166142
759020821
423704615
739709052
437481350
773067831
807640495
325848435
108087002
970101771
118082702
150162166
910877006
684463217
434252095
460580651
405285946
625312068
667631023
582479701
199948599
135333777
173557557
567316723
570583807
284132165
298589697
820342139
665680363
826599341
543000282
35098913
203523012
483718771
274229992
558341805
991223091
251200310
515743982
601970258
136339993
426915445
836312147
125956837
923795260
314071528
529724083
132014852
921247020
506893684
488883155
616758173
266713513
210305389
615454339
918192907
638655588
438921579
731992259
417347315
567928181
308433026
24015592
40837107
720273793
226581342
579523470
951686850
663164838
433090447
63064908
696704424
284849479
750278891
658491323
343181110
257454591
875607649
599162272
951665954
997644476
201480689
26855380
571421663
529524012
583548648
712737709
331358675
881868454
288325045
187595174
410012802
478958652
895778056
805291956
294379493
636926806
483205573
764205789
348472037
297221755
284907620
776533622
449673574
522049930
244185180
610607516
696895460
526032875
842916918
63109709
914787171
383046816
110113906
584262450
871028747
299752734
902609762
132996906
880461887
327364522
629306719
284121714
674971664
118529245
195655865
565301027
509989727
196496252
816606610
848120942
361530311
118810443
315010913
907301466
766287627
395858250
123500367
757554813
924574495
836233247
608007890
762333992
366495225
473549023
546177612
943359347
257786758
399267714
62034618
127783834
984870518
719732059
489664037
472885394
297957327
997030396
463503074
719428192
206619693
899524438
763671544
505921073
869020733
696932493
822695418
295840455
761865922
909319400
427559975
516351576
249865104
271998018
761836913
898210391
253352816
9090084
630565210
66001037
763495914
412902913
373263616
192781737
154416668
507746201
229111967
431700620
864503737
627256086
324291103
993469187
990244414
774552225
609691929
13200025
236115528
579269861
577071213
879758084
696501417
880975088
475954092
663660074
514797832
726744012
473281440
80353596
847168488
163833470
633545513
641494835
276087599
45273620
524913975
133568054
703251584
803361741
333111286
363899747
199965857
45036963
650353520
696105484
797713900
526478569
542919207
85824448
997744331
373782128
757830669
297131530
62735407
551798245
650962047
24345919
579301446
362796883
795981060
511947728
261275532
799136475
808959779
429767736
782637686
941253432
945566702
804766728
285357612
341652969
660767034
676283440
36716186
815886409
452586431
481802268
824326928
225512062
307232114
580851082
832608319
285228974
661300950
625919518
870956809
57826449
78775789
406994737
749185473
334522774
3799503
190449455
672305792
834670035
49845234
890701565
351594331
855399989
776488146
160315371
427950131
852578294
711289675
793175891
279024823
670616103
926841990
285348028
165390793
44219443
390495741
83762287
910683975
220066601
907317205
422182226
470978392
724772370
505922421
955859050
727872354
328794107
651262351
530436721
238719885
413465102
54140946
936444489
567934141
303997450
644404462
343257863
201096876
613976677
463429249
496888254
642473301
917306518
320030509
400286170
336812427
568945851
720840986
674406772
522133598
484254185
639300820
197664636
650282325
162278748
873932848
238361755
959451666
700747590
6701648
729711204
139978891
12191910
401670546
404117788
827146003
387132326
954903230
549572737
204643244
337324332
805513099
94324747
697333990
587632
883626566
486219845
613446044
354583047
200855793
250232891
814473589
349405927
89712046
582670927
636060414
933880449
151137095
771934065
581976733
480654368
670966350
349663255
191389487
349914863
425680284
530518770
165595605
802439584
363357366
263778805
242378934
247332640
249679320
351655999
743406409
336778881
205765006
284224618
231054150
253542740
663171703
994437881
355366783
4114052
963640034
500921117
189470476
961070170
676448882
894793536
953045292
865760649
318589907
716302957
560012212
93372061
49212406
407799238
674630917
162284720
213616562
709582332
956787119
624571465
528688449
29000952
649808520
570355398
605030092
516195465
849777567
245977846
309207927
408649078
478218847
756544422
972742765
170710337
912721542
833298775
765032893
539417526
347332447
344945165
217043166
782055565
230499635
426346739
16421658
858393709
709572107
654190307
638585955
158646944
670658846
6469040
73098586
376499811
654516057
88402654
859845145
892852570
81211104
16221106
815787259
812654840
613479842
737781376
474436180
286622947
131142885
780042743
999183442
372103994
598220341
203669097
298157788
604194497
266206471
566145594
447429571
767161279
223801888
663452902
507589561
587930862
402191437
969649244
68958468
679456995
654607911
928811321
710823298
647521567
350600891
436908650
676100890
831597934
402136262
133341201
753735084
374955802
37662345
775953297
88203998
408531586
13479498
735163874
339907021
978636641
18104093
39209821
727006093
506431567
95531619
801932933
222143818
807834448
327817248
201701875
884283764
725276514
972420196
314042615
557644452
509621326
78553642
164245141
968826843
78898136
17334151
9896893
296782240
226955778
387965116
307460729
691590771
590845723
48282098
222232912
121850465
650454126
933773784
115748606
853321523
112607082
247572394
724516530
452092403
350986476
255207828
427693315
636144647
143424873
811698501
966153873
13784691
236546544
118401375
840339174
727243190
69721395
950251197
973425734
119720784
519381081
407330059
310635448
219683465
677339537
177806972
658649251
13647473
514108937
68677666
276805637
986320152
872446435
952595372
45897077
617502001
278596612
565315676
102727088
549669746
302549071
720212080
812045810
9639080
251267594
686930348
914548799
871819000
201836169
859155602
124107132
700621334
757712911
123074249
613905422
774933722
451050480
670099001
297293535
828868862
394005828
629730344
904354164
539050055
960992166
243542531
994414508
653860268
637255196
688876611
90797023
196013863
631452893
565461805
115003160
432924508
84365017
977775179
630897553
336188360
868106408
686978108
558247158
990895319
554332564
228062943
603102243
323843797
857480671
446313408
586871846
965518444
61793549
146323909
549002611
842892771
425995703
835065134
286191710
662152079
593897845
580787782
857704382
114985432
816510440
964230970
873321230
427664462
68785120
819373115
320560330
855110130
242901604
53873759
75504365
608430020
825433705
209278497
569133272
319199383
312640382
707892535
983456705
604458576
924014915
395264698
113000465
73860731
239879462
176577235
792394665
605338399
640354043
194523443
781470922
135334206
689060153
285425637
302406658
223633730
493977687
267778795
9327746
647372258
804886505
201656595
796145537
948084800
171551679
442969920
980041277
820987091
634910085
805220560
653054713
331685634
946428807
899407898
472886767
420177007
777531027
823310846
606947642
428824622
167173207
956444942
565371110
863123337
505699079
845796454
334883450
746022698
335079935
158296377
232825645
604278832
488640183
343017965
264877213
416105801
298470152
600161045
43552146
457959569
199399866
935136389
354840641
84831590
257423029
496511844
741453435
659243759
41151786
687123383
108207309
216565599
173539283
139489611
678285419
810036402
712252653
92802974
26664069
226341186
129152771
869803707
220918804
869515800
871316094
879414509
36301917
944203308
434074906
235929723
249040076
117707425
225830602
754329200
585039264
711489600
837406317
790753074
220170445
78937125
925588189
719429599
113557398
398403614
100779334
605817829
752132751
400018923
432091418
177639778
222132576
482608600
113052601
515941077
705064489
371968984
448907524
981347982
369542883
502030514
6983016
364892845
232406272
719076620
665167609
516763363
815462406
449460358
643778092
172637239
860615658
282127364
897266481
297273692
970054783
734966793
439636011
451114928
442235521
569125080
614654471
732254668
975457448
880559484
167877018
661795080
536264560
600116421
88830588
255756256
851975205
192619605
741966972
243581963
720685960
686321332
640766667
398414977
272991727
165142023
708299574
130789994
557604337
526718053
86592648
556254224
26346756
464457598
221434142
424407481
621407781
7517396
707293138
734631468
17253186
796627300
399043576
724938588
115949894
123222247
235418228
260067116
944405619
989064208
861654555
496281690
482762493
549248093
638699027
957296427
610639170
584572244
572712930
132038652
22124043
828289866
809001846
890779740
231631324
112630648
148349986
543683479
264582603
372603253
771980031
996608378
522584191
59798600
349315278
741605047
945542006
79707084
91522922
15249827
225915985
612074675
263321820
606527805
675971882
833309783
796511485
449503987
715819926
373699406
42205079
309900172
974046145
926014654
12763231
358804400
127287524
948820275
664269292
452121632
560236813
80736151
878450071
328951337
508873952
363336944
741042487
721612331
35601729
879636813
930002586
18413775
243662873
87479739
266432387
15864005
684981514
128448883
780427629
168786035
76219174
392630429
963880410
621989197
180971338
407293568
214986155
822454898
757733739
337451956
583050127
986969061
187901772
191186689
653702482
179866876
64586805
332767218
293978909
808988185
71758542
357294413
326695312
769110488
936961584
765618213
970740300
31998226
311695139
133065335
66810326
732811514
698037756
192810542
550450994
57985300
795252339
483454787
330411294
463291861
297721905
450056729
99974456
663712777
411522676
472197583
988845666
37469265
27230828
844372344
752835514
560214445
277104105
464672290
156906362
874384044
714589605
552562095
804800631
565649149
545453020
593515561
646366054
441460383
62142012
447368073
670299608
474092504
550265880
427347178
959989045
641430653
261801018
787010702
766585210
673124820
66439023
247692318
680342522
43108315
862183544
323495493
657877235
32473574
278012135
535908066
873320750
150759481
338450325
367975503
11933323
462514494
829203984
658266230
619950354
584977217
976868739
336348339
246920990
704080801
13420597
366477120
734895159
898211113
347444008
382633959
151299972
750315870
464351213
602067904
73866480
833452290
65683398
783171713
781117101
166774133
803298431
67316298
124333634
503168063
478406583
383749973
118662950
958624780
767335373
206277152
765945720
698916941
662017117
505890674
475044667
331794356
464613177
604332606
104343433
339145514
590882900
586833907
160231642
853514365
411120676
561075057
869788144
504617691
755397979
146237993
771789235
421067373
525156431
108396691
776666953
742104302
691768242
148618990
106268269
431741369
263790592
934533073
964509278
516539630
248488409
575263680
141680426
160877013
33718414
586289846
964683894
343870643
655407387
512921271
713430229
486338140
174055935
23710292
635323049
141995021
856335781
429026859
845010389
686259790
317694686
845117357
266277182
700626188
867805783
306755066
983208596
693814140
776032067
425219498
852394393
968423373
981744414
101330832
72141186
986397710
489814510
939173361
456386605
984838818
284635590
771535880
189157319
880671465
96754423
289699760
898896796
972789398
175211821
49142908
268508276
276130971
668150178
586276840
534074595
711875858
766379372
172533201
821845940
964679366
563461094
124338460
856947368
60118331
461299711
299581586
871503234
341823006
534154746
432076995
640265267
69321484
814653127
80979763
15229684
861861838
136411142
275178013
901834285
45341150
165516042
680889772
199258952
836516559
488581239
558525209
494443504
705051114
128654222
24322060
231805637
696727429
418726949
195319798
912048643
498757169
577851894
895206254
712218445
155199748
275255555
791374945
4483497
767586617
842280119
216427199
52647280
395354733
162611295
936792240
291803412
266796363
11137395
369648780
466296816
91374925
235671584
186148784
473626967
565404978
428166190
702920613
782334883
730879571
200905877
700404570
807649184
412586531
837737095
893555346
124753235
479769950
466852466
202576597
73902921
573503975
392495056
234185508
906995994
773876050
131115018
270322993
954517836
900062474
634589131
629145234
691804592
223802179
871520245
968806376
481661887
995377327
588015413
305949120
30150101
576492453
393312099
547008424
555588663
7021197
172780367
350408386
810669417
961675474
198772174
334133550
754605096
853386369
947975505
157819735
935180880
668916320
572044962
325518558
533140907
760936525
270887935
957033400
83252901
598896354
360852082
675545800
352099435
459222027
6364760
139345943
386239137
493183214
917232919
630721432
486850792
445007946
220775902
181953425
232432346
233400920
914198760
538024290
796282679
484696509
427509555
111380784
581305175
201227972
436750762
767532540
209504013
814340428
349110070
945906406
773277142
547008768
229486529
945792016
912975479
116512702
752719208
72529093
699049648
119519192
697416653
530722014
144221679
805700260
30805386
114390012
844632560
84597387
571055089
885760625
191823988
836469552
528039168
447054665
550659994
972463723
888571242
598262324
544172701
182821222
738562099
289050479
214579477
402054066
106376854
582101336
38593806
84484108
438800857
249043058
486873065
817459832
341666468
472723841
720504818
519218788
380461932
929719517
179303460
612512741
337878218
615961715
471864588
258356901
59981319
785010150
801102986
686266545
88743473
453570718
865521750
551069303
977383098
450608295
658104903
251689014
540413279
14066045
30513768
799384193
500340058
112750142
372244158
254674959
854387512
714924340
492668936
821791815
797983973
443967229
741521654
571414452
829102472
102721060
900982475
608308840
768911592
763537535
276142474
6339961
749236008
523829465
218464001
514587783
594377533
247024349
109282552
611402122
185441501
439265650
148147486
427000564
54625101
88143915
235298084
187944023
142400356
23977613
651218031
625793757
235322618
29102522
216416127
251390581
436893333
964890270
161215944
191197572
769663114
993447321
317681942
116138049
719020861
200361335
415783228
964834490
836861588
912141625
748274383
884781624
14657102
156276303
513291231
395446636
813351679
657141736
998959777
546148187
439911880
773904310
965069271
146383346
894150320
891103688
452265895
544142649
214483306
439888391
333957813
529884436
986383129
430243790
84867415
638121550
529171910
962746593
155854387
734433419
695611307
944412075
890190949
361416113
321228736
326810168
79481371
717292309
599092767
276140990
288452737
998404939
698319090
334217096
274702788
325130010
187829248
172335735
335674455
757847511
407716172
486327282
814717160
836531971
724050578
319831720
651728364
4443324
304047682
785484727
426140070
544226961
71362596
204978847
377065099
381748244
16923292
828943732
304786125
614821146
45397833
34129609
897734449
387834411
620629837
67563012
816220148
258327847
601180351
509763841
982736175
751132666
911795221
273322946
203584692
414600600
414262948
800645404
240889878
76445879
208411905
2454214
996561395
59130203
311839955
14346016
665322192
264945214
649380235
977339500
717448524
945956961
156598682
58897903
446989647
73288826
853964331
553044852
618599904
692122143
375790101
572726791
537059372
653530410
879010395
424364827
553976231
325560506
600054200
18788327
446736176
504480145
844365626
578357112
784827556
446659015
485808237
162551016
790562504
73242087
227856438
600289580
233720130
70734428
34097060
942320321
699967885
530282482
827675707
418629342
234109084
186577432
416988599
954049846
381080146
440292362
154717122
991767102
716832775
595440177
422501905
534848189
147756657
625804768
873508865
155580524
507702718
39753587
563963974
740488521
883465829
879745669
249135322
150438103
510139100
789911794
450236135
162207571
592845512
755798696
169167629
980574821
292212045
486249333
999447178
417040264
547186919
246349576
536109270
514890177
738533741
296007572
222807069
585957396
281379045
79228578
404702035
905538353
578417167
925457891
212438404
977024224
182736965
797709674
606239713
636259425
709117176
481645844
154491278
720063900
177472766
893046755
305791517
646023501
147342198
972300388
198699391
63379224
118283284
648122079
469495016
989814202
935813896
494514143
611251850
602539976
424393687
858568194
407740194
696061064
630102219
396936337
861050467
129458717
286277263
132830783
502623698
688909091
143041836
400852029
448398337
375201077
919014492
453895534
898348957
580521723
561818139
455490046
326135146
332339068
569486636
824235170
581224507
783148170
182015270
323445753
894250078
291798115
7645387
911698540
565926519
906451062
673775075
360242680
919638804
964633083
796113545
623212588
513539880
720047471
375097183
457555552
660229065
333817707
58511958
179002710
722735484
429732143
633252081
873719896
945668801
825691730
839294253
2617140
446442809
909218474
698465929
80867293
910048387
749295867
296180472
942341961
56227672
108218432
145250670
253551696
792178197
543513167
653384879
679200902
176652843
773818231
53830334
726723392
195823761
857640578
862938464
584818338
912761417
727241127
571812284
973421308
438388025
279496482
760978047
62031578
15396080
416045219
447011367
372001277
850708544
526734787
949551041
263537433
509050949
452589303
88386385
832593867
102881395
666946751
435428182
676439149
524836779
316178607
732394662
817203392
921513685
612925123
104246181
257958300
896699015
621581627
939149744
508936001
231064918
895644814
578968177
781758312
112651722
347644122
100594296
414463645
490330382
257551355
360748390
946248291
431293563
557542825
620042895
86220597
642702928
331776745
690808008
506778590
945863721
474756527
258018321
203247363
713301607
454138668
692629825
895148415
440592489
451450574
214761618
528106181
111591504
871608813
320102720
485612043
748069709
899517264
34290138
603231864
800277797
352523722
228061631
603290811
495572682
95248225
135841804
574586182
26439614
692934840
251373476
47781971
681342562
16390684
411949592
908065666
553970682
677090646
261158571
318453525
598930360
934780893
125973095
431133670
724718542
111647897
824502668
928205506
509154810
836703883
156595093
532180043
375610945
855004848
855804104
417915940
840627197
417293112
337636709
738339658
894225596
307481256
672724889
301617239
740877556
567782341
682807931
452702881
70799041
829740439
777605910
924485420
690996337
558042213
627608568
673422525
827899249
360423205
273904941
835223252
532048205
598209219
367094756
561564337
644770337
585584855
192848767
936123443
577983074
998865058
378087779
91558285
678116445
946891573
765743699
810528392
575702977
293779543
426568736
159069058
51364388
752155689
300717191
711280239
180865564
494591244
495089917
817346547
374850093
355767190
99385186
533565074
341996312
402830627
499239577
68519416
188342678
760326688
962907280
338855135
250091458
27027833
424272970
105745602
914027194
778061126
857802733
348950752
654799599
674092490
101108045
93594673
98106125
996220470
165422982
733800485
461107913
827908209
995072053
677009622
310958301
787388840
641110356
339221731
873259231
95346860
776475550
501487152
835424295
152899157
803275955
780617913
255146342
150934225
180820518
871188668
385642699
308598767
581194861
393799968
388341369
498394057
835313346
148699177
779747785
425765827
893090328
79361592
803298394
789961816
507370068
942858200
420547611
201364501
702767053
726114495
776559777
383080562
255383303
354401591
617238158
867419002
442253281
829316282
749985998
217954767
687257523
357102619
244792819
199813044
665336302
407233738
84674129
878334274
711441717
343285221
166657048
904808057
181131232
688627227
663452087
156459853
558225957
877700223
351942033
274811451
944861589
451562546
660813764
827693916
765094971
911840126
208120889
448236469
922390515
104613878
400590620
99146564
347667614
417632456
890019407
337430610
367176683
120539988
946750459
646054093
67242612
671097758
301352399
878360001
117366628
535381277
275704091
779034997
439226259
49019720
237940183
599162178
760439453
402610065
860921350
853822842
328752994
953017635
254762947
981598590
9741121
115831683
578275183
934162092
623961413
376401945
268376778
352986618
281387603
453166117
494656554
167094180
637654217
850633643
930255262
160979362
718577575
964336658
601287116
408140741
906253280
831224369
693571568
978924655
892588101
143680081
446271919
647715014
673193341
644726047
309355336
427532909
629320903
545790163
14388268
22350680
154784534
983262914
529200786
512077303
233205403
978406311
624959378
547751018
582886698
698327669
425754476
133062732
474456780
888210599
145195418
570739306
555839674
350180712
705827020
677121933
187407944
687473304
590389974
918465719
336291758
47175492
490745002
116818634
868450045
189800729
692280188
136817286
578105203
490758354
281959164
419390007
393545099
311373070
944503042
798935929
812310782
102282385
139883056
570557464
242558756
471650344
406432942
505843034
252187061
916349735
937790582
27581984
181794376
792040565
379582332
798309457
698647270
621574795
498154586
577583347
822551043
120900450
75546086
918108400
113067798
77818314
220483023
576799051
305876337
322471355
180750752
807692453
407189357
91333478
195996258
697179331
617610110
797279448
153977614
884303914
195729106
667797342
729237789
96857294
395266192
591686300
793398154
46433569
748291172
491151978
913408976
141532362
441335555
711773367
87791514
82372255
558425281
386349835
898601046
753748031
718351830
643224998
28636452
856184412
571870649
600594469
726144849
765479304
413532485
530592589
536220658
856964235
644765480
644759897
275191974
49997021
197132643
246149155
779484458
712581441
532763485
702174953
92807261
175262366
507627618
651724946
597418790
49486752
877810409
600751447
690269061
901127053
380149822
23513976
670007647
609388938
538562531
960296349
89801456
375103975
372489060
67558318
390615755
75104357
237219387
142208501
533256889
815137315
911462873
486192513
867653183
286741606
32418563
932032706
213025288
922029358
858583942
885653155
496531012
241445151
284499399
668600919
661739954
416341761
261826843
704264245
593456738
180568590
526046659
437861027
234119357
131985876
916288372
430896428
158631374
129221455
740299550
47589578
143795539
654247630
676532268
345068251
137159614
743657826
259016612
277510206
658241184
280383373
583644121
446830878
758761870
587592053
831622832
992641591
472655739
80760323
43307625
430128085
724579965
688051889
773906080
742305610
276291071
736957651
392101032
763929045
127320065
264498964
726096006
37381518
257431652
320532430
693228843
744753751
265284917
600177570
104269168
257503815
662398770
252953037
26965925
124929854
173319574
543003034
641218536
158864083
912509053
583083486
241334220
142024680
10007908
484577791
179884031
516093640
689473004
212105811
65042687
874246776
722202335
662444773
423149457
771661076
440323325
238611564
111991630
958001017
856074251
216006808
505176252
366885618
225015198
934355126
789654137
969261138
630590302
985576309
42693798
594866170
913601358
84436738
541103030
359415194
196685873
934802687
385499699
253618629
949662033
865626865
402757829
361599850
310238701
804231484
624527503
531048350
192893991
274423820
339709461
290592450
735361338
345876382
290147545
744437329
636263725
934165306
305940902
9773365
686339429
730744286
878922831
149429574
832327273
729515534
631968564
696260256
355978010
462652934
292114053
212767742
268750270
445304614
6819720
157584927
178340119
812628233
355132602
682326087
131455362
206185408
544087198
315255733
878914687
98446343
195579223
617297206
538290176
167104337
793219833
203708288
922778579
715634727
659002028
899630096
66599630
571335652
692836607
454686319
485546936
311175585
359106379
838932007
428503958
731297568
452595963
639990135
439251306
931685126
428223124
845169409
501681591
186460103
158182691
44161469
265360823
681226510
531685458
915012105
831557507
110489083
679331104
183718445
939606581
832687971
695210772
217238686
533792318
924738192
780356153
671642493
802154218
21336134
625833928
806563988
409717755
156337902
455255574
161324924
443900307
611955
999812578
236614388
36048397
145359083
48261851
73658993
455920046
331347927
409615674
663031642
264093186
423022794
784422586
912692867
204180752
487669300
962302053
392925161
257098795
970214854
760729980
784766771
797410610
152641072
934923613
133750279
273408180
978510852
157070637
547376918
763395310
258524397
875413497
487920877
889014407
701899299
982493630
237826469
790979422
426539225
724974517
140930333
736753475
132098533
614938251
68405272
210007506
44737776
203427188
454645182
982069231
916476801
805656620
213371119
942463482
297970750
186178479
201354002
848982510
298334367
326637649
23898698
661345854
304529985
52683700
495758853
926900732
720272003
251446565
373062793
77623433
625116176
443482103
166651307
365380624
486912990
732205016
908933241
741234751
985147290
570632536
875892318
450835746
837487844
681026393
805170376
226627253
615989082
617734921
43931053
233758750
78639802
152742924
607852866
284380639
738363910
685988124
441881218
930847800
948835874
332991786
420521529
653430824
973641459
829215956
456571867
115111499
625193471
813725588
147762960
632085627
157019618
227580160
7754698
967733882
379890296
657589802
374050932
763288828
716166679
748672788
910475656
283271966
626520694
801258123
878283288
214438479
740735016
861767192
212220540
345161333
248459695
55299239
396336987
482544490
992654693
125857170
96253458
896086684
325909248
136726711
70225166
779055016
753608435
894413398
10753085
147488249
416481168
463284888
18598520
803319560
603326103
237355063
78735251
317165011
628493043
653316945
843222353
382138939
801313744
33103920
842073850
8539086
716957386
971938306
915789225
303314055
913719197
842588074
698950859
565341429
764114247
769587451
809887003
413082324
385597942
639385780
509917422
37532550
384904878
967523709
75442876
363738690
937581718
588827890
739830815
739224879
274946848
211124720
585209884
29699412
864430564
756830270
898783549
194957910
926828615
425932393
525896030
68221889
333808487
197693216
236064485
815197953
980633390
448441077
109500858
152577821
316947346
964000267
459552430
467864026
905603989
120270607
213008982
676081308
801127288
407477827
505894396
518087055
824851270
20845835
720601803
156596766
321006799
355398398
2893245
950516213
945477637
197066566
507441646
995778894
230136075
725788404
268068483
708918468
415408143
275369454
236617132
120873767
421114816
475156466
554652178
874041240
530866775
332473066
898863980
861614957
537533653
356461484
641819328
251735093
728457026
855818810
314852471
37341888
5899210
117539309
208545807
288664188
589960809
758369318
805831089
550537550
239368319
656435903
57319288
163596983
153572455
982680362
335091524
680078042
905553228
783678205
741828575
880920926
876941213
983865324
877093822
520496916
287668781
314109393
295609358
691848225
904767721
682674440
549812240
327860905
967716569
853949501
19497397
391194790
997971125
837987243
530682883
479285125
541290978
598476964
199824429
616113232
626722429
248672984
672515429
917403744
345325245
64416977
77511271
332938912
840490977
267090213
774331301
132127600
302199817
544581499
848985844
364654780
413585788
456812511
754506521
692177693
80818337
608024310
531613845
382500487
181708284
818551187
125819537
521350820
233899575
598573948
854183038
723916030
278656764
490364821
833812600
496185199
970352410
69421246
329341938
334475877
87499896
19656350
362816370
821471789
696323550
940727444
891829916
319187581
355632419
676635426
444338185
874519554
258071708
825868418
118623543
146188233
262690071
880125710
395293024
940498350
888338068
52782583
303489176
244589090
645713419
268197450
241044566
683605268
103758649
545369769
96384859
12946362
309819357
128444482
912278126
696657293
589616121
45737382
563210384
135182332
89227424
372650098
349811539
120646115
440309712
510466912
387067071
811953517
66939312
231148518
318387718
20354779
227813145
194420968
65238652
91923811
404161770
229218456
645483614
692398429
729344289
56020802
150290644
470344258
121655325
69158351
36523303
576993306
27322617
643035910
8085964
138944026
793014887
261720892
267205326
994461938
418304757
747644317
475235419
651093428
312913449
654054949
984782646
572968063
797775761
825370690
462989937
42516974
253378294
279808223
745072075
947707667
653024099
854743630
235684685
834890333
440661645
213861988
723809793
661184531
46325689
955116070
879175407
880001221
569609417
430212963
68498496
936807934
530566101
868719409
530811977
229584757
310752125
709212342
321173318
808276973
651167104
153372742
437367189
553040627
525886022
500541690
529227903
996569437
269711157
414474534
46927991
688034899
320449249
484065928
332179092
148137709
339784988
694107486
376368608
891174505
292355704
987286197
556363548
314187150
984272659
227047459
8832318
33959155
53722028
518750230
393219116
932060890
249062521
663103836
616141379
15760906
440633474
787176067
373223867
13387202
963765796
114423118
165312644
94201383
473523895
830901951
429866104
872033102
986554348
358460060
861257236
968061863
191887964
969871334
293381835
35462446
509645082
374158785
429655996
950050244
438674854
868104440
553167194
121275873
129341646
991351153
550378269
353421765
219258739
963131704
538620423
484866664
210143267
831539163
905178746
762769592
760227398
509230186
588579154
345877509
19800923
896495105
417806574
42795884
848691926
894571481
142759463
465155063
64566243
325317935
802958785
13646589
337327824
701801986
554088789
829593555
884636508
333389146
847123454
109524323
94206633
22913138
482162856
325352305
686447843
130725025
362574623
692246804
789859120
61500576
310492299
234693109
853694962
975904356
457714997
464294944
497166851
502126454
430758348
520857601
881397404
102967105
387431200
870549028
478096376
356624034
212568781
678227525
984798446
457378466
27421954
625311434
659099944
840944728
383136853
208393293
422005033
990617839
2416597
523564084
243803850
585117276
380791304
557802377
584309707
695468965
286979971
12428011
754246015
636676073
138538127
6505036
743389691
526960203
817362634
640353450
106486739
71292522
97310772
147677126
84393598
227489743
998356750
757437751
31900434
515484892
568675965
709468625
689031896
91935727
782528860
678476963
478296397
708192253
199725491
971337903
843407054
187023871
86232507
199309894
152450312
103645269
435004754
653091298
129496913
93045602
263345464
833019221
305019323
174283153
783816285
282884498
960227385
447716264
458280832
847872933
268690471
925399102
579798539
229504399
363723486
409900801
180519649
614282179
653504008
321983400
952910298
110677323
820934064
985753564
819886633
536903742
725729101
754475540
265794635
136915763
998055512
208435775
463861380
605974635
310677395
302084731
898747676
261299981
763712891
21317619
950644755
415393897
682575413
875430986
918318294
9251471
407686474
553059496
503093084
715920545
926984925
242796428
467809475
427968369
227233155
794773401
416875280
24764064
548041372
902945871
416266272
7138068
7526675
505388823
978721894
980184928
701620564
77784590
888505905
124150716
96679061
398677922
495956632
22209284
966424763
25092994
523084570
107163144
875729431
798380701
502854912
208794165
668781888
641423502
937046488
301799169
467699765
895730033
820773695
571390532
195723917
832404797
495684141
635361444
858809668
243327171
696542614
717676072
966076806
543983902
275457470
748938023
485098986
338922774
763761604
744771971
804418017
419381823
119789149
127669900
672821120
712989467
34757644
492722072
239299717
910401376
568980007
619487054
471536981
499812123
547150007
311157400
288145706
138162671
115782921
663343226
437787730
76823374
95231118
608192067
14324952
518914374
485336689
594177459
948916157
848640540
638464723
181949875
262140747
407143837
143149250
567830449
461671546
691087506
146552912
562338341
28190764
973944025
850454786
611393666
724349156
898794221
673225520
349266667
67053405
45992462
203748133
781771808
533616579
896467930
687108419
592930340
918110351
78493653
282087285
759836037
967487253
410313894
403155226
636690360
509724647
842009088
673764373
234108984
262865259
889320239
185052349
745799513
561871563
395799162
281647540
933622872
109478858
127989377
697930857
466701217
283967867
975624478
439649964
883083357
360092558
230276298
145963913
899798572
291972212
176426815
505740691
740582544
159383285
207318054
833807009
159999948
746935213
423133471
837471985
216371769
16914100
992742081
535073345
978830484
172943780
241793051
95731852
685467910
765601939
557118764
367549772
484975172
582137764
466022961
256919737
984706654
719665364
872422404
139402316
673016100
518734981
187741682
91293917
160026922
772051439
1588520
91373064
280145306
815540327
602632281
860428710
195551010
529599838
583222496
840826022
252673282
943412747
573429385
54072461
648550732
13917237
449283221
100170358
713511946
831599815
562629769
80336884
579665693
319773601
605463183
528471788
677601320
674763261
229798368
122739424
104609959
188774805
852039140
172117106
859996945
49129083
431416345
481589912
694493009
531224227
862056302
92460435
32058917
268567227
846799889
210000370
133765335
124022275
51346116
684446826
940005198
850757277
274466335
94396973
2614011
688450811
279030338
46858170
818891904
620794150
687165219
743609914
669987042
391968709
25798575
377437526
502401040
35910439
882968602
581739383
473357721
351004261
444984848
395141490
764986995
794456322
614482730
294899868
142123956
538525979
310592550
519565955
112827671
51144895
941955612
482456101
85970635
456471972
813905485
115962231
998998760
406099797
735762444
304977902
78733630
967911440
797980111
771367275
963687213
487079183
590527120
512716390
330438681
116312282
846896706
666154067
577835436
111000975
219447604
905221252
918544631
835675226
635700057
745298026
196107850
425706233
730343549
491606667
78645758
595127403
645142246
360397260
357939720
660348570
670372596
737432140
367589067
225972547
432747081
881790231
929122522
816833124
362239009
786685963
194847285
549549078
29269060
977042041
790067250
910897788
283994886
153981280
482258152
505688371
240498291
737930035
359043794
373801410
853213451
568633520
925012423
234323145
970690311
64562103
482755455
166131331
427688315
775907007
411523156
248581647
234319521
55856445
810728854
517069641
447974739
178642828
328035692
83465586
276184432
993294259
579463345
718783094
294935728
999936184
233657141
608942716
814198533
672816685
437284167
527926699
515228810
24789177
901080854
470165623
725714395
456656357
53853693
924793492
745634865
676930386
80734338
669218640
856975440
43230685
219621391
688710325
942974741
828915165
526111902
540465060
261812449
410637514
35256905
491093867
970466297
508640433
45259289
712440112
901992007
751201112
304969235
44660590
469874881
481288860
67764501
343739794
566796571
95578156
825850938
560461404
112451672
774126108
263553980
988046282
732064031
171293466
119849106
554796383
466572517
595492794
54428554
31144558
744336553
566158672
732491610
605468337
718922968
344650947
202483083
527586468
713463748
956151663
634692760
389197226
142217903
178007591
531564203
276047906
746209631
245223149
319954239
764975390
863308835
206582137
636510283
479563651
965844797
312460831
664228795
988540796
288682663
827617375
596971913
749894717
601720969
735971674
884118570
792732474
651529401
331390344
373388900
556236080
952381262
313757107
475983123
872925084
171671561
335884568
528200051
556929097
344066133
948378682
612781580
40656469
716434903
66569412
137791487
318705391
371622287
740431242
345834686
535177540
949559924
340768503
968449369
399791320
59282120
346416669
322294027
666355216
330676516
960252431
550994594
295293416
320809369
102413990
159052522
779984308
432062653
252879313
828473429
485781818
785155570
473900345
964496222
477647713
472388711
72368408
378569536
963731420
780435234
343615593
878888145
925232358
894019118
145225998
255679694
741197166
145088057
735683078
173936829
760322444
194498412
135227552
492726720
998734785
793310909
146227630
233288996
59910779
100912937
542528841
77244491
616809479
856749071
975179468
714108831
187145165
830643063
124520368
515672015
453149434
567421715
22258031
226969542
938929205
694101731
780467178
14154694
986648597
312465715
582536033
555717495
813639785
868965368
440354283
785777019
466239586
223030075
685094355
754831244
97169000
110616203
572577904
160347847
110588640
412487173
27918277
801136804
135140964
437502494
591076430
182018435
444925580
227591762
238506121
389344002
140604697
936905026
316332094
526808857
392649011
407964088
649900517
171144916
632541593
12515818
682627839
237223819
510011757
769878305
818772808
379598223
992302222
679013548
338863610
702410618
265957850
660290412
489969234
48715539
520968342
144910222
68097582
73313072
560233470
21957315
15063500
209362900
984801912
615199405
838698858
32550121
690862200
168207125
619396145
861872643
134990923
813532053
304994175
441495894
214996162
661032868
779467347
155928452
709248168
575256056
104507215
13331055
56466201
1818039
146452334
716190311
588266974
111872127
178778268
715792589
565856435
770941944
683819331
427328277
864055559
910959764
329053801
539248530
514213843
228885158
823261270
611450851
867219290
803517643
166821738
637372883
262665936
258852150
413180691
244406690
925514356
882012270
983477903
674864901
357756907
290060611
197995866
869488092
29907483
812781493
30370789
772236092
603091869
409794067
11248148
511746233
868231130
66877617
903709567
305061607
736074223
846407104
297108655
463967613
134486798
21994176
675747009
378411133
62467938
901583037
572214844
932787188
49100433
971428754
678602482
636455157
719279914
512415909
285726479
955939387
845917087
560581879
574390343
976670207
623392722
810218649
110925523
20055511
875684830
894686803
85564793
936044751
138993461
474398579
278426469
908625908
785566331
194466302
840993823
588720410
163516959
100156385
643169401
322950050
438350937
952750165
584114092
635498867
726833900
64611739
304868194
827648780
686815764
568487066
273005922
578307638
252490917
656668005
152564356
664531904
980432477
222875927
453776106
783825161
917738640
289795943
612837336
937972479
997219267
507047144
160417256
400776127
476098002
539503992
419271304
103954392
234401059
223287207
660888531
50180425
478289492
874300413
328361619
196478169
965948748
128759694
664346904
790474815
56068081
943944158
920070052
483101327
330786945
690953425
483647532
746064713
113836132
675102548
493853562
292616892
327670283
154829508
945837045
633829115
379593018
165347411
757287419
364258161
764192591
271581480
731655879
231368853
775658228
503088086
807802923
189519004
711162365
238441866
991361943
637088168
258544138
586101185
617488969
920525243
863981070
407047313
604914521
633312336
56253933
69879261
341800781
443122491
864316628
614089594
691865307
603774711
720048742
945822459
726801156
471173125
314238126
100633746
928176155
153536281
28468954
554763774
391903385
732963391
241345071
405493302
480225567
143173805
330043289
105807122
717272945
595854573
681975352
796436983
380879434
990501230
410395929
669751488
863135411
833510973
846080545
651268377
855557459
623171631
529674739
997021321
609614255
377079069
359162279
780990595
781018187
203196321
948786036
800765709
197126000
311247615
17974394
598890296
207083245
827082843
652668761
618804465
966320241
648849686
457035522
654797657
118705367
113679396
416471417
20377943
412050814
219321451
515808990
905233914
633708297
676533357
174982767
903157769
467984939
347052426
894755808
718120437
374543251
702685685
547208359
341804897
970079423
55463188
65103743
245561146
435601685
465815678
684962545
532835862
130779351
445658457
666881063
922274717
988319968
521170941
247226035
116068872
146079727
453565762
461924268
547833356
312297531
991064012
483805976
598783203
447338087
284160370
148987388
964329670
965490995
316761870
912779104
539999827
147453265
322583778
139083498
324141539
231096140
730762363
663203820
612444386
897850494
631638753
299914522
875886309
714891732
284439594
721791194
138309417
43741765
766382792
584002161
213076163
173111769
42994402
376972497
989453581
550486274
495659293
191235821
837109354
25703470
176566674
563514630
959657176
407065441
234280687
686007356
648230543
177301442
17633010
141656378
482851501
733204898
500608201
730723795
517288019
192251715
548390500
889359730
248517736
721099916
912550623
877850650
846637514
70459627
1494901
445016782
439199567
883804305
160425726
847792002
329065547
390498404
489862977
936646228
918968828
186131263
628099830
354994129
795360264
6267290
481654026
942826508
20922200
699929160
36119590
591212181
49393414
449027152
568333555
86089719
131831765
599970644
884570023
484733440
445730525
828500994
844801072
257328362
850713463
34755278
988674845
921507497
526970469
926182259
925156085
866652873
199007679
271584000
336368844
919300623
351904155
657257958
975360262
712773036
624890712
687964208
416660229
900390973
976381708
441415076
608261176
109745234
593102125
627236902
919311306
84935304
242552627
736808136
978244673
212343807
202570147
350622765
514607398
476690200
127305143
597494614
666402129
892791844
856260752
242173742
545602718
173305659
822279262
308130571
622769035
119815790
250806628
198745669
238238718
864491396
696446029
300790013
283963575
894470177
183973001
407375924
452092330
383188641
278974436
549149507
460092614
44325280
35612882
770442448
760300581
853889636
573478048
772276020
302625456
142383978
336438172
327338058
379310761
340537090
865359932
525393212
915302808
723575
458348290
950636888
829237367
799077335
447588446
166887668
870363839
965167117
416101622
496635393
791861553
673720186
688219833
838416601
859657278
304435109
98491478
205289061
601497754
547068909
736879211
679384047
289423012
284518882
279142468
451671429
442256776
583034516
867109622
875842684
576544114
367608470
866535301
874324230
595278015
432033141
50876815
103382931
57760725
960264479
64488244
291019176
919175678
903529115
805862905
889707414
164206132
308927053
997616762
827300806
306229749
656289950
80123448
966223102
92888008
160653127
252249199
734938717
29631607
760751973
258688391
179397096
313955517
647295189
84784059
931716551
825608957
736007264
288756664
676166095
278460929
465549466
137109669
590408804
729683692
867864906
483973957
810568298
463455899
676844131
216258847
736461934
6512817
955620774
941755672
397983814
196680969
902341919
195810042
560582715
572717511
334374022
231404334
992220465
796870164
841098603
572503027
918602898
421536316
818789437
672780236
274085248
25651234
824659896
960909091
590439308
293451681
58050699
600016972
991716428
379493476
34949180
134718383
886598296
110637689
577047252
996527283
61034882
1190246
266011610
971943592
256397276
876451958
402675854
976137952
378027984
772730173
352394631
108887814
410011752
684787716
588490141
656383394
803334025
474539674
370888299
310753282
238003358
207616199
818948089
481584223
912095704
213306105
370565043
396227287
169925067
763256604
723401224
291797563
735130817
693422918
914893759
191527318
965029146
144244033
959455179
287845433
476088829
43147110
650700612
94811468
834663986
852090687
803109903
27920525
199471789
729039866
971245704
955371734
895789081
449985433
583916371
827346062
573371039
853222259
56034971
140230658
408210233
287220648
438453687
319581294
275984973
571777679
373333429
336602683
102835219
149476651
634784417
871992308
694630167
265206328
45707360
339825991
106520447
992039226
280440513
820754364
896599579
467110203
394912083
353106021
62384560
694239645
94456139
751751572
811110919
558034977
899071256
508902830
57351993
231142767
502509654
18885949
568992109
337267876
322720261
401319490
752549308
129407007
363569808
161725989
21067668
484154168
343412531
726257426
369625523
79235082
681659820
928171553
440816181
673898781
774362993
948863590
421604742
894756057
13199515
796946680
822968627
46650739
853852772
271496355
910245212
727102190
817442929
164308440
583787780
575544668
727983412
940249701
527792114
244863255
179525239
697474394
665468385
866100105
337419756
410635055
291749646
428292902
919725525
577592441
119991653
976917180
178125228
480885143
428392499
325949785
790278243
4163772
812855637
494086160
428875755
84743107
274522718
987081925
806134807
704281131
424395425
168654863
134909524
859120736
722405839
125655315
489599953
66325015
579996977
360202003
287144803
175847773
663272707
813244058
294595698
454468294
565206127
75513800
746400543
402054304
906722361
276644476
902034560
438995621
931189241
351668750
780413903
382169124
636688148
944163576
646397829
467364841
321113967
840730133
984635610
746766580
444620206
330370686
2810854
790803381
207938387
697461067
191786233
959546692
303809265
327774827
168810390
523292572
348368708
781067919
205532817
204314766
516689089
969845391
792036968
165685796
953650089
47020331
267839103
18545226
637840589
209575761
597061214
330462035
187818877
782725086
357303426
590752533
91020559
267558553
753822861
421483207
436660441
408634659
372107555
380961778
691611119
830833677
208496080
255549907
486436186
842105591
57741897
265506247
918038282
722200070
896184411
560826294
364083229
339824847
355237352
438911411
579758940
47970817
284442068
885299551
430386208
835941411
116628448
70979426
367763802
543810976
135931551
926979074
281945495
722770196
759055555
124121302
108281904
389103374
232018541
727950210
251693059
392589180
864111808
596433694
745633192
409182490
167028882
746014130
885363176
43542128
845023075
673001109
485090714
522904371
926278999
103724675
336694782
43458224
381701900
17460655
781583716
680327689
440668643
242622153
428268001
729292816
591684638
882838268
227999326
45703583
283640894
385490545
503859803
811622462
683343338
788776546
793315343
530628488
599665795
915279767
99708860
733351938
898480166
765105415
566468618
251511497
3339537
869250141
679042286
77489707
533502952
787021781
787715619
296056886
778568305
51253478
571117457
772320689
813619133
33231859
766832568
730941898
234190949
617436938
518264666
426518488
671100488
65407947
899991264
450958870
832444269
974335495
195587128
213801056
513736266
43566393
770768198
768892553
888375740
198776783
911360106
363125232
918315320
345370410
171111505
370621846
400846135
99880186
790110619
973381767
499391184
120562087
36333994
925018048
80284092
843232262
224916891
915124052
855688348
121154265
198190100
730468053
729241526
416779985
815089310
504938139
899580327
534521449
139524325
798046753
217669088
802292886
615115778
199955317
304129685
986287103
357981889
901719957
891835706
769796388
156801251
203711384
118488663
647093546
519571590
940394146
948501660
251236434
848920884
104741067
571911362
330943465
224082987
839485066
485020177
813274267
628040199
379573900
576828368
894257114
922074575
541567799
64102973
603213386
934449506
614817832
298236796
496165768
648660365
716603839
531115183
229744066
216499959
676055433
262661562
115961677
654009000
959362756
264235706
470623863
790220910
71425823
576845503
724589486
743871745
618129599
246681285
101103695
649174195
639259504
957993359
943165325
381651408
994631913
942533256
840368614
908528303
450480736
757583189
89331492
277489385
140518714
834982474
97879942
475724342
355840236
127983995
75196386
50681232
450980193
628451967
916353143
281102481
231225409
850077438
326037424
677686000
948005858
209011397
528089420
510824923
450460933
905939650
438824347
496565451
90466037
613442339
175637652
683728632
908939112
980774312
911028694
437008672
181831788
561365351
116200185
766728843
337853342
741066908
939632813
853058312
779908734
171656532
803409299
113097133
133188636
949632190
644189951
74115016
228480884
733950600
847923312
752810162
604829759
588167293
637402505
757891373
3954023
240798665
122030563
994519012
828246519
362953221
434660482
940914468
939598072
263685926
400842319
699513492
897415068
400752410
424356991
527151794
979229362
175696262
195089821
789753181
452917244
824797823
107724591
837526562
941954336
650163065
231051849
777387772
197853179
674233736
21628592
108082964
993241957
911030979
461300321
195622550
750916430
414763947
984719034
932090719
496912020
38926807
124935640
843688675
753694589
170434995
446864791
453503364
766137555
178989381
833339178
541661915
245062101
576554551
355651374
351728264
458037003
884378567
283918
633627043
452321228
528256500
982051924
330783493
8221272
810344717
803608979
460358997
21737278
957572153
16125297
983442228
289228173
484898364
661244949
587062366
630584085
132436122
419930575
332018358
335841940
22785294
46045996
923324530
574805198
562910991
383347443
338819336
59495376
353433487
512609278
245724544
156483068
330249591
208287830
76188844
389202752
568095599
994648587
350131475
655116312
354797362
773796877
503983975
681486945
26124844
29902502
227047596
597755286
932280860
953471191
118862118
2391934
593126258
479998899
792791400
535508365
690650991
209668431
104876079
552835683
404602424
407361138
933103384
128830096
21880197
860228442
393631590
158755066
321278927
837827415
539154581
963139037
125331587
531832484
251908791
160526397
125541911
845823752
421208285
806017598
155997138
940542564
486563372
696869646
296372687
658299186
402174757
624351524
805371089
297524442
9148081
125565731
432888534
217752032
604309968
230320000
125242967
644268470
504896989
734843512
196711247
851096727
30828708
597992684
440069609
222283155
871505385
340776755
774150547
949595426
140441101
236933131
922869494
903283416
824963184
74766117
718980006
116729642
808903658
294022407
402289252
556638638
985397811
547033884
550727390
942536844
445525737
259330435
363562866
694724718
754158422
112308582
185914219
629060117
179888773
70450028
252170127
290497499
194060995
704220410
719211468
932092036
208532017
875925061
653519266
930996011
527732926
97316961
266655961
968646170
223272571
703602618
46118924
563856648
449238399
129519424
986629797
925430626
88194493
169917211
109834198
9133207
816085460
411926699
72657297
447858264
518147668
187193243
84604023
769793389
57618455
681697339
144862177
273800274
729921869
170800212
425601717
907348099
925431950
318459211
596029177
385410909
686351091
48011769
339893170
277196824
792451458
407555630
22779325
324353013
503555818
891712412
416774396
140110699
259987831
216784239
293149160
845743128
104311829
997336950
721843492
458992809
269004217
392058701
66034183
141620079
394788649
391227599
782452609
103769121
63778149
646969709
471119967
875672439
60856737
887446105
190741658
960270683
28631400
765525337
729390865
802640823
650836444
57909519
445385047
449749430
34307257
637711575
714085949
560451858
244490710
645617908
732027702
636294371
815721003
240536611
760170688
411770940
786247307
772340922
837780085
748957799
863225088
218392022
686910826
682547816
471580537
355151753
272369955
302053216
968296757
52397645
973004938
150294656
360456079
145142663
288188511
657263940
310492832
121460611
854459159
763337285
811499899
983121180
852451187
88668564
906414078
493561332
370559612
924542414
604538850
148920422
169575147
88675463
386049785
822090110
996225184
328085804
80044556
515869078
261979959
876431144
430600223
764356516
586810855
72555036
234322243
679864346
641778610
972385556
439638946
721256759
197210955
540805227
917963569
621633850
572986163
260221617
634566639
279232383
524326081
884759235
433384984
647999969
214056226
151783332
542119776
39152799
361793631
148845277
898389446
758309858
917079095
914751520
449910884
30887523
678551638
25402358
100895321
644297153
553185844
435956809
921650891
315457954
572143309
418157573
320120757
902848686
703812302
851245073
751092314
516245711
176805799
969053202
758272694
820894248
615263113
246932239
60647737
44502122
919578240
483045390
458066770
322487575
695393997
866060810
898220096
696008962
92196468
569811539
208322795
498162074
535729959
145006484
100481051
911026523
210716065
876642102
426934496
213206846
51005115
919645934
744153704
949101337
33217788
789952028
792225459
745527467
401625928
447959228
711996388
950649613
539579183
142693098
922058707
673598726
322014589
554397020
844893519
380262674
135127883
442941836
773302548
617850998
471778750
308097930
340279709
476892734
586684590
347578985
76836025
540017286
148732035
621243816
902431195
135467159
660683841
941930242
220546820
141099991
199412889
729568679
6006774
460367993
865568119
502565782
499994885
261235217
796485777
776234121
367854547
900791520
38257656
92942703
112595668
382047820
125643737
305093248
801632722
130193228
415005118
471529190
464017230
968242978
987016550
33308241
929241544
300084923
616568958
892504623
302839611
400389193
374158080
923867978
343493486
447755638
401321114
660947587
630150892
70999667
246052485
760386757
968797825
814331343
456643416
437470931
662336609
211715859
81027676
953059672
138684077
529154882
578434058
390213655
199466315
827221616
393010113
270144614
73707810
728492421
831569152
383692472
826810535
839110432
586527714
339490904
54112933
457197868
841973720
391374423
465711073
812031210
464228294
674386075
930559655
541383648
600981938
681454706
531290352
342810947
526041784
601268005
541614014
180036347
761008235
171570897
994023816
114491993
52818291
176232429
543120826
733159810
682891315
162442010
223474360
604276926
446062849
727285853
757011593
996386689
741487342
316864603
305319591
670025876
621011370
303161599
210923965
434095243
976354126
73860710
345479950
633692501
585923754
463091323
512981689
38063036
603589361
715341287
215044083
978854440
223553180
975648736
873011973
795437249
708145625
103401610
274932387
584500030
598251838
888178056
779365592
4103721
703442006
709058310
337539953
838543721
573615886
381131613
853479048
560986638
4499495
36786792
217015036
710437241
317387082
45777192
683849310
596309102
711312828
810257790
795657367
999702934
990506141
840224061
459794918
26700178
731332816
679910178
219645513
213641415
559409924
656135226
297207304
326196666
178961018
208252656
522144882
30449494
725494337
95762098
633896499
789169752
203971953
276048120
884625550
639564348
179477291
816621461
597794677
976768264
772332498
136473483
668275506
632351800
48997685
112768558
436916739
817957728
753547820
643476299
323893636
486849825
813536438
846107981
813180075
321473835
583259589
448683617
975612999
445493632
145883515
949900790
262629794
258460096
805790568
871971360
28084241
234735580
426997191
818664396
324141705
863482904
249394776
990214983
242958652
289463696
377817545
158647158
393496348
819543653
840601220
332790819
497651917
225723071
52190275
488558821
399135495
112271796
222555254
437866696
671608022
501571962
334745395
836142474
684638110
661656446
363876434
239228731
512163662
616141404
587772760
361372256
633539969
458929671
984277780
878592582
646253055
426898846
519083866
825805894
553882308
719914053
656573989
898666953
604454555
716603053
366773699
856456996
543823983
420769793
193786538
410447730
113619180
762182446
41606872
890858005
871393134
386240365
201886101
279246327
214424442
704337333
496985297
26855730
260652299
283975122
676181701
513781910
567344096
428282091
348924367
59530427
496908792
208726325
504195096
686260486
352921590
413017720
238802348
869480089
276369311
557852292
977175218
395671676
426207396
320113562
620004032
661487235
16345297
584754214
377037741
801138681
486263185
485024400
791439150
543363977
85295336
652608315
770345513
498838425
555798437
727395933
50330289
69257057
214316526
297165150
565933080
304567225
259098143
801908259
295781420
791923144
317169015
164552834
318430838
50923448
243400810
842862276
542848689
913947496
869975791
622650554
766765202
368299200
463136600
338791262
792840385
34455984
775216944
192739323
406631610
830692774
887269502
466662450
623490286
932814499
919109240
43448356
857895903
856295314
618728524
697251139
415517157
641633592
666225033
697311801
311242261
756422703
805675743
686060846
316750439
675345191
311521998
853828119
794537950
312370132
110384890
773797789
926389824
306859680
670278038
893026258
633148831
842325190
356146943
972088927
145781045
157789212
844643873
126237089
299859473
2652924
287186858
311843227
150486639
929948665
382378355
641030723
48615400
403464869
303510851
176057575
142618308
663013381
221921449
861341430
168262547
240975963
763737826
987359424
868018795
314197819
213485093
352835522
679313643
216292975
884573213
72363002
836210271
141911417
328661730
664218185
90177764
113928943
110346025
855100701
145829693
317230540
656444306
607451024
69611763
68007196
170764392
283371362
160941104
109368621
251812629
105781194
775207589
584137722
791415479
831964681
90746998
489656438
34775808
785733933
677522735
438592337
950725704
535209536
540083074
641756054
765290758
699175091
828459665
325141762
662543025
285436109
355977968
523155993
832789700
937022188
779114157
21011475
669629559
619723395
770578842
371418570
164017970
599997668
65637232
52329302
521607758
577612572
307409
26851754
157025806
59117549
628742586
304412269
247752890
193765994
539807959
268442823
851323537
101798884
260294322
875611196
609102834
478428155
348577435
110780246
532198195
205269617
394111537
253392288
778606572
23721924
812149811
175649196
362363449
523362481
251001588
619580274
586954405
357825109
936287008
313092460
105891201
825488202
35339156
925395021
852432791
155372372
651970006
439632088
740820738
121542439
756645427
442927815
45620509
106934857
162482483
832722265
445050748
691186056
457981972
175873383
349045831
375074237
50332494
5706127
132228929
877907960
472664624
453580739
581336465
682199348
786240998
391714234
186003036
17934303
730893442
261498770
154682578
64858457
703856659
852133535
180554157
366876639
87233915
142951111
519611630
627453756
978694245
141773913
139604472
948243930
751042228
824837560
109972437
443190132
30824499
782056293
249726854
423524027
260513597
282090723
707126679
411630976
593174792
197701543
896641959
566195935
378083122
681617926
170612456
462181329
76553991
192234944
520826767
16413047
838947565
411665574
4191471
785186669
356426026
967938315
526160629
72237807
225698085
418704059
181796329
790371850
520384949
61007648
546242550
368589577
842115133
475627483
884283405
411656854
74793000
973812168
597000625
166931962
5737457
549591606
427590154
557411860
587727562
274140021
503179629
327647661
416040049
594773090
639042693
668670754
137154891
527379148
144244369
728859137
507995867
215174092
461568974
926991213
916800776
629310662
50921043
443398992
701966419
953469114
173103492
735165528
945259714
632390155
247237923
309517839
387654571
162778939
2348210
115239219
366935397
442013399
762647849
466587785
448056701
542381647
993500550
925908364
547324063
381896979
585254432
289337602
279467287
214366684
897739765
94076394
614031903
206543865
517214713
537014949
137090915
522556398
138240683
347076364
219353111
63769464
16052612
865393655
983356010
983195317
52947038
761193341
930920877
978261430
276148178
652607368
930664747
202443278
225043096
561042281
818965436
922384922
397966587
186921488
21914777
268728320
993573300
697370562
806822091
658481846
324014333
983775949
114882269
830842329
668874835
376523437
827678589
133060137
272029906
166885582
716508603
814212295
915196457
324004831
523285565
92602016
832495487
831676637
466503190
739982224
303081642
106817997
612459843
329101550
747311906
563689167
285366060
112114902
166653584
920345690
909379242
87004494
344199121
437596454
648210595
34661166
631263952
747789025
543052465
641322135
145004961
173444489
396422793
209956174
425635926
484993040
380519293
938126996
388113831
94333916
863179504
59874379
762836174
868819748
724571783
67456486
452026344
745192196
242101437
812050212
104269108
293306524
966607855
232368880
417826618
773594933
575629212
970466809
746372517
482614539
156940781
595713611
269957470
356957924
715738154
179330729
912172602
395369656
532299674
375384827
199618129
30277277
237415690
40848661
852003442
497143531
855741404
461536513
790842120
129525638
910048447
192546562
703923856
198187311
691371063
528170841
664602597
232185710
627094765
821486819
223059324
382305740
185693625
152379597
749510214
902966866
852291455
724159131
152999344
926956065
110797736
283976075
298682885
469134434
455197907
708013173
118130235
313783650
998678803
634687431
517764266
324151823
375744464
814312105
730604917
885249388
430348945
317794886
593844343
234875611
333453110
494381135
664000131
568989474
153547861
90294346
66912327
176238671
543437177
515292643
260617381
96272532
647774421
972483211
732143416
415229860
149164907
52570991
784969010
543392107
485629663
595312997
540933204
882897857
779543396
724284371
813997289
870603403
128598509
361323687
217369251
959370829
813819964
220564999
273804054
550816389
604270528
719715039
211715523
844654709
952329307
521123610
583705252
195062785
420257634
888103629
61108964
532936729
75162110
515923190
831002753
840661769
430308978
956568745
42831924
534733003
631718556
562215216
657764721
798258258
67475373
480453906
342222662
95077538
537639057
296903548
168906482
710164067
812280065
700348754
328082330
378400955
887748439
682028837
960612783
435148352
709590198
488890930
690628346
773469807
836716643
873346310
858529735
537408649
389629370
61014230
890837827
650806354
769980619
12804352
844930060
938981862
27154826
669898367
711148290
754004983
835270318
30759405
460702881
180817488
230968470
768857760
956913427
531807735
516314390
685686228
871392271
400356871
313884262
799984957
21672962
346670870
537705738
261867934
807191407
592115076
976662154
694240744
814815333
689958887
686563420
230873854
500731753
111164838
155762618
141042753
664756744
797000498
27145679
698582485
214521908
852631518
404075608
417598946
703244164
863425784
118374912
203855707
916382739
835209223
516065691
434902831
404345630
866478187
46709084
679135801
291796565
749236572
404448983
863227013
22076961
768400489
916863610
509620389
434898093
747827038
861922364
284131511
729655301
282831966
36043821
287747774
997392354
687335259
898389849
407758425
20224632
201112363
153006441
666805285
300864062
666559186
787371988
857733008
467715200
314212489
994034971
961406099
554053049
506435162
170936415
30768701
469623081
406977208
74264814
33244415
866294282
484792642
648795654
369852708
676964043
555238857
85889007
83861127
475900637
268832682
838602219
620264276
941916988
456382950
162281021
353385438
546076706
9714582
190173884
603047927
962443095
55555011
912653418
844175539
52095708
641022168
232302897
151461780
510080792
724406026
166374144
167630452
911772783
546465049
422654029
853000624
901941788
99235548
296327686
615859783
650991635
718192150
494494580
660844894
741473833
243847047
55093992
975954749
604730501
12697901
202681213
256269881
632813698
823917349
942120093
458930932
462470087
922176085
493236793
94950789
457171790
180021847
338889415
149907564
630597561
570126001
539458912
553987773
166285497
435154396
565366840
877131476
68199485
558576616
37678802
495373516
903138992
386633793
220947622
341519537
908540203
820929979
503657442
449066298
133072233
963496483
853501571
837544189
774916391
753304395
130371369
335754302
649672065
42812160
334179286
937826404
146778124
198301202
68517392
948826889
321160943
346587683
891722299
133597335
734523996
505508610
44395104
275568808
628080236
346835101
617121017
16658262
95110161
235381510
133286599
442699892
378594757
984412952
383842470
391607151
577710433
630862795
994881540
809772977
351630638
233035458
286865
118990304
540631663
866708930
594434951
596360010
11271088
224617549
280298883
82154065
298777702
894613686
496057680
854271820
686423726
973826741
906472479
809159306
787251876
788655190
488319228
457067014
170160164
691040586
276783025
680666271
249700952
140878865
426259335
928950733
660054160
945650692
273874945
658323686
716207871
955990316
295872778
531085066
459940695
457211878
322594018
443603176
274238351
774977022
968127256
421665148
501499008
816035270
537273144
562457396
168437362
472859769
563381343
49974233
36474591
883234303
593218780
482959788
528739924
294724920
24823276
992586507
422070715
961617963
566705695
451619346
508940287
937222106
208128288
247699813
134782998
128395531
490397969
35251099
648014256
83644415
275983758
99614916
167407591
482276673
266008424
622901476
688928667
149218059
325909950
119332864
590713731
451825568
391316894
819834876
358661828
82913503
742876901
153634415
305352482
350230549
230219277
763080155
686378811
508047684
525612226
270749636
376978395
362968791
672734619
105665326
108015830
606263276
828414533
266430232
818664983
217497395
565154660
35046161
429877399
372297553
133025972
423429131
243967253
111582725
671671459
493155
263717033
339397574
64499836
55850826
716314597
400804515
577092937
841568015
145993905
462726560
801973070
474665359
972386081
716501526
63420934
917048538
914103560
799991638
2250947
283679316
692617609
644108121
987359060
163866891
14620209
979808565
104765894
959347685
651338118
357829962
534028349
423612689
230997961
78647192
728686356
561951421
185116367
833267477
979086438
860648186
566554763
755735769
771942672
559972751
591181199
216170521
810986851
827140337
667658443
356508815
806208615
505669406
362357405
6656582
985096664
996366788
132289183
931256548
803669409
724909092
538510308
400048798
998816495
343648839
860195978
832505135
58037715
574372978
873773146
15991350
844253550
83188364
815735672
298246966
120179373
386525817
355262624
574806973
822127256
774598646
268560652
949786272
638106678
570544065
248718384
605920620
678473531
263465277
980632348
883449454
655504208
8014273
8988632
253775252
672198379
67299866
865434538
708929630
257723577
142556583
432300986
967513809
796200873
896586150
241633382
83828920
648854123
2422102
476582627
775527431
483629282
399607455
815705370
798778933
994747120
899813818
235913863
54008228
45845944
778428237
390290548
212519800
477350992
910091307
129564737
473290492
767938620
219640362
259841684
923532532
44551392
820357532
901903449
527341901
331071798
491011866
315344287
6775709
312602947
112056816
99801528
15617746
493980080
590687701
843235068
914250856
790555443
291754611
957135899
846340902
521874518
675104207
465099568
209167891
581032366
814576894
490078951
586361737
792396978
29791256
345530807
221903120
679179210
527018381
42345307
14284992
180553620
572170057
337013004
227013749
663515028
629071274
856193521
494334862
972369106
821421182
340656984
281596929
848907635
509081611
465044061
698327186
908243854
6947223
309926411
239312367
443429126
666995404
421576015
757148181
100709960
763585869
107389298
876747505
505813835
706166320
942282959
259274766
522313698
843835381
215429328
260376679
531761963
693913786
818593851
974902912
893989127
6080006
690251656
346787772
934568916
598516620
113506031
369973513
840539248
474824244
397816359
549746790
514345755
880522607
885580148
454051932
528949094
452052582
11260852
620985889
66192658
315112141
386953480
662369605
111452559
403159289
63572559
823967560
436235610
316241142
423198372
305415958
460793561
861746642
742441032
711634453
487788078
999151655
816494963
750809742
687506715
850208027
164976522
965118512
568109106
759894527
366464482
371666646
736765798
127188611
347445765
922325641
622845722
184890203
806402619
404765034
108069934
445879863
187890433
847135463
519074771
394857566
237216146
398914321
956166937
658696018
538558606
762705674
944318404
595681942
713685394
442608142
785677410
824703323
913967704
832279247
31857636
738024753
849418592
971389937
138186737
944676601
512534381
968255297
964191724
350795225
339521474
796182891
881907505
89312447
251555310
893533653
296094491
498307399
34483253
730063497
240730784
935883305
617637300
376155621
95438073
611001520
937998290
388515262
973467326
455965281
191197953
973404450
634791844
400654769
424933810
21668683
701817809
569482080
747787494
76749865
152861674
279808691
815015620
70615364
663749659
646012167
595883570
446084726
168301457
834391851
955401537
108340918
906625744
770774412
867775857
712062519
752882176
114118783
73593432
242113864
748577331
551541902
934986254
618996832
183208976
119051268
213244514
777952554
39415127
998592916
436679254
169735695
226726688
208801270
13024140
546264301
786789303
767338483
812812187
811998257
255956460
112367359
241007124
426790731
692390486
174431551
515336517
157662871
684521713
549390940
968796151
308179369
886915961
580018867
939191819
231058620
179259135
858778569
273024506
106686393
442139025
562485472
898703222
44260497
209332545
73745494
486657172
552752896
452425071
676323837
262996891
557474189
560122742
728759331
176638408
85707130
20178750
951855942
298290712
695045362
985084842
563102367
158588424
367333956
679436057
985569673
811795635
534857385
171259724
502730987
198234056
571879625
773673975
776137367
115643833
771738516
589232531
579783879
217431824
392560918
297476842
160465448
651695946
443811111
321306536
231327309
905664468
122465608
60860018
605173281
515643546
585219500
949871151
798201150
369389828
155107317
486666136
83050939
978273497
895886793
802511222
421777058
354499822
859589197
82186738
518822773
14278679
946907942
486475074
197989335
453621970
888036892
214119463
424646871
8175010
654953680
167041615
409560398
744322741
7394882
209735778
905675435
362332073
741861861
741942086
409758914
329632962
913643165
604552636
367199762
434868465
318454523
567170796
527442819
183950598
272830609
313108509
683261805
771377616
449149118
339435362
816668029
537196608
606182809
887275529
995409626
653659331
346312636
952055928
515925090
731973196
279832779
51769457
298053187
7450535
793409509
825002373
582049605
226403634
379255135
288449772
849708657
535825018
7289668
597187952
172689555
322386077
676849669
805673172
225140515
474654009
48684003
283057809
404697111
174238155
745467337
809332285
147199609
947296666
509304897
248561590
489482058
863269026
712214623
950481140
714970829
473912735
651955963
775168640
963597680
551827850
733090994
508617380
979432927
217203878
450100042
732513298
510722273
240629041
37756476
552544153
241136085
983857528
758479330
991908791
426851073
779498902
804196549
37418028
944021018
771337630
972843797
152076596
720619026
165945839
103049439
690828613
298835975
200379627
169767489
948525031
520204273
648691945
750617594
525872447
541059404
249747632
565715729
518241010
992690849
778194793
456935922
993667317
568755235
377308472
299931901
826543376
970723598
423352258
912588927
689226638
53324944
84281951
3061178
245033183
321700441
447548707
433507952
392608815
273520446
835118036
340635570
891213264
67915657
484095222
776377667
450305932
631599397
312923734
998794904
740404125
979013297
401547548
139657642
251758352
454627859
216499293
480875279
778615826
362137931
761940470
829121084
872563377
366258176
270496236
609982103
275598455
248463909
899630982
279682800
708560516
255737486
438299392
941992804
833493595
754573167
2134633
193001646
398629939
555825783
170162958
826311050
426494106
974158999
121206722
239744521
481319529
959706501
909079903
447655519
195419228
786105351
562161507
363343885
597209821
814252433
989350661
499888854
410748541
470331901
978926083
197650276
793427727
656122296
324594797
906081533
92074379
997616094
899718968
342732057
88517508
231339140
75637520
394796134
779210473
713697802
751863328
721728409
272815583
171369146
299074391
650425548
379688336
885029283
918010955
955396688
774839093
989165802
194943604
100281087
974344777
894272941
756153865
784610357
886585504
188103681
833222026
921946345
74453666
696628804
872257469
194942895
951576436
457262380
369266343
853833260
80136192
668371255
302691799
102632544
375393829
683907595
408176264
458028812
602720441
784033931
5912345
578275481
947046639
980268264
306339559
211522917
510048696
887851338
450791973
135180934
293575637
284574934
77467797
30365592
277787298
342011323
292366549
15325276
309130612
405031956
859911657
449739223
830212574
150236476
588792701
565099298
742664031
643662489
895121457
585010700
362749391
172316460
87859817
408729004
738376290
963477215
762360678
772753228
37954530
563041214
224414949
393114414
900866182
936650734
955353565
887505043
985101139
53423055
424086601
870585633
186943328
577066404
202168968
703570222
690992061
416989059
99429432
518789706
783449505
44038602
409900015
411449145
208095412
836152177
917141437
683640967
502374937
347183286
386555002
590518671
112907315
549448156
599897244
233940712
463664559
700337568
31512605
311466559
43731227
764462632
368359642
888897357
425129820
564621853
270229024
775130224
84332152
803076378
101846398
80311979
793320253
222212326
347085273
786939657
801201507
8608813
289105775
167666901
839941004
208343541
432031425
902235317
247654305
745799755
244925585
55624885
17141939
882950169
177103101
381841714
651827539
18981884
39901634
392079491
680286898
710415260
187604577
418494178
89249509
769698096
138778979
852183673
812037469
103619105
843922921
219215402
436356774
757630151
160626571
61373012
438616753
372334775
664218147
993990871
183772347
89481581
578068293
795040935
8942796
414902406
513067329
48161912
773639420
381584394
842987724
860347220
480930588
45266019
900271385
116831348
333525610
529872634
889301880
448883870
394420024
743527227
496314954
335778247
629282379
477484637
918660787
583007453
379028515
424835959
976379972
923754374
156518966
211374859
990667838
526629527
734789486
588284924
840033433
778409495
557436725
662157711
106396655
812973171
918529315
425259345
990669918
891194847
902503226
259026383
497901973
596470062
410420558
778253519
228075495
870512571
621801713
250969440
438895170
529168498
846412837
738367633
131637515
699264834
444387796
559672825
559403757
826244101
498467798
938020303
135362738
265663400
535242051
862758624
832620757
758536583
731739004
623122529
82705143
222767717
268526447
844609382
531630669
316301847
531581616
961880098
810140213
196504276
959251087
720561544
672279035
780950589
95643975
887967624
883648758
130114405
83237751
984837705
724991546
519478284
475329527
685695543
858982326
107858403
593024281
865984967
528121391
946070172
845865324
121885944
855718988
496591325
402358665
671844229
805501241
900616407
20161191
292597838
514285582
455775528
323015112
566251955
703140953
881868211
439932618
638120141
58188144
509989876
233858650
442123706
414377076
970431445
848895475
378488689
965387230
580283123
4404481
411083699
174649006
760853564
597063577
207841004
646008011
866690165
706571537
558789613
100563254
992308760
313908575
117196858
969053342
641799187
482430760
12737134
793391930
46017420
437507906
100030437
534198875
628960927
933627338
373575341
518038301
487704385
224578989
206456482
118518329
583005354
48612195
368095919
496882193
416324854
249801727
378535148
737310936
431388707
523225804
168977867
824173214
945579229
317866584
174017482
261946029
747387572
420938524
622780610
439951916
327818753
241185634
505796226
35293138
796118841
642228808
758716911
818577511
737471197
468042889
648192561
848029295
344251023
182866767
150561173
113261067
880156111
405627569
430882419
246442867
675977998
584149373
130549880
81378693
511835242
610036795
612154158
5362696
418954123
971596666
115190345
276324376
395827521
381020084
450159782
798583488
734724465
917516753
384936938
956660324
881148390
576629510
119749695
82786455
770958835
645122964
452570043
843642620
89659741
480580487
714540975
973418409
172310771
52184536
101326529
774140818
83521768
407387916
992354577
414677623
844243677
246773868
895986081
485847566
914698469
933048335
318630751
828084648
801398216
24186851
20621669
44186329
715933553
761008944
294828167
588284723
768719470
791248378
901991044
792752959
970743939
912886886
150168804
215991014
221342215
567286159
643665190
49041475
925854334
604295528
471989329
760935689
607712971
50935999
424197712
962138435
417940898
754326612
886937626
96163584
824138427
200842993
899466337
824205546
381332353
982311503
795296024
141252267
679465123
334365191
173688983
659169021
201619891
6546997
645062035
667629760
11446859
898885471
645602214
820728158
52618111
739980135
651803183
987457467
291617938
481337637
487139748
907041068
23840279
927712151
662635808
606446830
825565608
510037233
919628511
677289614
489888056
497418051
245365591
774435507
896551499
549810543
119310959
766002993
693033732
736957092
694113214
111054216
609247523
831966935
408205675
769263781
293178692
917284014
330490477
858355072
913948306
196255831
699778975
567928916
964198390
270610983
380012952
194942039
726717503
807792004
343126833
848838352
378919757
123407165
765938688
317011497
9781402
663298550
50247753
463204958
710401238
657894751
184213928
3519870
494048351
998030662
963454257
915267027
801221280
860051891
21647722
267810952
394792685
547351376
623610627
823939772
107100218
618880444
123329685
860625708
355755673
589844165
222156812
914250521
905950986
28777439
433422237
577758247
601340368
778940978
309618893
819703365
754401453
223802507
654926802
592412781
438668341
274333970
698855113
95586895
884215212
495801414
308982691
40558716
289323606
627970093
807209332
501080572
226694520
250387039
740312060
817814460
927213456
635656075
556640220
920165389
353836289
450678419
33569445
959696524
658672487
121316821
433602268
709244474
976629209
231484886
957983224
784957701
681363990
575350206
385965668
78953650
534131527
472672206
183491184
68444114
156883796
783604567
286884536
722045158
702960121
606774680
608250365
312005156
520981046
275990868
884366524
797646981
640403923
219103968
806965048
483111712
8331128
295367319
930940353
447512175
194820843
773326061
264435251
711816740
960080149
268068677
755260259
976393146
278532159
825026090
422316283
615876570
423496650
169013170
836066126
146202645
277624016
354826153
877049812
12562665
15480634
875667056
898979408
552831740
57436092
69282723
190663946
895082682
696438875
277230822
695558453
828980498
744005078
894235714
849169131
357587839
64279640
825679385
145776120
957183068
581764440
420069065
634920402
180302081
755820667
936805206
440699321
812968589
493893743
579453823
583514542
922751583
467721365
979647055
440087145
49502398
881713934
647888056
957091594
8731860
194157495
221110267
410213548
118767325
219340600
852557532
700387819
634090613
337020451
792926399
872945043
921248136
265678785
414308243
931142044
423026369
506621708
96724347
892673996
305121915
881039930
122480479
980025836
712102423
304457690
167732771
399329923
782930913
697963886
134694963
875057008
364290570
823258876
102703448
778039790
478458490
789891658
571712336
396317203
636012960
822695164
147649945
609601575
371514827
93236061
660786463
912294482
37669628
965081883
791562224
72547011
611052980
729837638
969454212
821424898
971308067
621637407
203718927
842407519
330486608
788612658
603906768
135332805
499675221
389516854
772411474
833225516
879461429
585785252
712165346
581587493
916899794
931853688
152839930
846239600
376403079
143718429
997168998
413474958
236063149
977947258
684545834
420368975
390392695
923268737
609327176
572225493
316085730
621317792
972460986
700457900
265555053
245095217
517529688
570512172
932522481
313964182
261944350
101483188
23435698
898802955
356277015
556052790
710917797
782061639
452541074
29805158
407232450
523460655
733778207
378016478
1335156
493045628
720441702
78346212
42451205
744726169
757809296
394379867
145657480
642109293
490052720
257087346
606922025
27991523
543955502
436316997
266908714
394732593
911503397
38992408
934536162
212874686
295910169
928790346
441200108
288685076
248361132
322220527
238784825
228287339
34048865
802764658
474711599
202314976
708360842
742284674
945603313
587428296
665557232
674327562
825621026
599608640
333138484
149309060
661536449
879808206
376200898
432238658
400263942
375581756
541261858
910554274
944845554
960735726
686516145
72743304
809861866
983266793
407914999
895562472
407996482
903582262
499799140
487305427
660218146
802483666
950462720
197386683
850776641
806460093
713038130
551242389
120355707
364505479
814160325
58039825
447167739
396178916
626570079
611446379
111575164
220364830
462492668
929700643
839333770
868060334
844828394
538542843
521874164
321375302
6383601
981856845
4019961
571566869
855529941
136339877
864681503
890059222
336859789
122445120
7950050
24021305
780203571
643603200
477644008
309239152
846104102
791478037
618494062
606033161
540480426
705244185
163841467
406490772
905596059
259101725
850425595
436538631
389108210
716045824
815403760
694600060
551268690
39632032
779368327
90938498
864882870
775320772
801220408
638069339
449794029
289460606
991331183
285769505
464952220
849254718
603548557
103044489
217584852
871391659
895870125
472986113
459493867
461914258
220350836
364060326
322599501
787769447
349622920
716408802
9021117
31834460
348340117
4565928
917007397
509703780
37657140
121873315
757821769
292385805
747125272
824246155
406150025
122154985
468419462
171235187
962606949
366668664
83387873
793135083
986544096
37004331
727669233
384662459
12687934
192076241
149381982
564034034
452638146
318558918
695066866
405243897
8601223
950636440
829805625
685036834
263846827
278487267
552257739
728971222
412232396
177151904
823870845
947211241
432155489
772400950
109262926
313115375
327686728
507844996
292323135
87789953
432483463
269556280
686691527
70337096
58814838
960903435
505743918
83970782
375607596
304074805
638447566
923371009
175541293
318519691
184149488
668012368
26217757
880310210
698374588
355399111
966920062
529694295
280568164
182885184
992799456
76540947
902836261
417121581
784223275
376911050
523055691
416630921
618838535
846879842
965854824
202566963
285731307
785083995
671606475
910557445
916837229
108384490
781054443
821249574
920442929
833703587
671790819
605410998
531046691
874027247
415677810
220243324
450602025
746319443
318328685
145796403
893474574
870296647
40697522
571302377
622844994
495894054
479277081
605852967
290489975
809320202
725483186
198187414
853300561
800161234
887850230
687272741
716213480
493291182
275593583
586792452
974424506
248426136
587472185
221445148
6101033
158821754
529935657
909458571
148608618
688617469
660289129
668556533
45060108
392163696
710594454
417229065
923288439
569905927
351859820
665055732
164399510
616145160
488190536
925551276
712359610
985761983
699976482
292101710
472515047
28497855
81270888
769001493
749714334
595027051
201025353
654757425
184239714
942806661
506009081
26021454
845229776
778742582
651083169
660321682
818423709
409972847
981557284
449941736
411100577
147902512
783906335
39507508
37448815
95118562
909478822
181517587
915401974
456740141
889378269
235394071
865531104
60923304
100819532
217511443
725897029
584922372
462170101
639983260
703402052
432071176
549909252
146893147
907601944
800881280
107014038
663848220
501534668
308124157
606986667
263018535
168213141
328700436
353324750
207742194
58336205
658702777
660942753
726204367
458790149
260041762
464383893
534733197
52423078
339472968
387050817
274470663
483378694
951046896
464378976
679464498
181490276
529562272
902828319
363475033
305345255
186129662
296236213
623177069
965948677
286014357
338951085
173943269
98081718
868301843
828053608
37454743
787162789
770178367
460745617
616958342
853128746
418145180
817378665
914524788
596687011
234161415
250331681
46967362
123113373
958501200
464226450
607353046
690814320
156178949
252763259
680851501
437993773
9489563
663110994
331425463
585792058
932464053
725499040
578176823
477495360
759667023
272506124
876866379
471922742
112518172
506879219
702196244
415722358
389621446
565770109
454110992
939108888
107364530
255124921
378172320
975598685
503425400
543911386
502764398
71950272
64813602
981234250
443883706
476056403
521095788
420613904
190931762
276712411
477834004
532268488
839486274
848664731
436233146
573861215
503534786
702607728
946985506
548855591
244762154
778158963
567447401
4867170
809886426
242263265
177697497
776174513
398203556
420529211
791408753
572045250
49396732
106647335
219924122
329576854
351795771
79433805
371916795
458015527
246633621
485149487
24237707
858376381
658229089
748126356
582420196
559016398
310705673
896640191
431824902
925111540
879784902
856068639
773988241
433844294
258069293
459522708
325210642
255361108
856239211
363728851
244943183
806531820
391740584
691371251
623241536
688774705
53776877
5871973
377596004
462842753
124995629
969420254
860209083
526681669
744859172
951504597
915416257
572282570
364832931
510097737
996717995
612054888
944964035
536510828
622577799
435747777
904746601
696007047
451836872
368466604
140972414
639050745
59588185
387629200
787888205
464136727
450626814
722748511
326321434
161111592
521380214
874880256
289987332
545054929
921813726
74683585
979244601
95471924
683564731
310098809
551861416
377267994
550007628
212178404
190060235
477173610
790218882
116385418
663074827
91671872
825170435
263958927
463968003
405216996
723351509
369025176
259060653
76073698
249673381
376509450
35018939
152306489
15743705
68571020
610667770
312299503
54267599
461100288
117753196
737616469
444963761
229087739
27472605
130275887
836346584
392580505
819709206
266268325
643451941
574693512
479288208
38296214
948325730
968245114
509184125
406672519
808390715
923540973
744749441
72762949
237592745
833123268
123922726
303802336
398377147
764195666
505509435
803874694
502859651
25162997
681233249
936195620
381876642
24238050
92040977
742767600
925624277
978317841
47613388
505081948
128935646
358251563
659481579
252146294
751749507
21117281
519821266
433223702
488886132
452965409
666666883
877374363
659863178
955431246
902295071
28853956
811518793
674065134
627260150
640418556
970737874
192553982
679163521
952034277
724229295
652672089
419280559
275138844
268913495
777834799
535946211
263850314
175990412
509050942
734025888
419986087
800441770
39617410
356979810
444055065
488789522
598208306
718357634
961062401
162113273
62687226
373699797
956869721
737357408
960367047
826735949
246493937
911563874
416578026
616565624
762205501
873888166
208138794
210359635
94509908
864600136
499122206
778610835
973746891
881463490
793999700
428352695
146560275
860090472
470900530
220748673
681477583
508521763
669585580
214050410
15012315
763505363
444332181
308943265
919747163
829708861
513126777
755711984
571696505
244157637
851786706
582604476
444454550
448691418
696118917
740862248
878450094
206529236
387266107
695859894
802110943
810496348
857437998
300126638
506206394
335001050
55771469
421555756
560164350
106323971
713169504
269801661
588160182
931615309
321668344
388057019
543981077
651692661
865731544
954868498
926252982
281301716
799056018
54095592
681233722
136103118
494100998
38444470
18200184
894211361
572220562
270963659
763976721
210570707
145634620
792174290
483346154
624747061
141786663
181063128
478152443
851427889
893984356
327749673
480757485
775230495
330888626
532336221
256223919
178233995
410961297
892656410
812902615
345911614
369463338
886238988
794935019
775623478
280052292
935582524
322233215
365562460
167460354
592295919
678918202
99463553
497120816
462931785
455081414
832076528
118242578
130031238
688763918
482170298
27906945
911840281
825840010
899019335
918467334
75370937
74515082
549673353
889947105
458448008
980600642
947754085
627042986
795091038
669393114
950247444
696346047
197000604
563734486
580581555
344011251
929637102
525807242
516867737
115496004
249650362
618423278
733963886
261984004
914064043
762818885
397457433
190108011
675239647
750088788
112282935
214945284
486212623
717564083
607018489
200803849
163342168
354190085
464448345
237676907
193376527
843011911
887535062
114854391
245493120
800512295
983089251
190692971
950909464
952774970
621943225
498284245
144853965
109316664
683380903
291438653
182062038
75205213
794160153
197753220
480600283
420184132
378870223
860518180
80119580
362914957
155368096
855295248
398808064
18548722
256899461
72730240
664873019
792526748
78098138
591884717
731806605
65933900
72474735
749430774
522391739
949212670
310989203
567929205
650324266
902542889
916244853
328293935
275780779
787497918
709469598
418811767
669823725
197465080
868382969
273623910
291985937
313295086
395262525
32888083
801470846
485097036
7037102
87530507
384336404
967149202
624114896
703151290
931677747
466900211
29536427
225852037
216276182
844871510
558077784
744950349
223486743
268255382
663746740
434798512
165849614
463759341
131991485
662938124
851864656
573545415
919025994
665849778
545057903
2361520
674510401
669460954
877342167
349324601
889062282
80006516
395906069
627299845
253200284
246532962
555347879
402723391
574277684
235599135
539930691
515731154
939218795
920057323
879663516
77543423
330874934
161545295
700047780
300677316
870823620
42276215
102725565
561551040
474591350
479312849
155936391
705692803
374676318
664044765
455243192
262215372
341759256
660602965
891464855
138167874
206252872
331624511
901905786
942154472
719745828
873834170
904438875
939405575
589712943
961310015
689025278
871106647
786193048
760830377
476845020
388834781
747230632
364349107
283134400
7689427
209159659
468457616
781087503
145794090
964506145
601992829
417931865
129089570
751890873
551873230
102041778
817731953
101076800
729168767
937979621
426718100
21893271
210484969
530606691
801894146
574713089
14692420
587635064
38595886
497325215
627492459
61787002
271465889
848238045
226429727
520018440
386330948
852504433
635660567
459158069
876840757
462460396
715053627
258135994
840584354
243889370
980599912
635144369
347845703
853043083
213997818
458993184
465901682
37451063
517175823
795824401
14662352
246726611
811707508
826592018
109886351
531464456
672504334
520548862
425929797
907790255
701921309
918587774
331277001
812562611
250329423
49101751
92391985
508907410
545862454
435477768
807418354
897166218
867440670
477506147
685273408
152726996
944033331
825737851
871781665
441957444
418603208
429886299
62470590
166404647
923246523
106266911
628235956
292385316
260223719
847404005
737888514
210508617
435202024
501959626
29818021
276485268
80166736
731903286
417741610
649093367
692071253
773835412
683568117
606321204
564985152
342024121
529900363
723302921
55001213
695150427
449303511
974751964
459280624
352011313
500581610
592918152
166134655
845422868
840600841
929106436
695608650
696103184
669308959
351429673
842504220
663943446
942822039
21093774
946081056
212989692
672917397
119768329
692093275
533967295
609783324
318024789
111068551
17872078
893545556
531793813
185920097
115425977
318678445
267653035
710975460
762197098
18657945
595196070
240902526
168859988
74711780
469495111
979562306
36261095
695652552
97299943
196883105
197708169
276268338
522868340
962518792
17762987
751421116
216204048
222375056
804507847
538101456
911111433
594750079
915976123
677547781
915713559
464583585
271326681
507909878
187655270
558545227
369692230
908032991
583357962
934891385
524437784
423137701
265503828
261665616
936648137
521526550
87272383
737275643
833690699
673025652
331400525
884299664
64320681
83709330
854065137
162393911
187980708
418558167
510000929
570574558
591398166
714864181
868695947
721078071
813254881
975833648
658858081
488607776
24772903
487587651
678450933
104778196
911707151
328300948
979975818
320810839
273953885
119939799
407461648
713504799
77405570
85303249
491866119
744223766
187804123
861877184
537926052
357337908
902507961
317006940
278916438
660235971
516923714
651596720
977146621
486651446
340214070
486424626
385555520
620033253
550519691
282892940
426151289
677732296
188535807
933099456
743949316
62180242
37706207
708430809
244732548
412196154
950822537
995240374
481566100
712412698
200309802
975144159
423300684
569861771
988956572
483751830
181386502
677687660
533383090
231152388
279876105
999802477
622896386
536876323
668416695
420968726
107259262
166022604
239431332
162457380
440688231
238442240
942254214
930373401
510659557
592858139
838953847
138270649
133436610
9985666
20333958
827322168
996210819
509897541
816000975
541236546
650361205
522388406
388105604
226876595
624248174
910305513
772585413
43119018
431170992
669645232
815351103
978070881
886203336
551156449
795021380
894799457
555928000
942203280
45224775
136624907
961615980
430502602
631211757
71681368
579547918
7254227
427359213
855539729
182075793
614025765
737304040
137845527
977780404
453022424
541218214
529672121
942620518
798151230
546243965
617186758
762087993
208558152
795107147
899771373
493568717
286104939
764153472
713652478
723423874
593965965
498580298
358895595
23850139
772858985
225020056
238095003
976467861
950027546
550684838
428680229
669020048
296379771
219136583
355545815
317496628
746643002
772444353
752991837
524598469
778037618
418537431
758508368
509619867
953114842
286972630
990027234
706797327
562274125
122687464
614949672
226833685
912104165
150941708
937839680
328103891
179486661
484055985
695079350
642581645
582716606
944864096
786299459
422947051
40597622
621290938
416500989
354495249
721784407
573776977
635660578
272487894
245836901
167164167
104477089
316773268
454129479
600944825
794098869
422066659
688414741
792194026
969670280
806451655
442658075
792679792
587188202
786997445
415061615
429270220
307763610
578787402
294979233
905618310
549734629
455885322
99100939
209261080
238226984
388357569
560649290
342684306
962950105
594850820
770228452
577239339
530753304
535616624
237427778
965411405
663795681
987724908
502918491
254011845
974609795
471344453
697964169
910913384
777759317
861841317
303364545
46620242
736839726
329283217
282121148
219449271
21782499
970244895
252930372
483777434
241365457
490026755
367759356
765390115
77809390
306877954
53816638
959189013
524880342
130260700
113305606
186499665
290137820
958284929
304804741
656409564
451783223
933645212
762143434
122966416
89882031
221526782
203505749
178336384
769377096
162975171
986479439
337085161
523836259
551522583
156307596
335790273
979307213
268255756
358703179
86172309
846061397
400930597
898493715
374133944
545666504
626371745
528236817
152860400
181791156
504914948
840099012
758161987
56160660
799170003
591435335
775508161
836563419
495210608
548558101
19511797
228077416
581963339
901057226
904339199
817790302
686876474
593069075
73168929
584847953
876467354
616609139
202793038
221410060
853885089
730620734
722488227
295352654
567881104
611168058
992548711
432242563
559377819
965368080
755270707
304323874
855147015
450867402
354259866
799573670
401709586
913197427
551572135
751655867
135499352
485891012
329821889
541891779
348030034
721779718
635038004
334038992
520126045
272403013
818606327
832990344
795007643
869359225
714325682
427167013
835777282
993731608
419855876
317963662
296137300
395043261
708342097
904386733
655047924
773903251
782377320
642376925
892719607
373506224
224316035
160724720
475310497
262482575
869760347
843373018
621562041
647732747
94978804
696586578
961041074
560284247
272461291
172555108
719630981
331236251
654116927
733220235
432291193
719676797
254254978
870994083
374138389
928055239
996742916
474597902
615773107
905387672
505124581
780332243
91038115
970119391
67790789
581941150
484523697
124041559
3690819
798264561
288262279
743349772
553972097
478937503
581192825
481712154
472332886
2247393
690758410
947593593
728403650
732153998
410357514
192849617
542571568
686145497
734627350
681386581
952444297
713911339
303635856
824404762
990840436
128820182
140890678
194534861
224599317
108259025
523935127
221230367
21582798
341646093
870091931
432032620
951764053
490758243
306456441
60549235
843743397
596657895
576659388
535716911
359047269
754148788
297520495
847723862
952786970
797423367
666448065
944822167
214957470
148102789
566348484
236272338
351446462
333897169
375439612
858070569
254582712
396910137
232620433
420205673
721273173
672225136
709204952
44757448
714026433
936190609
851802978
27127705
385852816
354103549
825540763
125322236
504836890
962289392
41985593
899530057
863785387
143910074
988718251
387501344
201959866
75548868
333665166
829688737
817446997
524969503
41217145
519483155
882700332
449942865
392448168
135169293
987530670
476578127
902888174
805927975
754871688
921609884
842632747
72499987
204749368
790643643
577386767
42905001
328147593
672702423
634742454
422061471
923382076
604777568
632453852
760588165
565664377
982537487
593060293
236143345
424720243
59877086
811577210
681302990
663473921
994002077
718246696
227391734
345328552
781009815
935796381
840524351
148442366
141567228
754220659
949478154
721377561
153970297
120645786
599927517
337631954
603428685
510768338
331133173
681863805
268312679
126551495
315315730
729223027
870621922
795695286
190429825
446271415
428491804
560651394
368502774
859892857
221845125
971593647
492555192
882542252
543801013
226553094
314777986
475788297
142482362
616153655
439907338
597019363
990884763
266258855
635297628
14139360
458359669
641765652
606045258
68004074
321926832
743766063
65885293
889536295
273679775
258818534
955091645
981884530
393344545
71132321
385346274
176853404
457708078
67653017
580315739
7389752
310704263
455452523
84645450
341679680
453675200
948690053
395305049
769345982
776857512
443136629
680144614
895324738
719113223
32800994
672921946
683526602
672999718
311779059
160737299
957210840
771501604
742758238
30451525
399996594
929921457
349934696
147993861
145336902
643044996
897042673
850239097
608249389
324661440
506891463
647353817
930171716
909636076
352787927
636986619
57664760
762995354
778666962
616442420
278122796
986866771
900242642
947611748
968040964
99364793
776283792
995492091
698713663
531608430
618522340
77837166
777158168
780956645
550073421
566825004
767975867
666183875
258483216
976869957
535564421
721952964
321700529
565076817
248650687
265073510
6978315
102870373
259295997
636643614
340992368
6320255
698386524
366882614
382836256
651386918
305128670
941072806
672557750
57843645
276653279
340043825
944908478
570339465
240214232
421683667
403814692
727427881
101396466
590214347
152818021
998944713
984245966
183233377
961967258
360440868
431673385
181644500
507575193
424489495
232235183
867909733
576539439
723803987
73664693
690696204
968142852
165224699
368349993
863966670
918384599
215463439
769572450
592166893
185942450
435974792
108879075
299080818
612696135
270906562
361231167
702984816
744268671
88769312
362222308
342878827
773069170
860670799
516040743
937498594
169315104
326675511
102481174
728488887
985788567
173985942
119324852
339871913
107952140
964685916
244057935
602285457
793639813
491037608
945400986
539466401
936509861
660620001
674588673
200561641
647327849
987305841
931695304
103158537
106445404
105561635
217601993
820594833
652365356
582577464
410843529
868974667
250916693
442025554
504720904
931775470
979290457
205134770
294520116
830336477
245401973
560364504
262376584
741897242
905373580
309368039
582277671
714043707
531651467
62867131
895809838
996880082
113695306
655315858
739352368
48161188
638063023
221568396
274582738
902715080
186436340
389831937
514567761
816741338
213841728
356741029
840941187
249604814
71455708
344146064
523343735
270308298
522639662
202162246
517767343
434800163
826757008
419071632
653359571
819949967
583305840
500217562
46771605
460897569
289471599
1745165
433054858
461679211
884529798
488574116
458072497
886240497
337529960
114348814
978946679
318071574
928054838
873955937
836897727
526902957
270741301
762600833
18177545
807721741
761346050
178544611
786747240
695951998
798007497
151137060
413712009
32336307
932299174
948637339
718913581
842554833
425803616
853328006
839731956
960888065
872148514
122749884
214174325
509088825
335927101
1471350
982917258
959072073
385890041
449125423
713801837
844825324
57221553
972551
958545183
530798728
609610403
759341491
377615363
80713364
493474184
119534153
582583273
486449427
409773029
566534115
167772642
632987462
2225170
671885918
838067634
720358528
525364965
14576721
323560594
531336697
595287092
162833990
783067576
619128020
18980249
215900515
170931444
844589720
144760988
66643789
743311800
250312863
569034631
203001106
563178256
500304537
919652716
12385814
330889522
911811589
486672486
849575754
134438282
854630703
177967826
276485574
762610451
249654504
747977795
167634343
476162226
834167259
861521575
411898420
879359995
837373294
486176273
824536816
480167196
524875119
987850070
171691682
766389746
961728768
523660865
96979014
345962572
328728275
667078042
73599399
880314462
151420418
625921781
399712396
136885932
64379159
551388960
225437149
748694913
554976862
613993969
102384695
355865470
48966571
978721803
347648516
240080379
301658817
383570480
309556657
683378665
791141435
756914983
392419352
288779370
940930856
668132830
433010370
76231860
516060485
898113870
551998699
474262282
793341757
797816732
454550254
358287214
35026368
694509152
767372786
832742090
174863100
608464844
156060212
523735550
585209365
929604135
432593553
973973308
234497973
829868172
514418026
221933919
131125125
730220501
383675746
914373060
947868768
452268280
787806438
999435660
756582591
450634164
169989556
833979232
110421394
973174535
377793247
54678739
846673352
686893809
171345218
864610553
99684240
278952430
767824166
28504867
173054593
508772006
31794977
933346143
817163043
456182843
429741642
224689327
945411199
872069583
735350959
926795769
439006089
617118430
59439594
972789979
624419100
191177074
96108426
891043762
629341395
15293408
145075301
665284177
76334476
221004922
580910026
328129930
307144646
544839189
789235204
672400250
451302189
572990957
896805005
435280089
926921422
837000037
16632929
270121131
613609978
984924628
415655083
120412866
348900735
243046874
717315508
26409714
477270564
597374363
411135671
881280270
615226046
677470340
595966979
371647027
568779826
828353270
846722987
769080592
272869395
868294123
972253238
200924320
486476961
740484035
917139192
293093441
956595764
929965297
863247240
722501952
43469015
613570358
213778662
59265042
389225123
854421730
234998321
884660778
517761614
905673823
997420561
479991002
317576641
22329552
952633787
4414988
512402968
928252096
203178775
91257385
808228607
376485014
838027335
128914584
689512673
601905442
400981387
884055940
845331603
636940342
253788319
416677979
205008957
471375689
194460844
637740731
858803908
9631627
191645889
218573503
746787388
965313273
846744473
699398628
987821078
358670734
840754044
154385051
600595232
285988307
531431558
884205484
317530279
735940827
97579634
846321782
730921204
171566943
115975294
756786843
786296866
696070418
909536166
259766090
676194169
846739640
599690618
824757157
230703065
492739844
238819584
664106700
744238231
251121526
645518670
541417236
194935879
430029471
418202654
1372889
52894178
768854885
928820844
907374038
711291884
367344211
171204275
249539345
485472427
984898984
520169016
695730103
330899832
938922939
400737348
700083772
954235745
490571629
323619623
352444156
236216353
336323957
991835910
349876479
256746386
39428987
945139369
681083879
876256883
445106829
885774906
625153473
665459250
584726178
442602421
334657931
288341127
161317801
931990375
106529661
186632777
743016081
959409030
313407204
95029890
219167691
26809498
251908774
539128644
740785370
593591924
69402012
633393112
117115580
778949461
121402707
303662285
808121746
922081086
620228308
812724914
712880701
178270051
361600072
486091530
474466106
405301508
854715099
456282831
882379279
833282854
619101883
994153961
985419763
183159678
766988419
682446290
134119413
238199023
301786197
750223727
826476733
154639448
501059778
207218846
209983723
183003610
360452724
957032202
448924204
841601001
366941250
209368812
287406992
866891469
565430557
710817354
89788842
850502159
546668392
549671300
586449328
871937006
750610724
857430991
732949574
654003720
306576936
491992994
860013703
196426310
324501170
485785968
928296113
239066348
850882995
312355558
808671881
91109505
820320411
127928267
99762565
62276533
579329719
123237703
916636889
86241195
803505333
341137313
522072961
584946284
369658812
472553575
736712285
544554388
523946133
683194468
756822781
162420382
555224578
485451062
175374858
606691830
588817392
586164317
932994127
570293507
312068764
964044334
415352447
357950109
923362505
346353318
587227430
43813953
687267348
372640006
22647488
216870729
273772752
367599921
427721897
187267691
306492300
767452202
351712713
694161011
268445840
332448470
923223037
690918497
470079274
553446652
911337214
456460187
624376364
751900521
245644536
171936399
883785276
819587338
913726410
884924377
792456038
448317726
785262699
664568696
170355687
528645921
536786062
350039012
112875152
538756500
580728929
811568399
20391609
78335219
728452491
969139422
57672778
209700157
709371579
184727208
396210535
499153418
879593603
276428387
719790269
905413255
268635101
520029568
347833152
368907793
905365612
862033122
65215637
888184545
920396643
649710232
862671315
356628738
583671377
990917857
591667579
419207796
296301358
364480373
164483093
902528629
752168610
678366474
370930183
848433341
506297709
763992769
666416322
421360071
532013466
782955269
482897541
478967499
170489382
522880580
684790937
915234170
97606986
535312984
530079797
895134286
439692448
270850283
242334981
519838411
223646874
782492602
245578663
741551039
984766916
961741349
484031844
117400126
591337327
593652232
807322268
312985974
532290556
999071416
999386793
710421980
287153919
96086802
481452743
557774315
596075553
213537749
430168175
273838906
3442414
258631260
974554541
840610858
542535828
498660529
641535229
57565172
896151299
463824302
703011292
870157174
644189301
115670176
900157913
380161988
481429538
6159744
278216377
81361017
590533839
320641666
363655549
91295019
419802312
314939430
522418187
303775725
420842576
417414705
641590609
61328352
193488598
855327360
813246318
579027755
46385198
665941556
493923077
72383970
684815686
174132738
130365740
612357878
694848020
717674314
33222097
88185713
368415240
509124959
658679786
505608687
630961764
86170870
790676412
712304783
870621539
906041810
285508613
363894598
708755101
236254077
56767274
223613835
32087409
258104519
370877867
551208467
412837436
679421315
1193839
779440335
730998429
626570765
763553334
782504453
115751037
304749904
938745998
92397781
169986565
851364453
792023385
217446374
870042250
770620309
17693960
225405447
246885741
959207013
113029086
340073451
721686124
110259778
823170244
131945657
137091402
383734080
206388748
84579909
856000016
349466318
624415443
969054995
239666914
732341823
169710511
589176434
801237628
392785722
742752707
887080433
581908824
21007342
895429947
957640349
633423614
850074723
244160140
312043942
979694012
253282955
103806540
904062043
717507902
711925123
751522208
576924468
544362324
815292177
515723581
776234444
77577109
287476687
320423928
10815690
142218346
924677677
134965751
861847528
530126453
420556231
23977485
967977864
838339671
562718897
788379822
441987632
27606437
636420163
425544112
164472505
140996266
987918124
94241979
634240416
785978732
518840123
178383257
663891835
685148950
773769301
348982609
400900957
197890122
481257398
599157152
748666031
971786320
86599796
269409933
561073475
788870105
938954237
210115803
204499711
962517442
875588886
454000185
419068719
948200392
294839834
893051929
849175352
842862469
59538017
495250970
711061777
468922386
651345164
704451638
287055643
430579800
838475147
695970535
265143430
742182990
77577826
135561656
977203740
946367127
310224134
331808692
867648262
817049484
989789842
135061299
504073910
951086700
977107688
922925984
983679585
475667996
971617890
798819081
951772521
396533988
674234748
938982308
387257306
822478213
474010304
778306574
756306543
553082907
545720932
658473787
128725594
732825653
305804443
879565625
80734296
120239922
110552426
576729138
232385429
737701024
600831883
178668296
224836683
96899012
408334056
3503948
975601781
853966844
913525900
167831622
632221449
983783982
90032352
368346560
627486463
776935070
57314892
151269017
459611768
265639294
864126531
710542696
19530010
63678917
381136644
846212067
478647921
332437339
669035662
171900546
421386753
58315277
382092798
31804112
974914695
246092999
557309840
671372684
513229961
527799356
360894521
368547956
307048639
507029524
11713567
964600425
547308812
323363906
115771318
785713674
206066203
658877609
479822764
21627580
969671830
729182559
495447837
857331985
863900453
177566052
851004167
910826666
369854509
533325408
165909545
40005750
110022807
616966208
758372916
868208214
630638156
199518203
556683635
604162326
510747075
765790696
672913039
671401920
503065214
314092629
649928686
954419851
217874889
517279541
406212593
280169275
776965750
708461230
690293830
243340565
680351102
662218792
998762757
62057380
354805204
57980300
87531073
558146062
830127259
250849152
791842181
631613541
619149598
796309027
119806561
969586243
82120805
144719864
531331880
719466201
181248120
632060182
627927008
753228094
48507604
223903174
939467339
376814503
310812469
609476087
380083828
116202822
979466845
673253163
858956570
104946633
592969011
915414950
747654750
856154047
697945418
676771371
217662492
64925539
461591971
129143568
393285233
809826612
679723524
179761399
401395407
324003004
740658520
775319456
485662084
753360387
940983485
906987046
392227581
680017054
554662172
701111294
698518705
841409521
552847658
400084570
767270881
526875682
675779920
643069577
376593519
233889093
18140487
323676351
7206189
204116064
375952938
474004932
728446009
318134555
378445837
950030489
223735921
182781593
671305612
541304972
850009183
252934665
34635710
833835847
278782128
89796972
430229822
750923554
582481086
361530259
340762064
193954884
141874662
355579759
39167168
869272539
361130078
921483870
413187836
311545378
573512388
1286201
251759953
416550245
573413074
282001951
223843203
664547926
502126037
219592465
938358325
792188320
287425091
732248293
934653112
844638106
244007210
618226203
779724799
945612250
24540231
539021721
863805867
431274556
361795192
914878467
309629697
146896304
20538994
739592058
986162555
169434531
980139058
152137648
126306231
709200865
127714482
128169847
118783045
28135224
110743433
36820740
147777596
392753244
9769838
181014049
506644876
908888437
491848558
493895729
523470896
689461747
53672433
254891036
46956543
428988670
176067834
764515919
327519396
47236687
931494647
67030633
102629441
848121800
715969203
651731488
744798822
979556713
279701946
595874820
45096623
249717750
423514651
775598286
186022217
518614498
657226447
363411645
378254125
304256246
127519707
728774580
807044112
886878421
627057427
162223393
615299816
28692118
258726661
126072247
580658506
808658232
172651194
701912321
432122724
527808243
903845130
132394697
730299329
387673947
632061911
136810133
557079595
291436153
38359484
454976678
513402661
49594676
79252143
897893248
705716539
562597453
134041859
777492691
998593654
286986499
271675518
562493212
263221153
857612569
952658021
861539189
741747141
766778917
397862486
772646947
47022690
716527933
72917044
673383422
85479957
1817235
613541736
724749729
442808109
834581805
191779986
848544679
342026378
94215474
169493002
696632225
468318672
247320182
32037009
122819954
898453545
423032853
606416556
206500560
228200535
533170364
11654899
420860497
258468179
929658893
810905617
493319841
220910329
328736322
142802695
212115784
969456970
497526571
493157132
625117808
878973808
849006359
119483798
161864421
474979929
64231443
80120197
224452320
65454149
769219432
513814228
771053077
960587766
150168487
384185574
714100108
752355987
479364807
562270087
446449663
231448147
876683866
176812719
226810517
87443677
733902582
65842393
636107939
973636686
649807132
105861280
738672624
569185798
75350773
585807459
73560072
463427974
571704461
326205018
47191132
223937146
945391157
451191352
969079343
199142095
361604573
337688095
722048627
976383935
686556979
221821374
363395324
702184876
276170014
434687377
293249855
577445578
947423708
271331908
986137141
172549275
886175977
627759300
639359602
97758479
223841006
85532413
550005647
844459171
840224656
681708914
191727461
709419486
119362559
546799095
668074099
755107650
422094653
232447590
498037919
109840299
382449932
712840222
16132572
503288474
26933997
464604322
973924869
154854081
258524368
44070360
192082049
222109264
609116475
206802618
535608876
746388415
231949421
925291854
305296638
612205886
374351393
692337890
409351235
878006078
814543462
394191409
296930082
764572825
3760799
828043405
393818340
537478318
399498552
807520020
507409828
802949405
278146161
2259659
588963642
378859204
629666042
365025704
913290350
513784512
94220711
515221584
494713886
488818865
599811596
329808393
729548378
619893460
126569047
162547131
52893388
549608109
402924004
679629280
175490602
987801283
248794372
127283775
656092749
755803248
840461339
609479971
991215360
426183387
25989233
957896180
841408486
923222542
292724993
607947997
874236082
167868892
598204299
847245874
181478263
640574775
69019197
161415942
368325498
497150168
726968262
954867611
922325639
659001326
518031225
502894148
263284032
277339990
364793009
886844918
203601686
731914028
756164584
766789273
114582479
446086763
373922730
876176856
709950804
896036859
713058138
867108044
592038453
564428993
898401848
160064513
389523801
824849886
214063485
521496168
617914566
418238174
792999404
684659118
315206805
155315434
978861121
6536132
308810164
409760652
622061427
460279644
660408149
325096185
215159828
233917215
878421164
804743728
29718741
40433082
911006189
530593545
909839580
185399781
652681090
927634312
550515167
211401000
879583690
942742142
749444875
157833012
914998847
439153049
226801480
338920053
171187537
721707888
772072691
359345813
623166885
92382982
650478458
31257415
521329250
399141641
559700577
228507542
802443275
225467372
598419491
129887717
275596189
262881995
180136233
499029708
546732154
283595131
663606870
935599048
278368656
34481898
565482848
726478772
55758395
783729457
276662082
272319538
174025380
368187999
471920616
943238006
292246863
326309590
125697774
263087753
141185204
862297820
213918239
124570267
415632338
297081439
986544210
309058865
764348474
394583394
684012283
166801668
859158724
371693825
225756876
734085749
556138100
253993105
366978000
271653907
663310795
285664610
480794991
855699877
843760956
470359886
731252238
508805076
638753816
901860607
277592340
644717225
94628504
773304070
999193355
210294687
90884518
174197162
840440407
438699046
73449475
983609176
143627131
256477359
974751579
749437824
824048451
899372763
590806963
215515901
889574247
349859126
897956813
833270304
526282194
739722193
225205421
561915034
686318098
262983894
161018295
502706441
218634154
368544552
76746763
368489727
284146527
558659804
272195224
544231720
565497249
205240710
397609826
7843107
283984481
980464393
936083994
568914343
377055062
631496816
677627998
335212659
330940106
59704339
852908209
794935200
704438709
795902369
345120870
587290515
540028554
790536867
194307831
928311628
140723013
730143034
475297957
288507322
455866437
53647124
561865480
871540613
385599221
486967015
598463261
782176984
825013725
862829154
95570077
394369525
992909724
555621241
245128514
19652483
274134311
844876509
280015337
885681132
531708556
376671708
687353978
257097830
583611232
229289502
441202123
720070337
654328905
321580444
193774861
437344939
992336552
848701710
920243765
306725872
416258542
728810282
609185912
391083435
295130592
997100574
500136831
739506476
533115359
622952167
531751333
729782042
992185708
634364067
129556407
743419501
515902209
365789884
766136822
787760210
541889106
770760867
887482043
304692831
390272
812884840
427215447
515205197
792996094
791401868
325150896
224827684
499556691
606447822
410789604
966936182
666942431
492034506
292388987
105682531
995458616
489088765
272025621
364049494
739989729
153446393
724926276
491453860
885909682
943695842
351087937
760567793
733438265
904924823
950477023
469033937
616583067
772774560
769601841
266929894
886458572
756398086
165121481
557434094
657254727
558191257
809257952
885085679
716990553
978046105
990281659
223268684
103609873
43095355
